version 2
JvmtiExport can_access_local_variables 0
JvmtiExport can_hotswap_or_post_breakpoint 0
JvmtiExport can_post_on_exceptions 0
# 787 ciObject found
instanceKlass com/sun/tools/javac/jvm/ClassReader
ciInstanceKlass java/lang/Cloneable 1 0 7 100 1 100 1 1 1
# instanceKlass com/sun/tools/javac/comp/Check$$Lambda+0x0000025110152410
instanceKlass  @bci com/sun/tools/javac/comp/DeferredAttr$FilterScanner <init> (Ljava/util/Set;)V 6 <appendix> member <vmtarget> ; # com/sun/tools/javac/comp/DeferredAttr$FilterScanner$$Lambda+0x0000025110151f70
instanceKlass com/sun/tools/javac/comp/Infer$FreeTypeListener
instanceKlass com/sun/tools/javac/comp/DeferredAttr$DeferredType$SpeculativeCache
instanceKlass  @bci com/sun/tools/javac/code/DeferredCompletionFailureHandler$2 uninstall ()V 9 <appendix> argL0 ; # com/sun/tools/javac/code/DeferredCompletionFailureHandler$2$$Lambda+0x000002511014d680
instanceKlass com/sun/tools/javac/code/DeferredCompletionFailureHandler$FlipSymbolDescription
instanceKlass com/sun/tools/javac/comp/Annotate$Queues
instanceKlass  @bci com/sun/tools/javac/comp/DeferredAttr$DeferredAttrDiagHandler <init> (Lcom/sun/tools/javac/util/Log;Lcom/sun/tools/javac/tree/JCTree;)V 3 <appendix> member <vmtarget> ; # com/sun/tools/javac/comp/DeferredAttr$DeferredAttrDiagHandler$$Lambda+0x000002511014d000
instanceKlass  @bci com/sun/tools/javac/comp/ArgumentAttr processArg (Lcom/sun/tools/javac/tree/JCTree$JCExpression;Ljava/util/function/Function;)V 16 <appendix> member <vmtarget> ; # com/sun/tools/javac/comp/ArgumentAttr$$Lambda+0x000002511014f850
instanceKlass com/sun/tools/javac/comp/ArgumentAttr$UniquePos
instanceKlass  @bci com/sun/tools/javac/comp/ArgumentAttr visitApply (Lcom/sun/tools/javac/tree/JCTree$JCMethodInvocation;)V 14 <appendix> member <vmtarget> ; # com/sun/tools/javac/comp/ArgumentAttr$$Lambda+0x000002511014f3f8
instanceKlass java/nio/file/Path$1
instanceKlass  @bci com/sun/tools/javac/comp/InferenceContext boundedVars ()Lcom/sun/tools/javac/util/List; 1 <appendix> argL0 ; # com/sun/tools/javac/comp/InferenceContext$$Lambda+0x000002511014e218
instanceKlass com/sun/tools/javac/comp/Infer$IncorporationBinaryOp
instanceKlass java/util/EnumMap$EntryIterator$Entry
instanceKlass java/util/EnumMap$EnumMapIterator
instanceKlass  @bci com/sun/tools/javac/code/Type$UndetVar substBounds (Lcom/sun/tools/javac/util/List;Lcom/sun/tools/javac/util/List;Lcom/sun/tools/javac/code/Types;)V 19 <appendix> member <vmtarget> ; # com/sun/tools/javac/code/Type$UndetVar$$Lambda+0x000002511014b468
instanceKlass  @cpi com/sun/tools/javac/code/Type$UndetVar 405 form vmentry <vmtarget> ; # java/lang/invoke/LambdaForm$DMH+0x000002511014c000
instanceKlass com/sun/tools/javac/comp/Infer$BoundFilter
instanceKlass com/sun/tools/javac/util/GraphUtils$Tarjan
instanceKlass com/sun/tools/javac/util/GraphUtils
instanceKlass com/sun/tools/javac/util/GraphUtils$AbstractNode
instanceKlass com/sun/tools/javac/util/GraphUtils$DottableNode
instanceKlass com/sun/tools/javac/util/GraphUtils$Node
instanceKlass  @bci com/sun/tools/javac/comp/InferenceContext restvars ()Lcom/sun/tools/javac/util/List; 1 <appendix> argL0 ; # com/sun/tools/javac/comp/InferenceContext$$Lambda+0x00000251101486c0
instanceKlass com/sun/tools/javac/comp/Infer$GraphSolver$InferenceGraph
instanceKlass  @bci com/sun/tools/javac/code/Types closureCollector (ZLjava/util/function/BiPredicate;)Ljava/util/stream/Collector; 18 <appendix> argL0 ; # com/sun/tools/javac/code/Types$$Lambda+0x0000025110148248
instanceKlass  @bci com/sun/tools/javac/code/Types closureCollector (ZLjava/util/function/BiPredicate;)Ljava/util/stream/Collector; 13 <appendix> argL0 ; # com/sun/tools/javac/code/Types$$Lambda+0x0000025110148000
instanceKlass  @bci com/sun/tools/javac/code/Types closureCollector (ZLjava/util/function/BiPredicate;)Ljava/util/stream/Collector; 8 <appendix> argL0 ; # com/sun/tools/javac/code/Types$$Lambda+0x0000025110147cb8
instanceKlass  @bci com/sun/tools/javac/code/Types closureCollector (ZLjava/util/function/BiPredicate;)Ljava/util/stream/Collector; 3 <adapter> ; # java/lang/invoke/LambdaForm$MH+0x0000025110145c00
# instanceKlass java/lang/invoke/LambdaForm$DMH+0x0000025110145800
instanceKlass  @bci com/sun/tools/javac/code/Types closureCollector (ZLjava/util/function/BiPredicate;)Ljava/util/stream/Collector; 3 <appendix> form vmentry <vmtarget> ; # java/lang/invoke/LambdaForm$DMH+0x0000025110145400
instanceKlass  @bci com/sun/tools/javac/code/Types closureCollector (ZLjava/util/function/BiPredicate;)Ljava/util/stream/Collector; 3 <appendix> member <vmtarget> ; # com/sun/tools/javac/code/Types$$Lambda+0x0000025110147a90
instanceKlass com/sun/tools/javac/code/Types$ClosureHolder
instanceKlass  @bci com/sun/tools/javac/comp/Infer$CheckUpperBounds apply (Lcom/sun/tools/javac/comp/InferenceContext;Lcom/sun/tools/javac/util/Warner;)V 40 <appendix> member <vmtarget> ; # com/sun/tools/javac/comp/Infer$CheckUpperBounds$$Lambda+0x0000025110147610
instanceKlass  @cpi com/sun/tools/javac/comp/Infer$CheckUpperBounds 177 form vmentry <vmtarget> ; # java/lang/invoke/LambdaForm$DMH+0x0000025110145000
instanceKlass com/sun/tools/javac/comp/Infer$GraphSolver
instanceKlass com/sun/tools/javac/comp/Infer$LeafSolver
instanceKlass  @bci java/util/ArrayDeque copyElements (Ljava/util/Collection;)V 2 <appendix> member <vmtarget> ; # java/util/ArrayDeque$$Lambda+0x00000251100692e0
instanceKlass  @bci com/sun/tools/javac/comp/Infer$CheckBounds <init> (Lcom/sun/tools/javac/comp/Infer;Lcom/sun/tools/javac/code/Type$UndetVar;Lcom/sun/tools/javac/code/Type;Lcom/sun/tools/javac/code/Type$UndetVar$InferenceBound;)V 4 <appendix> argL0 ; # com/sun/tools/javac/comp/Infer$CheckBounds$$Lambda+0x00000251101468d0
instanceKlass com/sun/tools/javac/comp/Infer$IncorporationAction
instanceKlass  @bci com/sun/tools/javac/comp/Attr visitClassDef (Lcom/sun/tools/javac/tree/JCTree$JCClassDecl;)V 206 <appendix> argL0 ; # com/sun/tools/javac/comp/Attr$$Lambda+0x000002511013e968
instanceKlass  @cpi com/sun/tools/javac/comp/Attr 5298 form vmentry <vmtarget> ; # java/lang/invoke/LambdaForm$DMH+0x0000025110144c00
instanceKlass com/sun/tools/javac/comp/ArgumentAttr$LocalCacheContext
instanceKlass  @bci com/sun/tools/javac/jvm/Items$StaticItem load ()Lcom/sun/tools/javac/jvm/Items$Item; 14 <appendix> argL0 ; # com/sun/tools/javac/jvm/Items$StaticItem$$Lambda+0x000002511013e530
instanceKlass  @bci com/sun/tools/javac/jvm/PoolConstant$Dynamic$PoolKey hashCode ()I 1 <adapter> ; # java/lang/invoke/LambdaForm$MH+0x0000025110144800
instanceKlass  @bci com/sun/tools/javac/jvm/PoolConstant$Dynamic$PoolKey hashCode ()I 1 <appendix> form vmentry <vmtarget> ; # java/lang/invoke/LambdaForm$MH+0x0000025110144400
# instanceKlass java/lang/invoke/LambdaForm$MH+0x0000025110144000
# instanceKlass java/lang/invoke/LambdaForm$MH+0x0000025110143c00
instanceKlass  @bci com/sun/tools/javac/jvm/PoolConstant$Dynamic$PoolKey hashCode ()I 1 <appendix> form names 7 function resolvedHandle form vmentry <vmtarget> ; # java/lang/invoke/LambdaForm$DMH+0x0000025110143800
instanceKlass  @bci com/sun/tools/javac/jvm/PoolConstant$Dynamic$PoolKey hashCode ()I 1 <appendix> argL1 form vmentry <vmtarget> ; # java/lang/invoke/LambdaForm$MH+0x0000025110143400
instanceKlass  @bci com/sun/tools/javac/jvm/PoolConstant$Dynamic$PoolKey hashCode ()I 1 <appendix> argL2 argL2 argL2 form vmentry <vmtarget> ; # java/lang/invoke/LambdaForm$MH+0x0000025110143000
instanceKlass  @bci java/lang/runtime/ObjectMethods bootstrap (Ljava/lang/invoke/MethodHandles$Lookup;Ljava/lang/String;Ljava/lang/invoke/TypeDescriptor;Ljava/lang/Class;Ljava/lang/String;[Ljava/lang/invoke/MethodHandle;)Ljava/lang/Object; 37 <appendix> argL0 ; # java/lang/runtime/ObjectMethods$$Lambda+0x0000025110068cc0
instanceKlass java/lang/invoke/DirectMethodHandle$1
# instanceKlass java/lang/invoke/LambdaForm$DMH+0x0000025110142c00
# instanceKlass java/lang/invoke/LambdaForm$DMH+0x0000025110142800
# instanceKlass java/lang/invoke/LambdaForm$DMH+0x0000025110142400
# instanceKlass java/lang/invoke/LambdaForm$DMH+0x0000025110142000
# instanceKlass java/lang/invoke/LambdaForm$DMH+0x0000025110141c00
# instanceKlass java/lang/invoke/LambdaForm$DMH+0x0000025110141800
# instanceKlass java/lang/invoke/LambdaForm$DMH+0x0000025110141400
# instanceKlass java/lang/invoke/LambdaForm$DMH+0x0000025110141000
# instanceKlass java/lang/invoke/LambdaForm$DMH+0x0000025110140c00
# instanceKlass java/lang/invoke/LambdaForm$DMH+0x0000025110140800
# instanceKlass java/lang/invoke/LambdaForm$DMH+0x0000025110140400
instanceKlass java/lang/runtime/ObjectMethods$1
# instanceKlass java/lang/invoke/LambdaForm$MH+0x0000025110140000
instanceKlass sun/invoke/util/ValueConversions$WrapperCache
# instanceKlass java/lang/invoke/LambdaForm$MH+0x000002511013bc00
instanceKlass java/util/TreeMap$PrivateEntryIterator
instanceKlass java/lang/invoke/LambdaFormEditor$1
# instanceKlass java/lang/invoke/LambdaForm$MH+0x000002511013b800
# instanceKlass java/lang/invoke/LambdaForm$MH+0x000002511013b400
# instanceKlass java/lang/invoke/LambdaForm$MH+0x000002511013b000
# instanceKlass java/lang/invoke/LambdaForm$MH+0x000002511013ac00
# instanceKlass java/lang/invoke/LambdaForm$MH+0x000002511013a800
# instanceKlass java/lang/invoke/LambdaForm$DMH+0x000002511013a400
# instanceKlass java/lang/invoke/LambdaForm$DMH+0x000002511013a000
instanceKlass java/lang/invoke/MethodHandleImpl$ArrayAccessor
# instanceKlass java/lang/invoke/LambdaForm$MH+0x0000025110139c00
# instanceKlass java/lang/invoke/LambdaForm$MH+0x0000025110139800
# instanceKlass java/lang/invoke/LambdaForm$MH+0x0000025110139400
# instanceKlass java/lang/invoke/LambdaForm$DMH+0x0000025110139000
instanceKlass java/lang/ClassValue$Version
instanceKlass java/lang/ClassValue$Identity
instanceKlass java/lang/ClassValue
instanceKlass java/lang/invoke/MethodHandleImpl$Makers$2
instanceKlass java/lang/invoke/MethodHandleImpl$Makers$1
instanceKlass java/lang/invoke/MethodHandleImpl$Makers
instanceKlass  @bci java/lang/invoke/BootstrapMethodInvoker invoke (Ljava/lang/Class;Ljava/lang/invoke/MethodHandle;Ljava/lang/String;Ljava/lang/Object;Ljava/lang/Object;Ljava/lang/Class;)Ljava/lang/Object; 894 <adapter> ; # java/lang/invoke/LambdaForm$MH+0x0000025110138c00
instanceKlass  @bci com/sun/tools/javac/jvm/PoolConstant$Dynamic$PoolKey hashCode ()I 1 <appendix> argL2 argL1 argL1 form vmentry <vmtarget> ; # java/lang/invoke/LambdaForm$MH+0x0000025110138800
# instanceKlass java/lang/invoke/LambdaForm$DMH+0x0000025110138400
instanceKlass java/lang/runtime/ObjectMethods
instanceKlass  @bci com/sun/tools/javac/jvm/PoolConstant$Dynamic$BsmKey <init> (Lcom/sun/tools/javac/code/Types;Lcom/sun/tools/javac/jvm/PoolConstant$LoadableConstant;[Lcom/sun/tools/javac/jvm/PoolConstant$LoadableConstant;)V 31 <appendix> member <vmtarget> ; # com/sun/tools/javac/jvm/PoolConstant$Dynamic$BsmKey$$Lambda+0x000002511013e2e8
instanceKlass com/sun/tools/javac/jvm/PoolConstant$Dynamic$BsmKey
instanceKlass  @bci com/sun/tools/javac/jvm/Gen visitTypeCast (Lcom/sun/tools/javac/tree/JCTree$JCTypeCast;)V 116 <appendix> argL0 ; # com/sun/tools/javac/jvm/Gen$$Lambda+0x000002511013d3c0
instanceKlass com/sun/tools/javac/comp/Operators$1
instanceKlass  @bci com/sun/tools/javac/comp/Operators$UnaryOperatorHelper doLookup (Lcom/sun/tools/javac/code/Type;)Lcom/sun/tools/javac/code/Symbol$OperatorSymbol; 3 <appendix> member <vmtarget> ; # com/sun/tools/javac/comp/Operators$UnaryOperatorHelper$$Lambda+0x000002511013cd50
instanceKlass  @bci com/sun/tools/javac/comp/Operators resolveUnary (Lcom/sun/tools/javac/util/JCDiagnostic$DiagnosticPosition;Lcom/sun/tools/javac/tree/JCTree$Tag;Lcom/sun/tools/javac/code/Type;)Lcom/sun/tools/javac/code/Symbol$OperatorSymbol; 22 <appendix> member <vmtarget> ; # com/sun/tools/javac/comp/Operators$$Lambda+0x000002511013cb28
instanceKlass  @bci com/sun/tools/javac/comp/Operators resolveUnary (Lcom/sun/tools/javac/util/JCDiagnostic$DiagnosticPosition;Lcom/sun/tools/javac/tree/JCTree$Tag;Lcom/sun/tools/javac/code/Type;)Lcom/sun/tools/javac/code/Symbol$OperatorSymbol; 13 <appendix> member <vmtarget> ; # com/sun/tools/javac/comp/Operators$$Lambda+0x000002511013c8e0
instanceKlass  @bci com/sun/tools/javac/comp/Operators resolveUnary (Lcom/sun/tools/javac/util/JCDiagnostic$DiagnosticPosition;Lcom/sun/tools/javac/tree/JCTree$Tag;Lcom/sun/tools/javac/code/Type;)Lcom/sun/tools/javac/code/Symbol$OperatorSymbol; 7 <appendix> member <vmtarget> ; # com/sun/tools/javac/comp/Operators$$Lambda+0x000002511013c688
instanceKlass com/sun/tools/javac/comp/Flow$1
instanceKlass  @bci com/sun/tools/javac/comp/Operators makeOperator (Lcom/sun/tools/javac/util/Name;Lcom/sun/tools/javac/util/List;Lcom/sun/tools/javac/comp/Operators$OperatorType;[I)Lcom/sun/tools/javac/code/Symbol$OperatorSymbol; 9 <appendix> member <vmtarget> ; # com/sun/tools/javac/comp/Operators$$Lambda+0x000002511013c000
instanceKlass  @bci com/sun/tools/javac/comp/Operators$OperatorHelper initOperators ()[Lcom/sun/tools/javac/code/Symbol$OperatorSymbol; 17 <appendix> argL0 ; # com/sun/tools/javac/comp/Operators$OperatorHelper$$Lambda+0x0000025110137bb8
instanceKlass  @bci com/sun/tools/javac/comp/Operators$OperatorHelper initOperators ()[Lcom/sun/tools/javac/code/Symbol$OperatorSymbol; 7 <appendix> argL0 ; # com/sun/tools/javac/comp/Operators$OperatorHelper$$Lambda+0x0000025110137978
instanceKlass  @bci com/sun/tools/javac/comp/Operators$OperatorHelper doLookup (Ljava/util/function/Predicate;)Lcom/sun/tools/javac/code/Symbol$OperatorSymbol; 5 <appendix> member <vmtarget> ; # com/sun/tools/javac/comp/Operators$OperatorHelper$$Lambda+0x0000025110137750
instanceKlass  @bci com/sun/tools/javac/comp/Operators$BinaryOperatorHelper doLookup (Lcom/sun/tools/javac/code/Type;Lcom/sun/tools/javac/code/Type;)Lcom/sun/tools/javac/code/Symbol$OperatorSymbol; 4 <appendix> member <vmtarget> ; # com/sun/tools/javac/comp/Operators$BinaryOperatorHelper$$Lambda+0x0000025110137108
instanceKlass  @bci com/sun/tools/javac/comp/Operators resolveBinary (Lcom/sun/tools/javac/util/JCDiagnostic$DiagnosticPosition;Lcom/sun/tools/javac/tree/JCTree$Tag;Lcom/sun/tools/javac/code/Type;Lcom/sun/tools/javac/code/Type;)Lcom/sun/tools/javac/code/Symbol$OperatorSymbol; 28 <appendix> member <vmtarget> ; # com/sun/tools/javac/comp/Operators$$Lambda+0x0000025110136aa0
instanceKlass  @bci com/sun/tools/javac/comp/Operators resolveBinary (Lcom/sun/tools/javac/util/JCDiagnostic$DiagnosticPosition;Lcom/sun/tools/javac/tree/JCTree$Tag;Lcom/sun/tools/javac/code/Type;Lcom/sun/tools/javac/code/Type;)Lcom/sun/tools/javac/code/Symbol$OperatorSymbol; 17 <appendix> member <vmtarget> ; # com/sun/tools/javac/comp/Operators$$Lambda+0x0000025110136858
instanceKlass  @bci com/sun/tools/javac/comp/Operators resolveBinary (Lcom/sun/tools/javac/util/JCDiagnostic$DiagnosticPosition;Lcom/sun/tools/javac/tree/JCTree$Tag;Lcom/sun/tools/javac/code/Type;Lcom/sun/tools/javac/code/Type;)Lcom/sun/tools/javac/code/Symbol$OperatorSymbol; 9 <appendix> member <vmtarget> ; # com/sun/tools/javac/comp/Operators$$Lambda+0x0000025110136600
instanceKlass  @cpi com/sun/tools/javac/comp/Operators 745 form vmentry <vmtarget> ; # java/lang/invoke/LambdaForm$DMH+0x0000025110138000
instanceKlass sun/nio/fs/WindowsUriSupport
instanceKlass  @bci com/sun/tools/javac/jvm/ClassWriter requiresParamFlags (Lcom/sun/tools/javac/code/Symbol$MethodSymbol;)Z 42 <appendix> argL0 ; # com/sun/tools/javac/jvm/ClassWriter$$Lambda+0x00000251101363b0
instanceKlass com/sun/tools/javac/jvm/ClassWriter$1
instanceKlass sun/nio/fs/WindowsChannelFactory$2
instanceKlass com/sun/tools/javac/jvm/Code$Chain
instanceKlass com/sun/tools/javac/jvm/ClassWriter$StackMapTableFrame
instanceKlass com/sun/tools/javac/jvm/Code$StackMapFrame
instanceKlass com/sun/tools/javac/jvm/PoolConstant$LoadableConstant$BasicConstant
instanceKlass  @bci com/sun/tools/javac/jvm/Items$MemberItem load ()Lcom/sun/tools/javac/jvm/Items$Item; 14 <appendix> argL0 ; # com/sun/tools/javac/jvm/Items$MemberItem$$Lambda+0x0000025110134a20
instanceKlass  @bci com/sun/tools/javac/jvm/Items$MemberItem store ()V 14 <appendix> argL0 ; # com/sun/tools/javac/jvm/Items$MemberItem$$Lambda+0x0000025110134800
instanceKlass  @bci com/sun/tools/javac/jvm/Gen visitNewClass (Lcom/sun/tools/javac/tree/JCTree$JCNewClass;)V 49 <appendix> argL0 ; # com/sun/tools/javac/jvm/Gen$$Lambda+0x00000251101345e0
instanceKlass java/util/function/ToIntBiFunction
instanceKlass com/sun/tools/javac/jvm/PoolWriter$1
instanceKlass com/sun/tools/javac/jvm/PoolConstant$NameAndType
instanceKlass com/sun/tools/javac/code/Types$UniqueType
instanceKlass  @bci com/sun/tools/javac/model/FilteredMemberList iterator ()Ljava/util/Iterator; 4 <appendix> argL0 ; # com/sun/tools/javac/model/FilteredMemberList$$Lambda+0x0000025110133d48
instanceKlass com/sun/tools/javac/jvm/Code$LocalVar$Range
instanceKlass com/sun/tools/javac/jvm/Items
instanceKlass com/sun/tools/javac/jvm/Code$LocalVar
instanceKlass com/sun/tools/javac/jvm/Code$State
instanceKlass com/sun/tools/javac/jvm/Gen$GenContext
instanceKlass com/sun/tools/javac/jvm/Gen$3
instanceKlass com/sun/tools/javac/comp/Lower$2
instanceKlass com/sun/tools/javac/comp/ThisEscapeAnalyzer$Ref
instanceKlass com/sun/tools/javac/tree/TreeInfo$1
instanceKlass com/sun/tools/javac/util/Bits
instanceKlass  @bci com/sun/tools/javac/tree/TreeInfo expectedExhaustive (Lcom/sun/tools/javac/tree/JCTree$JCSwitch;)Z 24 <appendix> argL0 ; # com/sun/tools/javac/tree/TreeInfo$$Lambda+0x000002511012b5b8
instanceKlass  @bci com/sun/tools/javac/tree/TreeInfo expectedExhaustive (Lcom/sun/tools/javac/tree/JCTree$JCSwitch;)Z 14 <appendix> argL0 ; # com/sun/tools/javac/tree/TreeInfo$$Lambda+0x000002511012b378
instanceKlass com/sun/tools/javac/comp/Flow$BaseAnalyzer$PendingExit
instanceKlass  @bci com/sun/tools/javac/comp/Attr bindingEnv (Lcom/sun/tools/javac/comp/Env;Lcom/sun/tools/javac/tree/JCTree;Lcom/sun/tools/javac/util/List;)Lcom/sun/tools/javac/comp/Env; 47 <appendix> member <vmtarget> ; # com/sun/tools/javac/comp/Attr$$Lambda+0x0000025110128ae8
instanceKlass  @bci com/sun/tools/javac/code/Type constValue ()Ljava/lang/Object; 3 <appendix> argL0 ; # com/sun/tools/javac/code/Type$$Lambda+0x00000251101288a8
instanceKlass  @bci java/util/function/Function identity ()Ljava/util/function/Function; 0 <appendix> argL0 ; # java/util/function/Function$$Lambda+0x0000025110067268
instanceKlass  @bci com/sun/tools/javac/comp/Attr handleSwitch (Lcom/sun/tools/javac/tree/JCTree;Lcom/sun/tools/javac/tree/JCTree$JCExpression;Lcom/sun/tools/javac/util/List;Ljava/util/function/BiConsumer;)V 217 <appendix> argL0 ; # com/sun/tools/javac/comp/Attr$$Lambda+0x0000025110128448
instanceKlass  @bci com/sun/tools/javac/comp/Attr handleSwitch (Lcom/sun/tools/javac/tree/JCTree;Lcom/sun/tools/javac/tree/JCTree$JCExpression;Lcom/sun/tools/javac/util/List;Ljava/util/function/BiConsumer;)V 207 <appendix> argL0 ; # com/sun/tools/javac/comp/Attr$$Lambda+0x0000025110128208
instanceKlass com/sun/tools/javac/comp/Resolve$19
instanceKlass java/util/stream/Nodes$ArrayNode
instanceKlass  @bci com/sun/tools/javac/util/JCDiagnostic$Factory normalize (Lcom/sun/tools/javac/util/JCDiagnostic$DiagnosticInfo;)Lcom/sun/tools/javac/util/JCDiagnostic$DiagnosticInfo; 20 <appendix> member <vmtarget> ; # com/sun/tools/javac/util/JCDiagnostic$Factory$$Lambda+0x0000025110120400
instanceKlass  @bci com/sun/tools/javac/comp/Attr visitSwitch (Lcom/sun/tools/javac/tree/JCTree$JCSwitch;)V 11 <appendix> member <vmtarget> ; # com/sun/tools/javac/comp/Attr$$Lambda+0x0000025110120d58
instanceKlass com/sun/tools/javac/code/Types$TypePair
instanceKlass com/sun/tools/javac/comp/Resolve$MethodCheckContext
instanceKlass com/sun/tools/javac/code/Types$ImplementationCache$Entry
instanceKlass com/sun/tools/javac/code/Flags
instanceKlass com/sun/tools/javac/comp/Resolve$MethodResolutionContext$Candidate
instanceKlass com/sun/tools/javac/comp/Resolve$LookupFilter
instanceKlass com/sun/tools/javac/comp/Resolve$6
instanceKlass  @bci com/sun/tools/javac/comp/Resolve superclasses (Lcom/sun/tools/javac/code/Type;)Ljava/lang/Iterable; 2 <appendix> member <vmtarget> ; # com/sun/tools/javac/comp/Resolve$$Lambda+0x0000025110122f50
instanceKlass com/sun/tools/javac/comp/Resolve$MethodResolutionContext
instanceKlass  @bci com/sun/tools/javac/comp/Check checkOverrideClashes (Lcom/sun/tools/javac/util/JCDiagnostic$DiagnosticPosition;Lcom/sun/tools/javac/code/Type;Lcom/sun/tools/javac/code/Symbol$MethodSymbol;)V 45 <appendix> member <vmtarget> ; # com/sun/tools/javac/comp/Check$$Lambda+0x0000025110122000
instanceKlass com/sun/tools/javac/comp/Check$ClashFilter
instanceKlass com/sun/tools/javac/code/Symbol$1
instanceKlass  @bci com/sun/tools/javac/code/Scope$CompoundScope lambda$getSymbols$1 (Ljava/util/function/Predicate;Lcom/sun/tools/javac/code/Scope$LookupKind;)Ljava/util/Iterator; 6 <appendix> member <vmtarget> ; # com/sun/tools/javac/code/Scope$CompoundScope$$Lambda+0x0000025110127860
instanceKlass  @bci com/sun/tools/javac/code/Scope$CompoundScope getSymbols (Ljava/util/function/Predicate;Lcom/sun/tools/javac/code/Scope$LookupKind;)Ljava/lang/Iterable; 3 <appendix> member <vmtarget> ; # com/sun/tools/javac/code/Scope$CompoundScope$$Lambda+0x0000025110127618
instanceKlass  @bci com/sun/tools/javac/code/Types membersClosure (Lcom/sun/tools/javac/code/Type;Z)Lcom/sun/tools/javac/code/Scope$CompoundScope; 15 <appendix> member <vmtarget> ; # com/sun/tools/javac/code/Types$$Lambda+0x00000251101273f0
instanceKlass com/sun/tools/javac/comp/Check$DefaultMethodClashFilter
instanceKlass  @bci com/sun/tools/javac/comp/Attr attribClass (Lcom/sun/tools/javac/code/Symbol$ClassSymbol;)V 767 <appendix> argL0 ; # com/sun/tools/javac/comp/Attr$$Lambda+0x0000025110126ae8
instanceKlass  @bci com/sun/tools/javac/comp/Attr attribClass (Lcom/sun/tools/javac/code/Symbol$ClassSymbol;)V 757 <appendix> argL0 ; # com/sun/tools/javac/comp/Attr$$Lambda+0x0000025110126898
instanceKlass  @bci com/sun/tools/javac/code/TypeAnnotations annotationTargetType (Lcom/sun/tools/javac/tree/JCTree;Lcom/sun/tools/javac/code/Attribute$Compound;Lcom/sun/tools/javac/code/Symbol;)Lcom/sun/tools/javac/code/TypeAnnotations$AnnotationType; 64 <appendix> member <vmtarget> ; # com/sun/tools/javac/code/TypeAnnotations$$Lambda+0x0000025110126648
instanceKlass  @bci com/sun/tools/javac/code/TypeAnnotations annotationTargetType (Lcom/sun/tools/javac/tree/JCTree;Lcom/sun/tools/javac/code/Attribute$Compound;Lcom/sun/tools/javac/code/Symbol;)Lcom/sun/tools/javac/code/TypeAnnotations$AnnotationType; 50 <appendix> member <vmtarget> ; # com/sun/tools/javac/code/TypeAnnotations$$Lambda+0x0000025110126208
instanceKlass  @bci com/sun/tools/javac/code/TypeAnnotations annotationTargets (Lcom/sun/tools/javac/code/Symbol$TypeSymbol;)Lcom/sun/tools/javac/util/List; 56 <appendix> argL0 ; # com/sun/tools/javac/code/TypeAnnotations$$Lambda+0x0000025110125d70
instanceKlass com/sun/tools/javac/code/TypeAnnotationPosition
instanceKlass com/sun/tools/javac/jvm/ClassReader$CompleterDeproxy
instanceKlass  @bci com/sun/tools/javac/jvm/ClassReader$ProxyType resolve ()Lcom/sun/tools/javac/code/Type; 8 <appendix> member <vmtarget> ; # com/sun/tools/javac/jvm/ClassReader$ProxyType$$Lambda+0x0000025110124d40
instanceKlass com/sun/tools/javac/code/Types$25
instanceKlass com/sun/tools/javac/tree/TreeMaker$2
instanceKlass  @bci com/sun/tools/javac/code/Symbol$VarSymbol setLazyConstValue (Lcom/sun/tools/javac/comp/Env;Lcom/sun/tools/javac/comp/Env;Lcom/sun/tools/javac/comp/Attr;Lcom/sun/tools/javac/tree/JCTree$JCVariableDecl;)V 7 <appendix> member <vmtarget> ; # com/sun/tools/javac/code/Symbol$VarSymbol$$Lambda+0x0000025110124910
instanceKlass  @bci com/sun/tools/javac/comp/Check checkUniqueImport (Lcom/sun/tools/javac/util/JCDiagnostic$DiagnosticPosition;Lcom/sun/tools/javac/code/Scope;Lcom/sun/tools/javac/code/Scope;Lcom/sun/tools/javac/code/Scope;Lcom/sun/tools/javac/code/Symbol;Z)Z 2 <appendix> member <vmtarget> ; # com/sun/tools/javac/comp/Check$$Lambda+0x00000251101246b8
instanceKlass  @bci com/sun/tools/javac/comp/Check checkImportsUnique (Lcom/sun/tools/javac/tree/JCTree$JCCompilationUnit;)V 90 <appendix> argL0 ; # com/sun/tools/javac/comp/Check$$Lambda+0x0000025110124468
instanceKlass  @bci com/sun/tools/javac/comp/TypeEnter complete (Lcom/sun/tools/javac/code/Symbol;)V 191 <appendix> argL0 ; # com/sun/tools/javac/comp/TypeEnter$$Lambda+0x0000025110124248
instanceKlass  @bci com/sun/tools/javac/comp/TypeEnter defaultConstructor (Lcom/sun/tools/javac/tree/TreeMaker;Lcom/sun/tools/javac/comp/TypeEnter$DefaultConstructorHelper;)Lcom/sun/tools/javac/tree/JCTree; 144 <appendix> member <vmtarget> ; # com/sun/tools/javac/comp/TypeEnter$$Lambda+0x0000025110124000
instanceKlass com/sun/tools/javac/comp/TypeEnter$BasicConstructorHelper
instanceKlass  @bci com/sun/tools/javac/comp/Annotate annotateLater (Lcom/sun/tools/javac/util/List;Lcom/sun/tools/javac/comp/Env;Lcom/sun/tools/javac/code/Symbol;Lcom/sun/tools/javac/util/JCDiagnostic$DiagnosticPosition;)V 32 <appendix> member <vmtarget> ; # com/sun/tools/javac/comp/Annotate$$Lambda+0x000002511011d940
instanceKlass  @cpi com/sun/tools/javac/comp/Annotate 1386 form vmentry <vmtarget> ; # java/lang/invoke/LambdaForm$DMH+0x0000025110120000
instanceKlass  @bci com/sun/tools/javac/comp/Annotate annotateLater (Lcom/sun/tools/javac/util/List;Lcom/sun/tools/javac/comp/Env;Lcom/sun/tools/javac/code/Symbol;Lcom/sun/tools/javac/util/JCDiagnostic$DiagnosticPosition;)V 19 <appendix> member <vmtarget> ; # com/sun/tools/javac/comp/Annotate$$Lambda+0x000002511011d718
instanceKlass com/sun/tools/javac/code/SymbolMetadata
instanceKlass  @bci com/sun/tools/javac/code/Types$TypeMapping visit (Lcom/sun/tools/javac/util/List;Ljava/lang/Object;)Lcom/sun/tools/javac/util/List; 3 <appendix> member <vmtarget> ; # com/sun/tools/javac/code/Types$TypeMapping$$Lambda+0x000002511011d228
instanceKlass  @bci com/sun/tools/javac/code/TypeAnnotations validateTypeAnnotationsSignatures (Lcom/sun/tools/javac/comp/Env;Lcom/sun/tools/javac/tree/JCTree$JCClassDecl;)V 7 <appendix> member <vmtarget> ; # com/sun/tools/javac/code/TypeAnnotations$$Lambda+0x000002511011d000
instanceKlass  @bci com/sun/tools/javac/code/TypeAnnotations organizeTypeAnnotationsSignatures (Lcom/sun/tools/javac/comp/Env;Lcom/sun/tools/javac/tree/JCTree$JCClassDecl;)V 7 <appendix> member <vmtarget> ; # com/sun/tools/javac/code/TypeAnnotations$$Lambda+0x000002511011fcd8
instanceKlass com/sun/tools/javac/comp/TypeEnter$1
instanceKlass  @bci com/sun/tools/javac/code/Scope$NamedImportScope lambda$getSymbolsByName$1 ([Lcom/sun/tools/javac/code/Scope;Lcom/sun/tools/javac/util/Name;Ljava/util/function/Predicate;Lcom/sun/tools/javac/code/Scope$LookupKind;)Ljava/util/Iterator; 7 <appendix> member <vmtarget> ; # com/sun/tools/javac/code/Scope$NamedImportScope$$Lambda+0x000002511011f888
instanceKlass  @bci com/sun/tools/javac/code/Scope$NamedImportScope getSymbolsByName (Lcom/sun/tools/javac/util/Name;Ljava/util/function/Predicate;Lcom/sun/tools/javac/code/Scope$LookupKind;)Ljava/lang/Iterable; 29 <appendix> member <vmtarget> ; # com/sun/tools/javac/code/Scope$NamedImportScope$$Lambda+0x000002511011f640
instanceKlass com/sun/tools/javac/jvm/ClassReader$28
instanceKlass java/lang/invoke/VarHandle$AccessDescriptor
instanceKlass java/lang/invoke/VarForm
instanceKlass java/lang/invoke/VarHandleGuards
instanceKlass java/lang/invoke/VarHandles
instanceKlass jdk/internal/util/ByteArray
instanceKlass java/io/DataInput
instanceKlass  @bci com/sun/tools/javac/comp/Annotate queueScanTreeAndTypeAnnotate (Lcom/sun/tools/javac/tree/JCTree;Lcom/sun/tools/javac/comp/Env;Lcom/sun/tools/javac/code/Symbol;Lcom/sun/tools/javac/util/JCDiagnostic$DiagnosticPosition;)V 12 <appendix> member <vmtarget> ; # com/sun/tools/javac/comp/Annotate$$Lambda+0x000002511011edd0
instanceKlass com/sun/tools/javac/util/Iterators$1
instanceKlass  @bci com/sun/tools/javac/code/Scope$FilterImportScope lambda$getSymbolsByName$3 (Lcom/sun/tools/javac/util/List;)Ljava/util/Iterator; 10 <appendix> member <vmtarget> ; # com/sun/tools/javac/code/Scope$FilterImportScope$$Lambda+0x000002511011e918
instanceKlass  @bci com/sun/tools/javac/code/Scope$FilterImportScope lambda$getSymbolsByName$3 (Lcom/sun/tools/javac/util/List;)Ljava/util/Iterator; 1 <appendix> argL0 ; # com/sun/tools/javac/code/Scope$FilterImportScope$$Lambda+0x000002511011e6d8
instanceKlass  @cpi com/sun/tools/javac/comp/Operators$OperatorHelper 135 form vmentry <vmtarget> ; # java/lang/invoke/LambdaForm$DMH+0x000002511011cc00
instanceKlass  @bci com/sun/tools/javac/code/Scope$FilterImportScope getSymbolsByName (Lcom/sun/tools/javac/util/Name;Ljava/util/function/Predicate;Lcom/sun/tools/javac/code/Scope$LookupKind;)Ljava/lang/Iterable; 62 <appendix> member <vmtarget> ; # com/sun/tools/javac/code/Scope$FilterImportScope$$Lambda+0x000002511011e490
instanceKlass  @bci com/sun/tools/javac/code/Scope$CompoundScope lambda$getSymbolsByName$3 (Lcom/sun/tools/javac/util/Name;Ljava/util/function/Predicate;Lcom/sun/tools/javac/code/Scope$LookupKind;)Ljava/util/Iterator; 7 <appendix> member <vmtarget> ; # com/sun/tools/javac/code/Scope$CompoundScope$$Lambda+0x000002511011e248
instanceKlass  @bci com/sun/tools/javac/code/Scope$CompoundScope getSymbolsByName (Lcom/sun/tools/javac/util/Name;Ljava/util/function/Predicate;Lcom/sun/tools/javac/code/Scope$LookupKind;)Ljava/lang/Iterable; 4 <appendix> member <vmtarget> ; # com/sun/tools/javac/code/Scope$CompoundScope$$Lambda+0x000002511011e000
instanceKlass java/util/LinkedList$Node
instanceKlass com/sun/tools/javac/jvm/Code$1
instanceKlass  @bci com/sun/tools/javac/jvm/PoolReader getType (I)Lcom/sun/tools/javac/code/Type; 14 <appendix> member <vmtarget> ; # com/sun/tools/javac/jvm/PoolReader$$Lambda+0x000002511011a598
instanceKlass  @bci com/sun/tools/javac/code/Scope$ScopeImpl remove (Lcom/sun/tools/javac/code/Symbol;)V 21 <appendix> member <vmtarget> ; # com/sun/tools/javac/code/Scope$ScopeImpl$$Lambda+0x000002511011a340
instanceKlass  @bci com/sun/tools/javac/jvm/ClassReader readInnerClasses (Lcom/sun/tools/javac/code/Symbol$ClassSymbol;)V 67 <appendix> member <vmtarget> ; # com/sun/tools/javac/jvm/ClassReader$$Lambda+0x000002511011a118
instanceKlass  @bci com/sun/tools/javac/jvm/ClassReader readInnerClasses (Lcom/sun/tools/javac/code/Symbol$ClassSymbol;)V 41 <appendix> member <vmtarget> ; # com/sun/tools/javac/jvm/ClassReader$$Lambda+0x0000025110119ef0
instanceKlass  @bci com/sun/tools/javac/jvm/ClassReader$11 read (Lcom/sun/tools/javac/code/Symbol;I)V 74 <appendix> member <vmtarget> ; # com/sun/tools/javac/jvm/ClassReader$11$$Lambda+0x0000025110119768
instanceKlass  @cpi com/sun/tools/javac/jvm/PoolReader 361 form vmentry <vmtarget> ; # java/lang/invoke/LambdaForm$DMH+0x000002511011c800
instanceKlass com/sun/tools/javac/util/Name$NameMapper
instanceKlass  @bci com/sun/tools/javac/code/ClassFinder classFileNotFound (Lcom/sun/tools/javac/code/Symbol$ClassSymbol;)Lcom/sun/tools/javac/code/Symbol$CompletionFailure; 4 <appendix> member <vmtarget> ; # com/sun/tools/javac/code/ClassFinder$$Lambda+0x0000025110119340
instanceKlass  @bci com/sun/tools/javac/code/Symtab lookupPackage (Lcom/sun/tools/javac/code/Symbol$ModuleSymbol;Lcom/sun/tools/javac/util/Name;Z)Lcom/sun/tools/javac/code/Symbol$PackageSymbol; 112 <appendix> member <vmtarget> ; # com/sun/tools/javac/code/Symtab$$Lambda+0x00000251101190e8
instanceKlass  @cpi com/sun/tools/javac/code/Symtab 1376 form vmentry <vmtarget> ; # java/lang/invoke/LambdaForm$DMH+0x000002511011c400
instanceKlass  @bci com/sun/tools/javac/code/Symtab lookupPackage (Lcom/sun/tools/javac/code/Symbol$ModuleSymbol;Lcom/sun/tools/javac/util/Name;Z)Lcom/sun/tools/javac/code/Symbol$PackageSymbol; 101 <appendix> argL0 ; # com/sun/tools/javac/code/Symtab$$Lambda+0x0000025110118ea8
instanceKlass  @bci com/sun/tools/javac/comp/Infer$CheckUpperBounds apply (Lcom/sun/tools/javac/comp/InferenceContext;Lcom/sun/tools/javac/util/Warner;)V 40 <bsm> form vmentry <vmtarget> ; # java/lang/invoke/LambdaForm$DMH+0x000002511011c000
instanceKlass java/lang/invoke/MethodHandle$1
instanceKlass  @bci com/sun/tools/javac/code/ClassFinder loadClass (Lcom/sun/tools/javac/code/Symbol$ModuleSymbol;Lcom/sun/tools/javac/util/Name;)Lcom/sun/tools/javac/code/Symbol$ClassSymbol; 28 <appendix> member <vmtarget> ; # com/sun/tools/javac/code/ClassFinder$$Lambda+0x0000025110118a88
instanceKlass com/sun/tools/javac/comp/MatchBindingsComputer$1
instanceKlass  @bci com/sun/tools/javac/comp/Check checkDeprecated (Lcom/sun/tools/javac/util/JCDiagnostic$DiagnosticPosition;Lcom/sun/tools/javac/code/Symbol;Lcom/sun/tools/javac/code/Symbol;)V 2 <appendix> member <vmtarget> ; # com/sun/tools/javac/comp/Check$$Lambda+0x0000025110118658
instanceKlass com/sun/tools/javac/comp/Attr$13
instanceKlass com/sun/tools/javac/code/Scope$FilterImportScope$SymbolImporter
instanceKlass  @bci com/sun/tools/javac/comp/TypeEnter$ImportsPhase resolveImports (Lcom/sun/tools/javac/tree/JCTree$JCCompilationUnit;Lcom/sun/tools/javac/comp/Env;)V 89 <appendix> member <vmtarget> ; # com/sun/tools/javac/comp/TypeEnter$ImportsPhase$$Lambda+0x0000025110111a28
instanceKlass  @bci com/sun/tools/javac/comp/TypeEnter$ImportsPhase resolveImports (Lcom/sun/tools/javac/tree/JCTree$JCCompilationUnit;Lcom/sun/tools/javac/comp/Env;)V 77 <appendix> member <vmtarget> ; # com/sun/tools/javac/comp/TypeEnter$ImportsPhase$$Lambda+0x0000025110111800
instanceKlass com/sun/tools/javac/code/Scope$ImportFilter
instanceKlass com/sun/tools/javac/code/Scope$ScopeImpl$2
instanceKlass  @bci com/sun/tools/javac/code/Scope$ScopeImpl getSymbolsByName (Lcom/sun/tools/javac/util/Name;Ljava/util/function/Predicate;Lcom/sun/tools/javac/code/Scope$LookupKind;)Ljava/lang/Iterable; 4 <appendix> member <vmtarget> ; # com/sun/tools/javac/code/Scope$ScopeImpl$$Lambda+0x0000025110113830
instanceKlass com/sun/tools/javac/comp/Check$6
instanceKlass com/sun/tools/javac/util/Pair
instanceKlass com/sun/tools/javac/comp/AttrContext
instanceKlass  @bci com/sun/tools/javac/comp/Enter visitTopLevel (Lcom/sun/tools/javac/tree/JCTree$JCCompilationUnit;)V 287 <appendix> member <vmtarget> ; # com/sun/tools/javac/comp/Enter$$Lambda+0x0000025110112258
instanceKlass  @cpi com/sun/tools/javac/comp/Operators$BinaryOperatorHelper 122 form vmentry <vmtarget> ; # java/lang/invoke/LambdaForm$DMH+0x0000025110111400
instanceKlass  @bci com/sun/tools/javac/comp/Enter visitTopLevel (Lcom/sun/tools/javac/tree/JCTree$JCCompilationUnit;)V 273 <appendix> member <vmtarget> ; # com/sun/tools/javac/comp/Enter$$Lambda+0x0000025110112000
instanceKlass com/sun/tools/javac/code/Scope$ScopeImpl$1
instanceKlass  @bci com/sun/tools/javac/code/Scope$ScopeImpl getSymbols (Ljava/util/function/Predicate;Lcom/sun/tools/javac/code/Scope$LookupKind;)Ljava/lang/Iterable; 3 <appendix> member <vmtarget> ; # com/sun/tools/javac/code/Scope$ScopeImpl$$Lambda+0x0000025110117968
instanceKlass com/sun/tools/javac/code/ClassFinder$2
instanceKlass sun/nio/fs/BasicFileAttributesHolder
instanceKlass java/util/stream/Node$Builder
instanceKlass java/util/stream/Node$OfDouble
instanceKlass java/util/stream/Node$OfLong
instanceKlass java/util/stream/Node$OfInt
instanceKlass java/util/stream/Node$OfPrimitive
instanceKlass java/util/stream/Nodes$EmptyNode
instanceKlass java/util/stream/Node
instanceKlass java/util/stream/Nodes
instanceKlass  @bci java/util/stream/ReferencePipeline toArray ()[Ljava/lang/Object; 1 <appendix> argL0 ; # java/util/stream/ReferencePipeline$$Lambda+0x0000025110065170
instanceKlass java/util/ImmutableCollections$Access$1
instanceKlass jdk/internal/access/JavaUtilCollectionAccess
instanceKlass java/util/ImmutableCollections$Access
instanceKlass  @bci java/nio/file/Files asUncheckedRunnable (Ljava/io/Closeable;)Ljava/lang/Runnable; 1 <appendix> member <vmtarget> ; # java/nio/file/Files$$Lambda+0x0000025110064908
instanceKlass java/nio/file/Files$2
instanceKlass sun/nio/fs/WindowsDirectoryStream$WindowsDirectoryIterator
instanceKlass sun/nio/fs/WindowsDirectoryStream
instanceKlass java/nio/file/Files$AcceptAllFilter
instanceKlass com/sun/tools/javac/code/ClassFinder$1
instanceKlass  @bci com/sun/tools/javac/code/ClassFinder list (Ljavax/tools/JavaFileManager$Location;Lcom/sun/tools/javac/code/Symbol$PackageSymbol;Ljava/lang/String;Ljava/util/Set;)Ljava/lang/Iterable; 26 <appendix> member <vmtarget> ; # com/sun/tools/javac/code/ClassFinder$$Lambda+0x0000025110116e70
instanceKlass  @bci com/sun/tools/javac/file/JavacFileManager pathsAndContainers (Ljavax/tools/JavaFileManager$Location;Lcom/sun/tools/javac/file/RelativePath$RelativeDirectory;)Ljava/util/List; 22 <appendix> member <vmtarget> ; # com/sun/tools/javac/file/JavacFileManager$$Lambda+0x0000025110116c28
instanceKlass  @bci com/sun/tools/javac/file/JavacFileManager indexPathsAndContainersByRelativeDirectory (Ljavax/tools/JavaFileManager$Location;)Ljava/util/Map; 213 <appendix> argL0 ; # com/sun/tools/javac/file/JavacFileManager$$Lambda+0x00000251101169f8
instanceKlass  @cpi com/sun/tools/javac/code/DeferredCompletionFailureHandler$2 97 form vmentry <vmtarget> ; # java/lang/invoke/LambdaForm$DMH+0x0000025110111000
instanceKlass com/sun/tools/javac/file/JavacFileManager$PathAndContainer
instanceKlass  @bci com/sun/tools/javac/file/JavacFileManager pathsAndContainers (Ljavax/tools/JavaFileManager$Location;Lcom/sun/tools/javac/file/RelativePath$RelativeDirectory;)Ljava/util/List; 6 <appendix> member <vmtarget> ; # com/sun/tools/javac/file/JavacFileManager$$Lambda+0x0000025110116578
instanceKlass java/util/RegularEnumSet$EnumSetIterator
instanceKlass  @bci com/sun/tools/javac/code/ClassFinder fillIn (Lcom/sun/tools/javac/code/Symbol$PackageSymbol;)V 27 <appendix> member <vmtarget> ; # com/sun/tools/javac/code/ClassFinder$$Lambda+0x0000025110116350
instanceKlass  @bci com/sun/tools/javac/comp/Modules completeModule (Lcom/sun/tools/javac/code/Symbol$ModuleSymbol;)V 327 <appendix> member <vmtarget> ; # com/sun/tools/javac/comp/Modules$$Lambda+0x0000025110116128
instanceKlass  @bci com/sun/tools/javac/comp/Modules initVisiblePackages (Lcom/sun/tools/javac/code/Symbol$ModuleSymbol;Ljava/util/Collection;)V 103 <appendix> member <vmtarget> ; # com/sun/tools/javac/comp/Modules$$Lambda+0x0000025110115ef0
instanceKlass  @cpi com/sun/tools/javac/comp/Annotate 1383 form vmentry <vmtarget> ; # java/lang/invoke/LambdaForm$DMH+0x0000025110110c00
instanceKlass  @bci java/util/stream/Collectors joining (Ljava/lang/CharSequence;Ljava/lang/CharSequence;Ljava/lang/CharSequence;)Ljava/util/stream/Collector; 22 <appendix> argL0 ; # java/util/stream/Collectors$$Lambda+0x800000042
instanceKlass  @bci java/util/stream/Collectors joining (Ljava/lang/CharSequence;Ljava/lang/CharSequence;Ljava/lang/CharSequence;)Ljava/util/stream/Collector; 17 <appendix> argL0 ; # java/util/stream/Collectors$$Lambda+0x800000040
instanceKlass  @bci java/util/stream/Collectors joining (Ljava/lang/CharSequence;Ljava/lang/CharSequence;Ljava/lang/CharSequence;)Ljava/util/stream/Collector; 12 <appendix> argL0 ; # java/util/stream/Collectors$$Lambda+0x80000003d
instanceKlass  @bci java/util/stream/Collectors joining (Ljava/lang/CharSequence;Ljava/lang/CharSequence;Ljava/lang/CharSequence;)Ljava/util/stream/Collector; 7 <appendix> member <vmtarget> ; # java/util/stream/Collectors$$Lambda+0x800000045
instanceKlass java/util/StringJoiner
instanceKlass  @bci com/sun/tools/javac/comp/Modules setupAllModules ()V 965 <appendix> argL0 ; # com/sun/tools/javac/comp/Modules$$Lambda+0x0000025110115cb0
instanceKlass  @bci com/sun/tools/javac/comp/Modules setupAllModules ()V 955 <appendix> argL0 ; # com/sun/tools/javac/comp/Modules$$Lambda+0x0000025110115a60
instanceKlass javax/lang/model/element/ModuleElement$OpensDirective
instanceKlass com/sun/tools/javac/jvm/ClassReader$AnnotationDeproxy
instanceKlass com/sun/tools/javac/jvm/ClassReader$ProxyVisitor
instanceKlass  @bci java/util/stream/MatchOps makeRef (Ljava/util/function/Predicate;Ljava/util/stream/MatchOps$MatchKind;)Ljava/util/stream/TerminalOp; 20 <appendix> member <vmtarget> ; # java/util/stream/MatchOps$$Lambda+0x0000025110063810
instanceKlass java/util/stream/MatchOps$BooleanTerminalSink
instanceKlass java/util/stream/MatchOps$MatchOp
instanceKlass java/util/stream/MatchOps
instanceKlass  @bci com/sun/tools/javac/comp/Modules lambda$setupAllModules$8 (Lcom/sun/tools/javac/code/Symbol$ModuleSymbol;)Z 11 <appendix> argL0 ; # com/sun/tools/javac/comp/Modules$$Lambda+0x0000025110114948
instanceKlass  @bci com/sun/tools/javac/comp/Modules setupAllModules ()V 403 <appendix> argL0 ; # com/sun/tools/javac/comp/Modules$$Lambda+0x00000251101146f8
instanceKlass  @bci com/sun/tools/javac/comp/Modules setupAllModules ()V 332 <appendix> argL0 ; # com/sun/tools/javac/comp/Modules$$Lambda+0x00000251101144a8
instanceKlass  @bci com/sun/tools/javac/comp/Modules setupAllModules ()V 288 <appendix> argL0 ; # com/sun/tools/javac/comp/Modules$$Lambda+0x0000025110114258
instanceKlass  @bci com/sun/tools/javac/comp/Modules setupAllModules ()V 282 <appendix> member <vmtarget> ; # com/sun/tools/javac/comp/Modules$$Lambda+0x0000025110114000
instanceKlass  @cpi com/sun/tools/javac/comp/Operators$UnaryOperatorHelper 112 form vmentry <vmtarget> ; # java/lang/invoke/LambdaForm$DMH+0x0000025110110800
instanceKlass  @bci com/sun/tools/javac/comp/Modules completeModule (Lcom/sun/tools/javac/code/Symbol$ModuleSymbol;)V 10 <appendix> member <vmtarget> ; # com/sun/tools/javac/comp/Modules$$Lambda+0x000002511010fd60
instanceKlass com/sun/tools/javac/jvm/ClassReader$UsesProvidesCompleter
instanceKlass  @bci com/sun/tools/javac/jvm/ClassReader readClass (Lcom/sun/tools/javac/code/Symbol$ClassSymbol;)V 419 <appendix> member <vmtarget> ; # com/sun/tools/javac/jvm/ClassReader$$Lambda+0x000002511010f900
instanceKlass  @bci com/sun/tools/javac/util/List collector ()Ljava/util/stream/Collector; 15 <appendix> argL0 ; # com/sun/tools/javac/util/List$$Lambda+0x000002511010f6c0
instanceKlass  @bci com/sun/tools/javac/util/List collector ()Ljava/util/stream/Collector; 10 <appendix> argL0 ; # com/sun/tools/javac/util/List$$Lambda+0x000002511010f478
instanceKlass  @bci com/sun/tools/javac/util/List collector ()Ljava/util/stream/Collector; 5 <appendix> argL0 ; # com/sun/tools/javac/util/List$$Lambda+0x000002511010f248
instanceKlass  @bci com/sun/tools/javac/util/List collector ()Ljava/util/stream/Collector; 0 <appendix> argL0 ; # com/sun/tools/javac/util/List$$Lambda+0x000002511010f028
instanceKlass  @bci com/sun/tools/javac/code/Symbol$ClassSymbol getPermittedSubclasses ()Lcom/sun/tools/javac/util/List; 9 <appendix> argL0 ; # com/sun/tools/javac/code/Symbol$ClassSymbol$$Lambda+0x000002511010ede8
instanceKlass com/sun/tools/javac/jvm/ClassReader$InterimProvidesDirective
instanceKlass  @bci com/sun/tools/javac/jvm/ClassReader$24 read (Lcom/sun/tools/javac/code/Symbol;I)V 1005 <appendix> member <vmtarget> ; # com/sun/tools/javac/jvm/ClassReader$24$$Lambda+0x000002511010e7a0
instanceKlass  @bci com/sun/tools/javac/jvm/ClassReader$24 read (Lcom/sun/tools/javac/code/Symbol;I)V 947 <appendix> member <vmtarget> ; # com/sun/tools/javac/jvm/ClassReader$24$$Lambda+0x000002511010e578
instanceKlass com/sun/tools/javac/jvm/ClassReader$InterimUsesDirective
instanceKlass  @bci com/sun/tools/javac/jvm/ClassReader$24 read (Lcom/sun/tools/javac/code/Symbol;I)V 858 <appendix> member <vmtarget> ; # com/sun/tools/javac/jvm/ClassReader$24$$Lambda+0x000002511010e140
instanceKlass javax/lang/model/element/ModuleElement$ExportsDirective
instanceKlass  @bci com/sun/tools/javac/jvm/ClassReader$24 read (Lcom/sun/tools/javac/code/Symbol;I)V 170 <appendix> member <vmtarget> ; # com/sun/tools/javac/jvm/ClassReader$24$$Lambda+0x000002511010d860
instanceKlass  @cpi com/sun/tools/javac/jvm/ClassReader$24 376 form vmentry <vmtarget> ; # java/lang/invoke/LambdaForm$DMH+0x0000025110110400
instanceKlass java/util/function/IntFunction
instanceKlass  @bci com/sun/tools/javac/jvm/ClassReader$24 read (Lcom/sun/tools/javac/code/Symbol;I)V 58 <appendix> member <vmtarget> ; # com/sun/tools/javac/jvm/ClassReader$24$$Lambda+0x000002511010d638
instanceKlass  @cpi com/sun/tools/javac/jvm/ClassReader$24 369 form vmentry <vmtarget> ; # java/lang/invoke/LambdaForm$DMH+0x0000025110110000
instanceKlass com/sun/tools/javac/jvm/PoolReader$Utf8Mapper
instanceKlass com/sun/tools/javac/jvm/ClassReader$SourceFileObject
instanceKlass com/sun/tools/javac/jvm/PoolReader$ImmutablePoolHelper
instanceKlass java/util/BitSet
instanceKlass com/sun/tools/javac/jvm/PoolReader
instanceKlass com/sun/tools/javac/comp/Modules$3
instanceKlass com/sun/tools/javac/code/ModuleFinder$1
instanceKlass  @bci java/util/regex/CharPredicates ASCII_WORD ()Ljava/util/regex/Pattern$BmpCharPredicate; 0 <appendix> argL0 ; # java/util/regex/CharPredicates$$Lambda+0x0000025110062758
instanceKlass jdk/internal/jrtfs/JrtFileAttributes
instanceKlass  @bci java/util/stream/StreamSpliterators$WrappingSpliterator initPartialTraversalState ()V 37 <appendix> member <vmtarget> ; # java/util/stream/StreamSpliterators$WrappingSpliterator$$Lambda+0x00000251100611b8
instanceKlass java/util/function/BooleanSupplier
instanceKlass  @bci java/util/stream/StreamSpliterators$WrappingSpliterator initPartialTraversalState ()V 24 <appendix> member <vmtarget> ; # java/util/stream/StreamSpliterators$WrappingSpliterator$$Lambda+0x0000025110060d08
instanceKlass java/util/stream/StreamSpliterators
instanceKlass java/util/stream/AbstractSpinedBuffer
instanceKlass jdk/internal/jrtfs/JrtDirectoryStream$1
instanceKlass java/util/stream/StreamSpliterators$AbstractWrappingSpliterator
instanceKlass  @bci java/util/stream/AbstractPipeline spliterator ()Ljava/util/Spliterator; 103 <appendix> member <vmtarget> ; # java/util/stream/AbstractPipeline$$Lambda+0x000002511005fc48
instanceKlass  @bci jdk/internal/jrtfs/JrtFileSystem iteratorOf (Ljdk/internal/jrtfs/JrtPath;Ljava/nio/file/DirectoryStream$Filter;)Ljava/util/Iterator; 82 <appendix> member <vmtarget> ; # jdk/internal/jrtfs/JrtFileSystem$$Lambda+0x000002511005f9f0
instanceKlass  @bci jdk/internal/jrtfs/JrtFileSystem iteratorOf (Ljdk/internal/jrtfs/JrtPath;Ljava/nio/file/DirectoryStream$Filter;)Ljava/util/Iterator; 71 <appendix> member <vmtarget> ; # jdk/internal/jrtfs/JrtFileSystem$$Lambda+0x000002511005f7a8
instanceKlass java/util/ArrayList$ArrayListSpliterator
instanceKlass  @bci jdk/internal/jimage/ImageReader$SharedImageReader handleModulesSubTree (Ljava/lang/String;Ljdk/internal/jimage/ImageLocation;)Ljdk/internal/jimage/ImageReader$Node; 37 <appendix> member <vmtarget> ; # jdk/internal/jimage/ImageReader$SharedImageReader$$Lambda+0x000002511005f1f8
instanceKlass jdk/internal/jimage/ImageReader$SharedImageReader$LocationVisitor
instanceKlass jdk/internal/jrtfs/JrtDirectoryStream
instanceKlass  @bci com/sun/tools/javac/file/Locations$SystemModulesLocationHandler initSystemModules ()V 254 <appendix> argL0 ; # com/sun/tools/javac/file/Locations$SystemModulesLocationHandler$$Lambda+0x000002511010c0b0
instanceKlass com/sun/tools/javac/file/JavacFileManager$DirectoryContainer
instanceKlass  @bci com/sun/tools/javac/comp/Modules initModules (Lcom/sun/tools/javac/util/List;)V 30 <appendix> member <vmtarget> ; # com/sun/tools/javac/comp/Modules$$Lambda+0x000002511010b9c8
instanceKlass com/sun/tools/javac/parser/JavacParser$LambdaClassifier
instanceKlass jdk/internal/math/FloatingDecimal$ASCIIToBinaryBuffer
instanceKlass jdk/internal/math/FloatingDecimal$PreparedASCIIToBinaryBuffer
instanceKlass jdk/internal/math/FloatingDecimal$ASCIIToBinaryConverter
instanceKlass jdk/internal/math/FloatingDecimal$BinaryToASCIIBuffer
instanceKlass jdk/internal/math/FloatingDecimal$ExceptionalBinaryToASCIIBuffer
instanceKlass jdk/internal/math/FloatingDecimal$BinaryToASCIIConverter
instanceKlass jdk/internal/math/FloatingDecimal
instanceKlass  @bci com/sun/tools/javac/parser/JavacParser analyzePattern (I)Lcom/sun/tools/javac/parser/JavacParser$PatternResult; 450 <appendix> argL0 ; # com/sun/tools/javac/parser/JavacParser$$Lambda+0x000002511010b118
instanceKlass com/sun/tools/javac/tree/JCTree$1
instanceKlass  @bci java/util/stream/Collectors joining ()Ljava/util/stream/Collector; 19 <appendix> argL0 ; # java/util/stream/Collectors$$Lambda+0x000002511005d8f8
instanceKlass  @bci java/util/stream/Collectors joining ()Ljava/util/stream/Collector; 14 <appendix> argL0 ; # java/util/stream/Collectors$$Lambda+0x000002511005d6b0
instanceKlass  @bci java/util/stream/Collectors joining ()Ljava/util/stream/Collector; 9 <appendix> argL0 ; # java/util/stream/Collectors$$Lambda+0x000002511005d480
instanceKlass  @bci java/util/stream/Collectors joining ()Ljava/util/stream/Collector; 4 <appendix> argL0 ; # java/util/stream/Collectors$$Lambda+0x000002511005d260
instanceKlass  @bci com/sun/tools/javac/parser/JavacParser merge (Lcom/sun/tools/javac/util/ListBuffer;Lcom/sun/tools/javac/util/ListBuffer;)Z 55 <appendix> argL0 ; # com/sun/tools/javac/parser/JavacParser$$Lambda+0x0000025110109350
instanceKlass com/sun/tools/javac/util/Position$LineMapImpl
instanceKlass com/sun/tools/javac/util/Position$LineMap
instanceKlass com/sun/tools/javac/util/Position
instanceKlass  @bci com/sun/tools/javac/tree/TreeMaker TopLevel (Lcom/sun/tools/javac/util/List;)Lcom/sun/tools/javac/tree/JCTree$JCCompilationUnit; 110 <appendix> member <vmtarget> ; # com/sun/tools/javac/tree/TreeMaker$$Lambda+0x0000025110107a48
instanceKlass  @bci com/sun/tools/javac/parser/JavacParser switchBlockStatementGroup ()Lcom/sun/tools/javac/util/List; 469 <appendix> argL0 ; # com/sun/tools/javac/parser/JavacParser$$Lambda+0x0000025110107808
instanceKlass  @bci com/sun/tools/javac/parser/JavacParser switchBlockStatementGroup ()Lcom/sun/tools/javac/util/List; 250 <appendix> argL0 ; # com/sun/tools/javac/parser/JavacParser$$Lambda+0x0000025110107188
instanceKlass  @bci com/sun/tools/javac/parser/JavacParser arguments ()Lcom/sun/tools/javac/util/List; 80 <appendix> argL0 ; # com/sun/tools/javac/parser/JavacParser$$Lambda+0x0000025110106460
instanceKlass com/sun/tools/javac/tree/TreeInfo$2
instanceKlass com/sun/tools/javac/tree/TreeInfo
instanceKlass com/sun/tools/javac/parser/JavacParser$2
instanceKlass  @bci com/sun/tools/javac/parser/JavacParser accept (Lcom/sun/tools/javac/parser/Tokens$TokenKind;)V 2 <appendix> argL0 ; # com/sun/tools/javac/parser/JavacParser$$Lambda+0x0000025110104f08
instanceKlass com/sun/tools/javac/resources/CompilerProperties$Errors
instanceKlass  @bci com/sun/tools/javac/parser/JavacParser <init> (Lcom/sun/tools/javac/parser/ParserFactory;Lcom/sun/tools/javac/parser/Lexer;ZZZZ)V 59 <appendix> argL0 ; # com/sun/tools/javac/parser/JavacParser$$Lambda+0x0000025110104ab0
instanceKlass com/sun/tools/javac/parser/JavacParser$AbstractEndPosTable
instanceKlass com/sun/tools/javac/parser/JavacParser$ErrorRecoveryAction
instanceKlass com/sun/tools/javac/tree/EndPosTable
instanceKlass com/sun/tools/javac/parser/JavacParser
instanceKlass com/sun/tools/javac/parser/Scanner
instanceKlass com/sun/source/tree/LineMap
instanceKlass java/nio/file/attribute/FileTime
instanceKlass com/sun/tools/javac/file/BaseFileManager$ContentCacheEntry
instanceKlass sun/nio/ch/Util$BufferCache
instanceKlass sun/nio/ch/Util
instanceKlass sun/nio/ch/IOStatus
instanceKlass sun/nio/ch/NativeThread
instanceKlass java/nio/channels/NetworkChannel
instanceKlass sun/nio/ch/SelChImpl
instanceKlass sun/nio/ch/Streams
instanceKlass java/nio/channels/Channels
instanceKlass sun/nio/ch/FileChannelImpl$Closer
instanceKlass sun/nio/ch/NativeThreadSet
instanceKlass sun/nio/ch/IOUtil
instanceKlass sun/nio/ch/NativeDispatcher
instanceKlass sun/nio/fs/WindowsChannelFactory$Flags
instanceKlass sun/nio/fs/WindowsChannelFactory$1
instanceKlass sun/nio/fs/WindowsChannelFactory
instanceKlass sun/nio/fs/WindowsSecurityDescriptor
instanceKlass com/sun/tools/javac/util/DiagnosticSource
instanceKlass com/sun/tools/javac/main/JavaCompiler$InitialFileParser
instanceKlass com/sun/tools/javac/main/JavaCompiler$InitialFileParserIntf
instanceKlass com/sun/tools/javac/processing/JavacProcessingEnvironment$DiscoveredProcessors$ProcessorStateIterator
instanceKlass com/sun/tools/javac/processing/JavacProcessingEnvironment$DiscoveredProcessors
instanceKlass com/sun/tools/javac/util/Iterators$CompoundIterator
instanceKlass  @bci com/sun/tools/javac/processing/JavacProcessingEnvironment initProcessorIterator (Ljava/lang/Iterable;)V 256 <appendix> argL0 ; # com/sun/tools/javac/processing/JavacProcessingEnvironment$$Lambda+0x00000251101008f0
instanceKlass javax/annotation/processing/Processor
instanceKlass com/sun/tools/javac/processing/JavacProcessingEnvironment$ServiceIterator
instanceKlass com/sun/tools/javac/file/PathFileObject
instanceKlass jdk/internal/loader/URLClassPath$Loader
instanceKlass jdk/internal/loader/URLClassPath$3
instanceKlass java/net/URLClassLoader$3$1
instanceKlass java/net/URLClassLoader$3
instanceKlass com/sun/tools/javac/file/JavacFileManager$3
instanceKlass  @bci com/sun/tools/javac/file/JavacFileManager asFiles (Ljava/lang/Iterable;)Ljava/lang/Iterable; 7 <appendix> member <vmtarget> ; # com/sun/tools/javac/file/JavacFileManager$$Lambda+0x00000251100fb138
instanceKlass com/sun/tools/javac/model/JavacTypes
instanceKlass com/sun/tools/javac/processing/JavacMessager
instanceKlass java/util/Collections$SynchronizedMap
instanceKlass java/util/Collections$SynchronizedCollection
instanceKlass com/sun/tools/javac/processing/JavacFiler
instanceKlass com/sun/tools/javac/util/ForwardingDiagnosticFormatter$ForwardingConfiguration
instanceKlass com/sun/tools/javac/code/Types$DefaultSymbolVisitor
instanceKlass com/sun/tools/javac/util/ForwardingDiagnosticFormatter
instanceKlass  @bci com/sun/tools/javac/main/JavaCompiler <init> (Lcom/sun/tools/javac/util/Context;)V 400 <appendix> member <vmtarget> ; # com/sun/tools/javac/main/JavaCompiler$$Lambda+0x00000251100e8c00
instanceKlass com/sun/tools/javac/code/ModuleFinder$ModuleNameFromSourceReader
instanceKlass  @bci com/sun/tools/javac/main/JavaCompiler <init> (Lcom/sun/tools/javac/util/Context;)V 387 <appendix> member <vmtarget> ; # com/sun/tools/javac/main/JavaCompiler$$Lambda+0x00000251100f7a00
instanceKlass com/sun/tools/javac/comp/Modules$PackageNameFinder
instanceKlass com/sun/tools/javac/api/ClientCodeWrapper
instanceKlass com/sun/tools/javac/api/MultiTaskListener
instanceKlass  @bci com/sun/tools/javac/code/ClassFinder <init> (Lcom/sun/tools/javac/util/Context;)V 330 <appendix> argL0 ; # com/sun/tools/javac/code/ClassFinder$$Lambda+0x00000251100f6f18
instanceKlass jdk/internal/jimage/ImageReader$Node
instanceKlass jdk/internal/jrtfs/SystemImage$2
instanceKlass java/lang/Class$Holder
instanceKlass  @bci jdk/internal/jrtfs/SystemImage <clinit> ()V 0 <appendix> argL0 ; # jdk/internal/jrtfs/SystemImage$$Lambda+0x0000025110056e78
instanceKlass jdk/internal/jrtfs/SystemImage
instanceKlass jdk/internal/jrtfs/JrtPath
instanceKlass java/nio/charset/CoderResult
instanceKlass java/util/TimSort
instanceKlass java/util/Arrays$LegacyMergeSort
instanceKlass java/util/AbstractMap$SimpleEntry
instanceKlass jdk/internal/jimage/ImageBufferCache$2
instanceKlass jdk/internal/jimage/ImageBufferCache
instanceKlass jdk/internal/loader/Resource
instanceKlass sun/net/www/ParseUtil
instanceKlass sun/net/www/MessageHeader
instanceKlass  @bci sun/net/www/protocol/jrt/JavaRuntimeURLConnection <clinit> ()V 0 <appendix> argL0 ; # sun/net/www/protocol/jrt/JavaRuntimeURLConnection$$Lambda+0x0000025110054648
instanceKlass java/net/URLConnection
instanceKlass jdk/internal/loader/URLClassPath$1
instanceKlass java/lang/CompoundEnumeration
instanceKlass jdk/internal/loader/BuiltinClassLoader$1
instanceKlass java/util/Collections$EmptyEnumeration
instanceKlass jdk/internal/loader/BuiltinClassLoader$2
instanceKlass java/nio/channels/AsynchronousFileChannel
instanceKlass java/nio/channels/AsynchronousChannel
instanceKlass java/util/concurrent/ExecutorService
instanceKlass java/util/concurrent/Executor
instanceKlass java/nio/channels/spi/AbstractInterruptibleChannel
instanceKlass java/nio/channels/InterruptibleChannel
instanceKlass java/nio/channels/ScatteringByteChannel
instanceKlass java/nio/channels/GatheringByteChannel
instanceKlass java/nio/file/FileStore
instanceKlass java/nio/file/DirectoryStream
instanceKlass java/nio/file/DirectoryStream$Filter
instanceKlass java/nio/channels/SeekableByteChannel
instanceKlass java/nio/channels/ByteChannel
instanceKlass java/nio/channels/WritableByteChannel
instanceKlass java/nio/channels/ReadableByteChannel
instanceKlass java/nio/channels/Channel
instanceKlass java/nio/file/attribute/FileAttribute
instanceKlass java/util/ServiceLoader$3
instanceKlass java/nio/file/spi/FileSystemProvider$1
instanceKlass com/sun/tools/javac/file/JRTIndex
instanceKlass com/sun/tools/javac/jvm/ClassReader$AttributeReader
instanceKlass com/sun/tools/javac/comp/Analyzer$2
instanceKlass com/sun/tools/javac/comp/Analyzer$1
instanceKlass com/sun/tools/javac/comp/Analyzer$StatementAnalyzer
instanceKlass com/sun/tools/javac/comp/Analyzer$DeferredAnalysisHelper
instanceKlass com/sun/tools/javac/comp/Analyzer
instanceKlass  @bci com/sun/tools/javac/code/Symtab <init> (Lcom/sun/tools/javac/util/Context;)V 2295 <appendix> member <vmtarget> ; # com/sun/tools/javac/code/Symtab$$Lambda+0x00000251100ebbe0
instanceKlass com/sun/tools/javac/code/Symtab$2
instanceKlass com/sun/tools/javac/code/Symtab$1
instanceKlass  @bci com/sun/tools/javac/code/Symtab doEnterClass (Lcom/sun/tools/javac/code/Symbol$ModuleSymbol;Lcom/sun/tools/javac/code/Symbol$ClassSymbol;)V 8 <appendix> argL0 ; # com/sun/tools/javac/code/Symtab$$Lambda+0x00000251100eaee8
instanceKlass  @bci com/sun/tools/javac/code/Symtab getClass (Lcom/sun/tools/javac/code/Symbol$ModuleSymbol;Lcom/sun/tools/javac/util/Name;)Lcom/sun/tools/javac/code/Symbol$ClassSymbol; 7 <appendix> member <vmtarget> ; # com/sun/tools/javac/code/Symtab$$Lambda+0x00000251100eacc0
instanceKlass  @bci com/sun/tools/javac/code/Symtab enterPackage (Lcom/sun/tools/javac/code/Symbol$ModuleSymbol;Lcom/sun/tools/javac/util/Name;)Lcom/sun/tools/javac/code/Symbol$PackageSymbol; 29 <appendix> member <vmtarget> ; # com/sun/tools/javac/code/Symtab$$Lambda+0x00000251100eaa98
instanceKlass com/sun/tools/javac/jvm/JNIWriter
instanceKlass com/sun/tools/javac/jvm/Code
instanceKlass com/sun/tools/javac/jvm/PoolWriter$WriteablePoolHelper
instanceKlass com/sun/tools/javac/code/Types$SignatureGenerator
instanceKlass com/sun/tools/javac/jvm/PoolWriter
instanceKlass com/sun/tools/javac/code/Preview$1
instanceKlass com/sun/tools/javac/comp/ConstFold
instanceKlass  @bci com/sun/tools/javac/comp/Operators initBinaryOperators ()V 1049 <appendix> argL0 ; # com/sun/tools/javac/comp/Operators$$Lambda+0x00000251100ed278
instanceKlass  @bci com/sun/tools/javac/comp/Operators initBinaryOperators ()V 951 <appendix> argL0 ; # com/sun/tools/javac/comp/Operators$$Lambda+0x00000251100ed028
instanceKlass  @bci com/sun/tools/javac/comp/Operators initBinaryOperators ()V 855 <appendix> argL0 ; # com/sun/tools/javac/comp/Operators$$Lambda+0x00000251100ecdd8
instanceKlass  @bci com/sun/tools/javac/comp/Operators$BinaryNumericOperator <init> (Lcom/sun/tools/javac/comp/Operators;Lcom/sun/tools/javac/tree/JCTree$Tag;)V 3 <appendix> argL0 ; # com/sun/tools/javac/comp/Operators$BinaryNumericOperator$$Lambda+0x00000251100ec910
instanceKlass  @bci com/sun/tools/javac/comp/Operators$BinaryOperatorHelper addBinaryOperator (Lcom/sun/tools/javac/comp/Operators$OperatorType;Lcom/sun/tools/javac/comp/Operators$OperatorType;Lcom/sun/tools/javac/comp/Operators$OperatorType;[I)Lcom/sun/tools/javac/comp/Operators$BinaryOperatorHelper; 11 <appendix> form vmentry <vmtarget> ; # java/lang/invoke/LambdaForm$DMH+0x00000251100e8800
instanceKlass  @bci com/sun/tools/javac/comp/Operators$BinaryOperatorHelper addBinaryOperator (Lcom/sun/tools/javac/comp/Operators$OperatorType;Lcom/sun/tools/javac/comp/Operators$OperatorType;Lcom/sun/tools/javac/comp/Operators$OperatorType;[I)Lcom/sun/tools/javac/comp/Operators$BinaryOperatorHelper; 11 <appendix> member <vmtarget> ; # com/sun/tools/javac/comp/Operators$BinaryOperatorHelper$$Lambda+0x00000251100ec470
instanceKlass  @bci com/sun/tools/javac/comp/Operators initUnaryOperators ()V 180 <appendix> argL0 ; # com/sun/tools/javac/comp/Operators$$Lambda+0x00000251100e74a0
instanceKlass  @bci com/sun/tools/javac/comp/Operators$UnaryOperatorHelper addUnaryOperator (Lcom/sun/tools/javac/comp/Operators$OperatorType;Lcom/sun/tools/javac/comp/Operators$OperatorType;[I)Lcom/sun/tools/javac/comp/Operators$UnaryOperatorHelper; 9 <appendix> form vmentry <vmtarget> ; # java/lang/invoke/LambdaForm$DMH+0x00000251100e8400
instanceKlass  @bci com/sun/tools/javac/comp/Operators$UnaryOperatorHelper addUnaryOperator (Lcom/sun/tools/javac/comp/Operators$OperatorType;Lcom/sun/tools/javac/comp/Operators$OperatorType;[I)Lcom/sun/tools/javac/comp/Operators$UnaryOperatorHelper; 9 <appendix> member <vmtarget> ; # com/sun/tools/javac/comp/Operators$UnaryOperatorHelper$$Lambda+0x00000251100e7278
instanceKlass  @bci com/sun/tools/javac/comp/Operators$OperatorType <clinit> ()V 192 <appendix> argL0 ; # com/sun/tools/javac/comp/Operators$OperatorType$$Lambda+0x00000251100e6e40
instanceKlass  @bci com/sun/tools/javac/comp/Operators$OperatorType <clinit> ()V 173 <appendix> argL0 ; # com/sun/tools/javac/comp/Operators$OperatorType$$Lambda+0x00000251100e6c00
instanceKlass  @bci com/sun/tools/javac/comp/Operators$OperatorType <clinit> ()V 154 <appendix> argL0 ; # com/sun/tools/javac/comp/Operators$OperatorType$$Lambda+0x00000251100e69c0
instanceKlass  @bci com/sun/tools/javac/comp/Operators$OperatorType <clinit> ()V 135 <appendix> argL0 ; # com/sun/tools/javac/comp/Operators$OperatorType$$Lambda+0x00000251100e6780
instanceKlass  @bci com/sun/tools/javac/comp/Operators$OperatorType <clinit> ()V 116 <appendix> argL0 ; # com/sun/tools/javac/comp/Operators$OperatorType$$Lambda+0x00000251100e6540
instanceKlass  @bci com/sun/tools/javac/comp/Operators$OperatorType <clinit> ()V 97 <appendix> argL0 ; # com/sun/tools/javac/comp/Operators$OperatorType$$Lambda+0x00000251100e6300
instanceKlass  @bci com/sun/tools/javac/comp/Operators$OperatorType <clinit> ()V 79 <appendix> argL0 ; # com/sun/tools/javac/comp/Operators$OperatorType$$Lambda+0x00000251100e60c0
instanceKlass  @bci com/sun/tools/javac/comp/Operators$OperatorType <clinit> ()V 61 <appendix> argL0 ; # com/sun/tools/javac/comp/Operators$OperatorType$$Lambda+0x00000251100e5e80
instanceKlass  @bci com/sun/tools/javac/comp/Operators$OperatorType <clinit> ()V 43 <appendix> argL0 ; # com/sun/tools/javac/comp/Operators$OperatorType$$Lambda+0x00000251100e5c40
instanceKlass  @bci com/sun/tools/javac/comp/Operators$OperatorType <clinit> ()V 25 <appendix> argL0 ; # com/sun/tools/javac/comp/Operators$OperatorType$$Lambda+0x00000251100e5a00
instanceKlass  @bci com/sun/tools/javac/comp/Operators$OperatorType <clinit> ()V 7 <appendix> argL0 ; # com/sun/tools/javac/comp/Operators$OperatorType$$Lambda+0x00000251100e57c0
instanceKlass  @bci com/sun/tools/javac/comp/Operators$UnaryNumericOperator <init> (Lcom/sun/tools/javac/comp/Operators;Lcom/sun/tools/javac/tree/JCTree$Tag;)V 3 <appendix> argL0 ; # com/sun/tools/javac/comp/Operators$UnaryNumericOperator$$Lambda+0x00000251100e5328
instanceKlass  @cpi com/sun/tools/javac/comp/Operators$UnaryNumericOperator 65 form vmentry <vmtarget> ; # java/lang/invoke/LambdaForm$DMH+0x00000251100e8000
instanceKlass  @bci com/sun/tools/javac/code/Symbol$MethodSymbol <clinit> ()V 0 <appendix> argL0 ; # com/sun/tools/javac/code/Symbol$MethodSymbol$$Lambda+0x00000251100e4a70
instanceKlass com/sun/tools/javac/comp/Operators$OperatorHelper
instanceKlass com/sun/tools/javac/comp/Operators
instanceKlass com/sun/tools/javac/comp/Lower$EnumMapping
instanceKlass com/sun/tools/javac/jvm/PoolConstant$Dynamic
instanceKlass com/sun/tools/javac/jvm/StringConcat
instanceKlass com/sun/tools/javac/jvm/Items$Item
instanceKlass com/sun/tools/javac/jvm/Gen$GenFinalizer
instanceKlass com/sun/tools/javac/jvm/ClassWriter$AttributeWriter
instanceKlass com/sun/tools/javac/jvm/ClassFile
instanceKlass com/sun/tools/javac/code/ModuleFinder$ModuleLocationIterator
instanceKlass com/sun/tools/javac/code/ModuleFinder
instanceKlass com/sun/tools/javac/code/DeferredCompletionFailureHandler$3
instanceKlass com/sun/tools/javac/code/DeferredCompletionFailureHandler$2
instanceKlass com/sun/tools/javac/code/DeferredCompletionFailureHandler$1
instanceKlass com/sun/tools/javac/code/DeferredCompletionFailureHandler$Handler
instanceKlass com/sun/tools/javac/code/DeferredCompletionFailureHandler
instanceKlass com/sun/tools/javac/comp/Flow$PatternDescription
instanceKlass com/sun/tools/javac/comp/Flow
instanceKlass com/sun/tools/javac/comp/Infer$GraphStrategy
instanceKlass com/sun/tools/javac/comp/InferenceContext
instanceKlass com/sun/tools/javac/comp/Infer$IncorporationEngine
instanceKlass com/sun/tools/javac/code/Type$UndetVar$UndetVarListener
instanceKlass javax/lang/model/element/TypeParameterElement
instanceKlass com/sun/tools/javac/comp/Infer
instanceKlass com/sun/tools/javac/parser/UnicodeReader
instanceKlass com/sun/tools/javac/parser/ScannerFactory
instanceKlass com/sun/tools/javac/util/MandatoryWarningHandler
instanceKlass com/sun/tools/javac/code/Preview
instanceKlass com/sun/tools/javac/parser/Tokens$Token
instanceKlass com/sun/tools/javac/parser/Tokens
instanceKlass com/sun/tools/javac/tree/DocTreeMaker$SentenceBreaker
instanceKlass com/sun/tools/javac/parser/ReferenceParser
instanceKlass com/sun/tools/javac/model/JavacElements
instanceKlass com/sun/tools/javac/tree/DocCommentTable
instanceKlass com/sun/source/doctree/DocTreeVisitor
instanceKlass com/sun/source/util/DocSourcePositions
instanceKlass com/sun/source/tree/Scope
instanceKlass com/sun/source/util/SourcePositions
instanceKlass com/sun/source/doctree/EscapeTree
instanceKlass com/sun/source/doctree/ParamTree
instanceKlass com/sun/source/doctree/SerialDataTree
instanceKlass com/sun/source/doctree/HiddenTree
instanceKlass com/sun/source/doctree/DeprecatedTree
instanceKlass com/sun/source/doctree/AuthorTree
instanceKlass com/sun/source/doctree/ReferenceTree
instanceKlass com/sun/source/doctree/ValueTree
instanceKlass com/sun/source/doctree/IdentifierTree
instanceKlass com/sun/source/doctree/ErroneousTree
instanceKlass com/sun/source/doctree/TextTree
instanceKlass com/sun/source/doctree/CommentTree
instanceKlass com/sun/source/doctree/EndElementTree
instanceKlass com/sun/source/doctree/DocTypeTree
instanceKlass com/sun/source/doctree/UsesTree
instanceKlass com/sun/source/doctree/IndexTree
instanceKlass com/sun/source/doctree/SummaryTree
instanceKlass com/sun/source/doctree/ReturnTree
instanceKlass com/sun/source/doctree/AttributeTree
instanceKlass com/sun/source/doctree/VersionTree
instanceKlass com/sun/source/doctree/SerialTree
instanceKlass com/sun/source/doctree/LiteralTree
instanceKlass com/sun/source/doctree/LinkTree
instanceKlass com/sun/source/doctree/EntityTree
instanceKlass com/sun/source/doctree/SpecTree
instanceKlass com/sun/source/doctree/ThrowsTree
instanceKlass com/sun/source/doctree/ProvidesTree
instanceKlass com/sun/source/doctree/SnippetTree
instanceKlass com/sun/source/doctree/SerialFieldTree
instanceKlass com/sun/source/doctree/DocRootTree
instanceKlass com/sun/source/doctree/SinceTree
instanceKlass com/sun/source/doctree/InheritDocTree
instanceKlass com/sun/source/doctree/DocCommentTree
instanceKlass com/sun/tools/javac/parser/Tokens$Comment
instanceKlass com/sun/source/doctree/StartElementTree
instanceKlass com/sun/source/doctree/UnknownBlockTagTree
instanceKlass com/sun/source/doctree/UnknownInlineTagTree
instanceKlass com/sun/source/doctree/SystemPropertyTree
instanceKlass com/sun/source/doctree/InlineTagTree
instanceKlass com/sun/source/doctree/SeeTree
instanceKlass com/sun/source/doctree/BlockTagTree
instanceKlass com/sun/source/doctree/DocTree
instanceKlass com/sun/tools/javac/tree/DocTreeMaker
instanceKlass com/sun/source/util/DocTreeFactory
instanceKlass com/sun/tools/javac/parser/Lexer
instanceKlass com/sun/tools/javac/parser/ParserFactory
instanceKlass com/sun/tools/javac/util/Dependencies
instanceKlass com/sun/tools/javac/comp/TypeEnvs
instanceKlass com/sun/tools/javac/code/TypeAnnotations
instanceKlass com/sun/tools/javac/code/DeferredLintHandler$1
instanceKlass com/sun/tools/javac/code/DeferredLintHandler
instanceKlass  @bci com/sun/tools/javac/comp/TypeEnter$ImportsPhase <init> (Lcom/sun/tools/javac/comp/TypeEnter;)V 23 <appendix> member <vmtarget> ; # com/sun/tools/javac/comp/TypeEnter$ImportsPhase$$Lambda+0x00000251100cd2b8
instanceKlass com/sun/tools/javac/comp/TypeEnter$DefaultConstructorHelper
instanceKlass com/sun/tools/javac/util/GraphUtils$DependencyKind
instanceKlass com/sun/tools/javac/comp/TypeEnter$Phase
instanceKlass com/sun/tools/javac/comp/TypeEnter
instanceKlass  @bci com/sun/tools/javac/code/Types <init> (Lcom/sun/tools/javac/util/Context;)V 360 <appendix> argL0 ; # com/sun/tools/javac/code/Types$$Lambda+0x00000251100cae38
instanceKlass java/util/function/BiPredicate
instanceKlass com/sun/tools/javac/code/Types$CandidatesCache
instanceKlass com/sun/tools/javac/code/Types$ImplementationCache
instanceKlass com/sun/tools/javac/code/Types$3
instanceKlass com/sun/tools/javac/code/Types$DescriptorCache
instanceKlass com/sun/tools/javac/code/Types
instanceKlass com/sun/tools/javac/tree/TreeMaker$AnnotationBuilder
instanceKlass com/sun/tools/javac/tree/TreeMaker
instanceKlass com/sun/tools/javac/tree/JCTree$Factory
instanceKlass com/sun/tools/javac/comp/DeferredAttr$4
instanceKlass com/sun/tools/javac/tree/TreeCopier
instanceKlass com/sun/tools/javac/comp/DeferredAttr$DeferredAttrContext
instanceKlass com/sun/tools/javac/comp/DeferredAttr$DeferredStuckPolicy
instanceKlass com/sun/tools/javac/comp/AttrRecover
instanceKlass com/sun/tools/javac/comp/Resolve$ReferenceLookupResult
instanceKlass com/sun/tools/javac/api/Formattable$LocalizedString
instanceKlass com/sun/tools/javac/comp/Resolve$10
instanceKlass com/sun/tools/javac/comp/Resolve$9
instanceKlass com/sun/tools/javac/comp/Resolve$8
instanceKlass  @bci com/sun/tools/javac/comp/Resolve <init> (Lcom/sun/tools/javac/util/Context;)V 96 <appendix> member <vmtarget> ; # com/sun/tools/javac/comp/Resolve$$Lambda+0x00000251100bb8a0
instanceKlass  @bci com/sun/tools/javac/comp/Resolve <init> (Lcom/sun/tools/javac/util/Context;)V 86 <appendix> member <vmtarget> ; # com/sun/tools/javac/comp/Resolve$$Lambda+0x00000251100bb678
instanceKlass com/sun/tools/javac/comp/Resolve$7
instanceKlass  @bci com/sun/tools/javac/comp/Resolve <init> (Lcom/sun/tools/javac/util/Context;)V 64 <appendix> argL0 ; # com/sun/tools/javac/comp/Resolve$$Lambda+0x00000251100bb228
instanceKlass com/sun/tools/javac/comp/Env
instanceKlass com/sun/tools/javac/comp/Resolve$AbstractMethodCheck
instanceKlass com/sun/tools/javac/comp/Resolve$2
instanceKlass com/sun/tools/javac/code/Scope$ScopeListener
instanceKlass com/sun/tools/javac/comp/Resolve$LookupHelper
instanceKlass com/sun/tools/javac/comp/Resolve$ReferenceChooser
instanceKlass com/sun/tools/javac/comp/Resolve$LogResolveHelper
instanceKlass com/sun/tools/javac/comp/Resolve$RecoveryLoadClass
instanceKlass com/sun/tools/javac/comp/Resolve
instanceKlass  @bci com/sun/tools/javac/comp/Check <init> (Lcom/sun/tools/javac/util/Context;)V 62 <appendix> argL0 ; # com/sun/tools/javac/comp/Check$$Lambda+0x00000251100b5fd0
instanceKlass com/sun/tools/javac/comp/Check$1
instanceKlass com/sun/tools/javac/util/Warner
instanceKlass com/sun/tools/javac/comp/Check
instanceKlass com/sun/tools/javac/comp/Modules$1
instanceKlass  @bci com/sun/tools/javac/comp/Modules <clinit> ()V 0 <appendix> argL0 ; # com/sun/tools/javac/comp/Modules$$Lambda+0x00000251100af8b0
instanceKlass  @cpi com/sun/tools/javac/comp/Modules 1618 form vmentry <vmtarget> ; # java/lang/invoke/LambdaForm$DMH+0x00000251100b0000
instanceKlass com/sun/tools/javac/util/Iterators
instanceKlass com/sun/tools/javac/code/Directive
instanceKlass javax/lang/model/element/ModuleElement$RequiresDirective
instanceKlass javax/lang/model/element/ModuleElement$Directive
instanceKlass  @bci com/sun/tools/javac/code/Symtab enterModule (Lcom/sun/tools/javac/util/Name;)Lcom/sun/tools/javac/code/Symbol$ModuleSymbol; 37 <appendix> member <vmtarget> ; # com/sun/tools/javac/code/Symtab$$Lambda+0x00000251100adf00
instanceKlass  @bci com/sun/tools/javac/code/Symtab addRootPackageFor (Lcom/sun/tools/javac/code/Symbol$ModuleSymbol;)V 36 <appendix> member <vmtarget> ; # com/sun/tools/javac/code/Symtab$$Lambda+0x00000251100adcc8
instanceKlass  @bci com/sun/tools/javac/code/Symtab doEnterPackage (Lcom/sun/tools/javac/code/Symbol$ModuleSymbol;Lcom/sun/tools/javac/code/Symbol$PackageSymbol;)V 8 <appendix> argL0 ; # com/sun/tools/javac/code/Symtab$$Lambda+0x00000251100ada88
instanceKlass com/sun/tools/javac/code/Scope$ScopeListenerList
instanceKlass com/sun/tools/javac/code/Scope$Entry
instanceKlass com/sun/tools/javac/comp/Annotate$AnnotationTypeMetadata
instanceKlass com/sun/tools/javac/api/Formattable
instanceKlass com/sun/tools/javac/code/Kinds$KindSelector
instanceKlass com/sun/tools/javac/code/MissingInfoHandler
instanceKlass com/sun/tools/javac/code/TypeMetadata
instanceKlass javax/lang/model/type/NullType
instanceKlass com/sun/tools/javac/code/Symtab
instanceKlass com/sun/tools/javac/comp/MatchBindingsComputer$MatchBindings
instanceKlass com/sun/source/util/SimpleTreeVisitor
instanceKlass javax/lang/model/element/RecordComponentElement
instanceKlass javax/lang/model/type/IntersectionType
instanceKlass com/sun/tools/javac/comp/Check$NestedCheckContext
instanceKlass com/sun/tools/javac/comp/Resolve$MethodCheck
instanceKlass javax/lang/model/type/UnionType
instanceKlass com/sun/tools/javac/comp/Attr$ResultInfo
instanceKlass com/sun/tools/javac/code/Types$DefaultTypeVisitor
instanceKlass com/sun/tools/javac/comp/Annotate$2
instanceKlass com/sun/tools/javac/comp/Check$CheckContext
instanceKlass javax/lang/model/element/AnnotationMirror
instanceKlass com/sun/tools/javac/comp/Annotate
instanceKlass com/sun/tools/javac/util/ByteBuffer
instanceKlass com/sun/tools/javac/code/Attribute
instanceKlass javax/lang/model/element/AnnotationValue
instanceKlass javax/lang/model/type/PrimitiveType
instanceKlass com/sun/tools/javac/comp/Annotate$AnnotationTypeCompleter
instanceKlass com/sun/tools/javac/jvm/ClassReader
instanceKlass  @bci com/sun/tools/javac/code/ClassFinder <init> (Lcom/sun/tools/javac/util/Context;)V 23 <appendix> member <vmtarget> ; # com/sun/tools/javac/code/ClassFinder$$Lambda+0x00000251100940c0
instanceKlass com/sun/tools/javac/code/Scope
instanceKlass com/sun/tools/javac/code/ClassFinder
instanceKlass com/sun/tools/javac/util/Convert
instanceKlass com/sun/tools/javac/util/ArrayUtils
instanceKlass com/sun/tools/javac/util/Name
instanceKlass javax/lang/model/element/Name
instanceKlass com/sun/tools/javac/util/Name$Table
instanceKlass com/sun/tools/javac/util/Names
instanceKlass com/sun/tools/javac/code/Symbol$Completer$1
instanceKlass  @bci com/sun/tools/javac/main/JavaCompiler <init> (Lcom/sun/tools/javac/util/Context;)V 6 <appendix> member <vmtarget> ; # com/sun/tools/javac/main/JavaCompiler$$Lambda+0x0000025110091580
instanceKlass javax/lang/model/element/ModuleElement
instanceKlass com/sun/tools/javac/parser/Parser
instanceKlass javax/lang/model/element/PackageElement
instanceKlass com/sun/tools/javac/main/JavaCompiler
instanceKlass com/sun/tools/javac/code/Lint$AugmentVisitor
instanceKlass com/sun/tools/javac/code/Attribute$Visitor
instanceKlass com/sun/tools/javac/resources/CompilerProperties$Fragments
instanceKlass com/sun/tools/javac/code/Symbol$Completer
instanceKlass javax/lang/model/element/TypeElement
instanceKlass javax/lang/model/element/QualifiedNameable
instanceKlass com/sun/source/tree/MemberReferenceTree
instanceKlass com/sun/source/tree/ModuleTree
instanceKlass com/sun/source/tree/PrimitiveTypeTree
instanceKlass com/sun/source/tree/MemberSelectTree
instanceKlass com/sun/source/tree/LabeledStatementTree
instanceKlass com/sun/source/tree/DoWhileLoopTree
instanceKlass com/sun/source/tree/ClassTree
instanceKlass com/sun/source/tree/VariableTree
instanceKlass com/sun/source/tree/MethodTree
instanceKlass com/sun/source/tree/UnionTypeTree
instanceKlass com/sun/source/tree/ArrayAccessTree
instanceKlass com/sun/source/tree/DeconstructionPatternTree
instanceKlass com/sun/source/tree/ConditionalExpressionTree
instanceKlass com/sun/source/tree/InstanceOfTree
instanceKlass com/sun/source/tree/CompoundAssignmentTree
instanceKlass com/sun/source/tree/PackageTree
instanceKlass com/sun/source/tree/LambdaExpressionTree
instanceKlass com/sun/source/tree/ParameterizedTypeTree
instanceKlass com/sun/source/tree/AssignmentTree
instanceKlass com/sun/source/tree/EnhancedForLoopTree
instanceKlass com/sun/source/tree/ParenthesizedTree
instanceKlass com/sun/source/tree/ArrayTypeTree
instanceKlass com/sun/source/tree/IntersectionTypeTree
instanceKlass com/sun/source/tree/ExpressionStatementTree
instanceKlass com/sun/source/tree/MethodInvocationTree
instanceKlass com/sun/source/tree/IdentifierTree
instanceKlass com/sun/source/tree/EmptyStatementTree
instanceKlass com/sun/source/tree/ThrowTree
instanceKlass com/sun/source/tree/UsesTree
instanceKlass com/sun/source/tree/UnaryTree
instanceKlass com/sun/source/tree/OpensTree
instanceKlass com/sun/source/tree/BlockTree
instanceKlass com/sun/source/tree/BreakTree
instanceKlass com/sun/source/tree/CaseTree
instanceKlass com/sun/source/tree/YieldTree
instanceKlass com/sun/source/tree/IfTree
instanceKlass com/sun/source/tree/CatchTree
instanceKlass com/sun/source/tree/TryTree
instanceKlass com/sun/source/tree/WildcardTree
instanceKlass com/sun/source/tree/ReturnTree
instanceKlass com/sun/source/tree/RequiresTree
instanceKlass com/sun/source/tree/AssertTree
instanceKlass com/sun/source/tree/ProvidesTree
instanceKlass com/sun/source/tree/WhileLoopTree
instanceKlass com/sun/source/tree/LiteralTree
instanceKlass com/sun/source/tree/ModifiersTree
instanceKlass com/sun/source/tree/ErroneousTree
instanceKlass com/sun/source/tree/BinaryTree
instanceKlass com/sun/source/tree/SynchronizedTree
instanceKlass com/sun/source/tree/NewArrayTree
instanceKlass com/sun/source/tree/NewClassTree
instanceKlass com/sun/source/tree/TypeParameterTree
instanceKlass com/sun/source/tree/TypeCastTree
instanceKlass com/sun/source/tree/ExportsTree
instanceKlass com/sun/source/tree/DirectiveTree
instanceKlass com/sun/source/tree/AnnotatedTypeTree
instanceKlass com/sun/source/tree/AnyPatternTree
instanceKlass com/sun/source/tree/ContinueTree
instanceKlass com/sun/source/tree/SwitchTree
instanceKlass com/sun/source/tree/ForLoopTree
instanceKlass com/sun/source/tree/StatementTree
instanceKlass com/sun/source/tree/ImportTree
instanceKlass com/sun/source/tree/BindingPatternTree
instanceKlass com/sun/source/tree/PatternTree
instanceKlass com/sun/source/tree/SwitchExpressionTree
instanceKlass com/sun/source/tree/PatternCaseLabelTree
instanceKlass com/sun/source/tree/StringTemplateTree
instanceKlass com/sun/source/tree/ConstantCaseLabelTree
instanceKlass com/sun/source/tree/DefaultCaseLabelTree
instanceKlass com/sun/source/tree/CaseLabelTree
instanceKlass com/sun/source/tree/AnnotationTree
instanceKlass  @bci java/util/regex/Pattern negate (Ljava/util/regex/Pattern$CharPredicate;)Ljava/util/regex/Pattern$CharPredicate; 1 <appendix> member <vmtarget> ; # java/util/regex/Pattern$$Lambda+0x800000030
instanceKlass  @bci java/util/regex/Pattern ALL ()Ljava/util/regex/Pattern$CharPredicate; 0 <appendix> argL0 ; # java/util/regex/Pattern$$Lambda+0x000002511004e4b0
instanceKlass javax/annotation/processing/Messager
instanceKlass javax/annotation/processing/RoundEnvironment
instanceKlass javax/annotation/processing/Filer
instanceKlass com/sun/tools/javac/tree/JCTree$Visitor
instanceKlass com/sun/tools/javac/processing/JavacProcessingEnvironment
instanceKlass javax/annotation/processing/ProcessingEnvironment
instanceKlass java/util/Collections$EmptyIterator
instanceKlass com/sun/tools/javac/platform/PlatformDescription
instanceKlass  @bci javax/lang/model/SourceVersion getLatestSupported ()Ljavax/lang/model/SourceVersion; 19 <appendix> form vmentry <vmtarget> ; # java/lang/invoke/LambdaForm$MH+0x0000025110035c00
instanceKlass  @bci javax/lang/model/SourceVersion getLatestSupported ()Ljavax/lang/model/SourceVersion; 19 <appendix> argL3 form vmentry <vmtarget> ; # java/lang/invoke/LambdaForm$MH+0x0000025110035800
instanceKlass java/lang/invoke/MethodHandles$1
instanceKlass java/lang/Long$LongCache
# instanceKlass java/lang/invoke/LambdaForm$MH+0x0000025110035400
# instanceKlass java/lang/invoke/LambdaForm$MH+0x0000025110035000
instanceKlass  @bci javax/lang/model/SourceVersion getLatestSupported ()Ljavax/lang/model/SourceVersion; 19 <appendix> argL1 form vmentry <vmtarget> ; # java/lang/invoke/LambdaForm$MH+0x0000025110034c00
# instanceKlass java/lang/invoke/LambdaForm$MH+0x0000025110034800
instanceKlass java/lang/Runtime$Version
instanceKlass  @bci com/sun/tools/javac/main/Arguments validate ()Z 1363 <appendix> member <vmtarget> ; # com/sun/tools/javac/main/Arguments$$Lambda+0x0000025110030aa8
instanceKlass java/util/stream/ForEachOps$ForEachOp
instanceKlass java/util/stream/ForEachOps
instanceKlass  @bci com/sun/tools/javac/main/Arguments checkOptionAllowed (ZLcom/sun/tools/javac/main/Arguments$ErrorReporter;[Lcom/sun/tools/javac/main/Option;)V 33 <appendix> member <vmtarget> ; # com/sun/tools/javac/main/Arguments$$Lambda+0x0000025110030870
instanceKlass  @cpi com/sun/tools/javac/code/Symtab 1365 form vmentry <vmtarget> ; # java/lang/invoke/LambdaForm$DMH+0x0000025110034400
instanceKlass  @bci com/sun/tools/javac/main/Arguments checkOptionAllowed (ZLcom/sun/tools/javac/main/Arguments$ErrorReporter;[Lcom/sun/tools/javac/main/Option;)V 17 <appendix> member <vmtarget> ; # com/sun/tools/javac/main/Arguments$$Lambda+0x0000025110030618
instanceKlass  @cpi com/sun/tools/javac/jvm/Items$MemberItem 148 form vmentry <vmtarget> ; # java/lang/invoke/LambdaForm$DMH+0x0000025110034000
instanceKlass  @bci com/sun/tools/javac/main/Arguments validate ()Z 1273 <appendix> member <vmtarget> ; # com/sun/tools/javac/main/Arguments$$Lambda+0x00000251100303f0
instanceKlass java/util/Collections$1
instanceKlass  @bci com/sun/tools/javac/file/CacheFSInfo isFile (Ljava/nio/file/Path;)Z 5 <appendix> argL0 ; # com/sun/tools/javac/file/CacheFSInfo$$Lambda+0x0000025110029c90
instanceKlass  @cpi com/sun/tools/javac/file/CacheFSInfo 178 form vmentry <vmtarget> ; # java/lang/invoke/LambdaForm$DMH+0x0000025110029400
instanceKlass sun/nio/fs/WindowsLinkSupport
instanceKlass  @bci com/sun/tools/javac/file/CacheFSInfo getCanonicalFile (Ljava/nio/file/Path;)Ljava/nio/file/Path; 6 <appendix> member <vmtarget> ; # com/sun/tools/javac/file/CacheFSInfo$$Lambda+0x0000025110029a48
instanceKlass  @bci com/sun/tools/javac/file/CacheFSInfo getAttributes (Ljava/nio/file/Path;)Ljava/util/Optional; 6 <appendix> member <vmtarget> ; # com/sun/tools/javac/file/CacheFSInfo$$Lambda+0x0000025110029800
instanceKlass  @cpi com/sun/tools/javac/comp/TypeEnter 825 form vmentry <vmtarget> ; # java/lang/invoke/LambdaForm$DMH+0x0000025110029000
instanceKlass com/sun/tools/javac/util/ListBuffer$1
instanceKlass  @bci java/util/regex/Pattern Single (I)Ljava/util/regex/Pattern$BmpCharPredicate; 1 <appendix> member <vmtarget> ; # java/util/regex/Pattern$$Lambda+0x800000028
instanceKlass com/sun/tools/javac/file/BaseFileManager$3
instanceKlass java/util/LinkedHashMap$LinkedHashIterator
instanceKlass com/sun/tools/javac/main/DelegatingJavaFileManager
instanceKlass  @bci com/sun/tools/javac/file/JavacFileManager <init> (Lcom/sun/tools/javac/util/Context;ZLjava/nio/charset/Charset;)V 6 <appendix> argL0 ; # com/sun/tools/javac/file/JavacFileManager$$Lambda+0x000002511002aa40
instanceKlass com/sun/tools/javac/file/Locations$ModuleTable
instanceKlass  @bci com/sun/tools/javac/file/Locations$ModuleSourcePathLocationHandler <init> (Lcom/sun/tools/javac/file/Locations;)V 23 <appendix> argL0 ; # com/sun/tools/javac/file/Locations$ModuleSourcePathLocationHandler$$Lambda+0x000002511002a000
instanceKlass  @bci com/sun/tools/javac/file/Locations <init> ()V 5 <appendix> argL0 ; # com/sun/tools/javac/file/Locations$$Lambda+0x0000025110027008
instanceKlass javax/tools/StandardJavaFileManager$PathFactory
instanceKlass sun/nio/fs/WindowsPath$1
instanceKlass com/sun/tools/javac/file/Locations$LocationHandler
instanceKlass com/sun/tools/javac/file/Locations
instanceKlass  @bci com/sun/tools/javac/file/CacheFSInfo preRegister (Lcom/sun/tools/javac/util/Context;)V 3 <appendix> argL0 ; # com/sun/tools/javac/file/CacheFSInfo$$Lambda+0x0000025110025df0
instanceKlass com/sun/tools/javac/file/FSInfo
instanceKlass  @bci com/sun/tools/javac/main/Arguments handleReleaseOptions (Ljava/util/function/Predicate;)Z 22 <appendix> member <vmtarget> ; # com/sun/tools/javac/main/Arguments$$Lambda+0x0000025110025730
instanceKlass com/sun/tools/javac/main/Arguments$ErrorReporter
instanceKlass  @bci com/sun/tools/javac/main/Arguments processArgs (Ljava/lang/Iterable;Ljava/util/Set;Lcom/sun/tools/javac/main/OptionHelper;ZZ)Z 24 <adapter> ; # java/lang/invoke/LambdaForm$MH+0x0000025110028c00
# instanceKlass java/lang/invoke/LambdaForm$DMH+0x0000025110028800
instanceKlass  @bci com/sun/tools/javac/main/Arguments processArgs (Ljava/lang/Iterable;Ljava/util/Set;Lcom/sun/tools/javac/main/OptionHelper;ZZ)Z 24 <appendix> form vmentry <vmtarget> ; # java/lang/invoke/LambdaForm$DMH+0x0000025110028400
instanceKlass  @bci com/sun/tools/javac/main/Arguments processArgs (Ljava/lang/Iterable;Ljava/util/Set;Lcom/sun/tools/javac/main/OptionHelper;ZZ)Z 24 <appendix> member <vmtarget> ; # com/sun/tools/javac/main/Arguments$$Lambda+0x00000251100252d8
instanceKlass  @cpi com/sun/tools/javac/main/Arguments 1127 form vmentry <vmtarget> ; # java/lang/invoke/LambdaForm$DMH+0x0000025110028000
instanceKlass sun/nio/fs/AbstractBasicFileAttributeView
instanceKlass sun/nio/fs/DynamicFileAttributeView
instanceKlass sun/nio/fs/WindowsFileAttributeViews
instanceKlass sun/nio/fs/Util
instanceKlass java/nio/file/attribute/BasicFileAttributeView
instanceKlass java/nio/file/attribute/FileAttributeView
instanceKlass java/nio/file/attribute/AttributeView
instanceKlass sun/nio/fs/WindowsNativeDispatcher$CompletionStatus
instanceKlass sun/nio/fs/WindowsNativeDispatcher$AclInformation
instanceKlass sun/nio/fs/WindowsNativeDispatcher$Account
instanceKlass sun/nio/fs/WindowsNativeDispatcher$DiskFreeSpace
instanceKlass sun/nio/fs/WindowsNativeDispatcher$VolumeInformation
instanceKlass sun/nio/fs/WindowsNativeDispatcher$FirstStream
instanceKlass sun/nio/fs/WindowsNativeDispatcher$FirstFile
instanceKlass sun/nio/fs/WindowsNativeDispatcher
instanceKlass sun/nio/fs/NativeBuffer$Deallocator
instanceKlass sun/nio/fs/NativeBuffer
instanceKlass java/lang/ThreadLocal$ThreadLocalMap
instanceKlass java/lang/ThreadLocal
instanceKlass sun/nio/fs/NativeBuffers
instanceKlass sun/nio/fs/WindowsFileAttributes
instanceKlass java/nio/file/attribute/DosFileAttributes
instanceKlass java/nio/file/attribute/BasicFileAttributes
instanceKlass java/nio/file/Files
instanceKlass java/nio/file/CopyOption
instanceKlass com/sun/tools/doclint/DocLint$1
instanceKlass java/util/ServiceLoader$ProviderImpl
instanceKlass java/util/ServiceLoader$1
instanceKlass java/security/PrivilegedExceptionAction
instanceKlass com/sun/source/tree/CompilationUnitTree
instanceKlass com/sun/source/util/TreePath
instanceKlass com/sun/source/util/JavacTask
instanceKlass javax/tools/JavaCompiler$CompilationTask
instanceKlass java/util/concurrent/Callable
instanceKlass javax/lang/model/util/Types
instanceKlass javax/lang/model/util/Elements
instanceKlass com/sun/source/util/Trees
instanceKlass com/sun/source/util/TaskListener
instanceKlass com/sun/source/util/TreeScanner
instanceKlass com/sun/source/tree/TreeVisitor
instanceKlass  @bci com/sun/tools/doclint/DocLint newDocLint ()Lcom/sun/tools/doclint/DocLint; 17 <appendix> argL0 ; # com/sun/tools/doclint/DocLint$$Lambda+0x0000025110020f90
instanceKlass java/util/ServiceLoader$Provider
instanceKlass java/util/ServiceLoader$ProviderSpliterator
instanceKlass java/util/ServiceLoader$2
instanceKlass java/util/ServiceLoader$LazyClassPathLookupIterator
instanceKlass java/util/concurrent/CopyOnWriteArrayList$COWIterator
instanceKlass java/util/Spliterators$1Adapter
instanceKlass java/util/ServiceLoader$ModuleServicesLookupIterator
instanceKlass java/util/ServiceLoader
instanceKlass com/sun/tools/doclint/DocLint
instanceKlass com/sun/source/util/Plugin
instanceKlass java/util/JumboEnumSet$EnumSetIterator
instanceKlass com/sun/tools/javac/main/Arguments
instanceKlass java/util/TreeMap$Entry
instanceKlass java/lang/ProcessEnvironment$CheckedEntry
instanceKlass java/lang/ProcessEnvironment$CheckedEntrySet$1
instanceKlass java/util/NavigableMap
instanceKlass java/util/SortedMap
instanceKlass java/lang/ProcessEnvironment$EntryComparator
instanceKlass java/lang/ProcessEnvironment$NameComparator
instanceKlass java/io/Reader
instanceKlass java/lang/Readable
instanceKlass jdk/internal/opt/CommandLine
instanceKlass  @bci com/sun/tools/javac/util/Log <init> (Lcom/sun/tools/javac/util/Context;Ljava/util/Map;)V 124 <appendix> member <vmtarget> ; # com/sun/tools/javac/util/Log$$Lambda+0x000002511001fa58
instanceKlass javax/tools/DiagnosticListener
instanceKlass  @bci com/sun/tools/javac/util/JCDiagnostic$Factory <init> (Lcom/sun/tools/javac/util/Context;)V 31 <appendix> member <vmtarget> ; # com/sun/tools/javac/util/JCDiagnostic$Factory$$Lambda+0x000002511001f830
instanceKlass com/sun/tools/javac/util/JCDiagnostic
instanceKlass  @cpi com/sun/tools/javac/code/Symtab 1394 form vmentry <vmtarget> ; # java/lang/invoke/LambdaForm$DMH+0x000002511001d000
instanceKlass javax/lang/model/element/ExecutableElement
instanceKlass javax/lang/model/element/Parameterizable
instanceKlass javax/lang/model/type/ExecutableType
instanceKlass javax/lang/model/type/NoType
instanceKlass javax/lang/model/type/ErrorType
instanceKlass javax/lang/model/type/DeclaredType
instanceKlass javax/lang/model/type/WildcardType
instanceKlass javax/lang/model/element/VariableElement
instanceKlass javax/lang/model/type/ArrayType
instanceKlass com/sun/tools/javac/jvm/PoolConstant$LoadableConstant
instanceKlass javax/lang/model/type/TypeVariable
instanceKlass javax/lang/model/type/ReferenceType
instanceKlass javax/lang/model/type/TypeMirror
instanceKlass com/sun/tools/javac/code/AnnoConstruct
instanceKlass javax/lang/model/element/Element
instanceKlass javax/lang/model/AnnotatedConstruct
instanceKlass com/sun/tools/javac/jvm/PoolConstant
instanceKlass com/sun/tools/javac/util/AbstractDiagnosticFormatter$SimpleConfiguration
instanceKlass com/sun/source/tree/ExpressionTree
instanceKlass com/sun/tools/javac/tree/JCTree
instanceKlass com/sun/source/tree/Tree
instanceKlass com/sun/tools/javac/api/DiagnosticFormatter$Configuration
instanceKlass com/sun/tools/javac/code/Printer
instanceKlass com/sun/tools/javac/code/Symbol$Visitor
instanceKlass com/sun/tools/javac/code/Type$Visitor
instanceKlass com/sun/tools/javac/util/AbstractDiagnosticFormatter
instanceKlass com/sun/tools/javac/util/Options
instanceKlass  @bci jdk/internal/module/SystemModuleFinders$SystemModuleReader open (Ljava/lang/String;)Ljava/util/Optional; 6 <appendix> member <vmtarget> ; # jdk/internal/module/SystemModuleFinders$SystemModuleReader$$Lambda+0x000002511004a2d8
instanceKlass jdk/internal/module/Checks
instanceKlass jdk/internal/module/Resources
instanceKlass  @bci java/util/ResourceBundle$ResourceBundleProviderHelper loadPropertyResourceBundle (Ljava/lang/Module;Ljava/lang/Module;Ljava/lang/String;Ljava/util/Locale;)Ljava/util/ResourceBundle; 14 <appendix> member <vmtarget> ; # java/util/ResourceBundle$ResourceBundleProviderHelper$$Lambda+0x000002511004a0b0
instanceKlass  @bci java/util/ResourceBundle$ResourceBundleProviderHelper newResourceBundle (Ljava/lang/Class;)Ljava/util/ResourceBundle; 22 <appendix> member <vmtarget> ; # java/util/ResourceBundle$ResourceBundleProviderHelper$$Lambda+0x80000000f
instanceKlass java/security/Security$1
instanceKlass jdk/internal/access/JavaSecurityPropertiesAccess
instanceKlass java/util/concurrent/ConcurrentHashMap$MapEntry
instanceKlass java/io/FileInputStream$1
instanceKlass java/util/concurrent/ForkJoinPool$ManagedBlocker
instanceKlass java/util/concurrent/locks/AbstractQueuedSynchronizer$Node
instanceKlass java/util/Properties$LineReader
instanceKlass jdk/internal/ref/CleanerImpl
instanceKlass java/lang/ref/Cleaner$1
instanceKlass java/lang/ref/Cleaner
instanceKlass jdk/internal/ref/CleanerFactory$1
instanceKlass java/util/concurrent/ThreadFactory
instanceKlass jdk/internal/ref/CleanerFactory
instanceKlass java/lang/ref/Cleaner$Cleanable
instanceKlass  @bci java/security/Security <clinit> ()V 9 <appendix> argL0 ; # java/security/Security$$Lambda+0x80000000b
instanceKlass java/security/Security
instanceKlass sun/security/util/SecurityProperties
instanceKlass sun/security/util/FilePermCompat
instanceKlass sun/security/util/SecurityConstants
instanceKlass  @bci java/util/ResourceBundle$ResourceBundleProviderHelper loadResourceBundle (Ljava/lang/Module;Ljava/lang/Module;Ljava/lang/String;Ljava/util/Locale;)Ljava/util/ResourceBundle; 13 <appendix> member <vmtarget> ; # java/util/ResourceBundle$ResourceBundleProviderHelper$$Lambda+0x0000025110048ae8
instanceKlass java/util/ResourceBundle$ResourceBundleProviderHelper
instanceKlass java/util/ResourceBundle$3
instanceKlass java/util/ResourceBundle$CacheKeyReference
instanceKlass java/util/ResourceBundle$CacheKey
instanceKlass  @bci java/util/ResourceBundle getLoader (Ljava/lang/Module;)Ljava/lang/ClassLoader; 6 <appendix> member <vmtarget> ; # java/util/ResourceBundle$$Lambda+0x0000025110048008
instanceKlass java/util/ResourceBundle$Control
instanceKlass java/util/ResourceBundle$1
instanceKlass jdk/internal/access/JavaUtilResourceBundleAccess
instanceKlass com/sun/tools/javac/util/List$2
instanceKlass sun/util/locale/LocaleObjectCache
instanceKlass sun/util/locale/BaseLocale$Key
instanceKlass sun/util/locale/LocaleUtils
instanceKlass sun/util/locale/BaseLocale
instanceKlass  @bci com/sun/tools/javac/util/JavacMessages add (Ljava/lang/String;)V 2 <appendix> member <vmtarget> ; # com/sun/tools/javac/util/JavacMessages$$Lambda+0x0000025110015f10
instanceKlass java/util/ResourceBundle
instanceKlass com/sun/tools/javac/util/JavacMessages$ResourceBundleHelper
instanceKlass java/util/Locale
instanceKlass com/sun/tools/javac/util/JavacMessages
instanceKlass com/sun/tools/javac/api/Messages
instanceKlass com/sun/tools/javac/util/JCDiagnostic$Factory
instanceKlass java/io/PrintWriter$1
instanceKlass jdk/internal/access/JavaIOPrintWriterAccess
instanceKlass com/sun/tools/javac/api/DiagnosticFormatter
instanceKlass javax/tools/Diagnostic
instanceKlass com/sun/tools/javac/util/Log$DiagnosticHandler
instanceKlass com/sun/tools/javac/util/JCDiagnostic$DiagnosticPosition
instanceKlass com/sun/tools/javac/util/AbstractLog
instanceKlass jdk/internal/foreign/MemorySessionImpl
instanceKlass java/lang/foreign/MemorySegment$Scope
instanceKlass  @bci com/sun/tools/javac/file/JavacFileManager preRegister (Lcom/sun/tools/javac/util/Context;)V 3 <appendix> argL0 ; # com/sun/tools/javac/file/JavacFileManager$$Lambda+0x000002511000e920
instanceKlass sun/invoke/util/VerifyAccess$1
instanceKlass com/sun/tools/javac/util/Context$Factory
instanceKlass com/sun/tools/javac/file/JavacFileManager$1
instanceKlass  @bci java/util/stream/Collectors toCollection (Ljava/util/function/Supplier;)Ljava/util/stream/Collector; 10 <appendix> argL0 ; # java/util/stream/Collectors$$Lambda+0x0000025110046110
instanceKlass  @bci java/util/stream/Collectors toCollection (Ljava/util/function/Supplier;)Ljava/util/stream/Collector; 5 <appendix> argL0 ; # java/util/stream/Collectors$$Lambda+0x0000025110045ee0
instanceKlass  @bci com/sun/tools/javac/main/Option getOptions (Lcom/sun/tools/javac/main/Option$OptionGroup;)Ljava/util/Set; 17 <appendix> argL0 ; # com/sun/tools/javac/main/Option$$Lambda+0x000002511000e298
instanceKlass  @bci com/sun/tools/javac/main/Option getOptions (Lcom/sun/tools/javac/main/Option$OptionGroup;)Ljava/util/Set; 7 <appendix> member <vmtarget> ; # com/sun/tools/javac/main/Option$$Lambda+0x000002511000e040
instanceKlass java/util/Spliterators$ArraySpliterator
instanceKlass com/sun/tools/javac/util/Context$Key
instanceKlass com/sun/tools/javac/code/Lint
instanceKlass java/util/Arrays$ArrayItr
instanceKlass com/sun/tools/javac/util/Assert
instanceKlass java/util/regex/ASCII
instanceKlass java/util/regex/IntHashSet
instanceKlass java/util/regex/Matcher
instanceKlass java/util/regex/MatchResult
instanceKlass java/util/regex/Pattern$TreeInfo
instanceKlass  @bci java/util/regex/CharPredicates ASCII_SPACE ()Ljava/util/regex/Pattern$BmpCharPredicate; 0 <appendix> argL0 ; # java/util/regex/CharPredicates$$Lambda+0x800000025
instanceKlass java/util/regex/Pattern$BmpCharPredicate
instanceKlass java/util/regex/Pattern$CharPredicate
instanceKlass java/util/regex/CharPredicates
instanceKlass java/util/regex/Pattern$Node
instanceKlass java/util/regex/Pattern
instanceKlass com/sun/tools/javac/file/RelativePath
instanceKlass javax/tools/JavaFileObject
instanceKlass javax/tools/FileObject
instanceKlass javax/tools/JavaFileManager$Location
instanceKlass com/sun/tools/javac/file/JavacFileManager$Container
instanceKlass com/sun/tools/javac/file/BaseFileManager
instanceKlass javax/tools/StandardJavaFileManager
instanceKlass javax/tools/JavaFileManager
instanceKlass javax/tools/OptionChecker
instanceKlass com/sun/tools/javac/util/Context
instanceKlass com/sun/tools/javac/util/JCDiagnostic$DiagnosticInfo
instanceKlass com/sun/tools/javac/main/OptionHelper
instanceKlass com/sun/tools/javac/main/Main
instanceKlass jdk/internal/misc/PreviewFeatures
instanceKlass jdk/internal/misc/MainMethodFinder
instanceKlass java/lang/NamedPackage
instanceKlass com/sun/tools/javac/Main
instanceKlass sun/security/util/Debug
instanceKlass java/security/SecureClassLoader$DebugHolder
instanceKlass java/security/Permission
instanceKlass java/security/Guard
instanceKlass java/security/PermissionCollection
instanceKlass java/security/SecureClassLoader$1
instanceKlass sun/net/util/URLUtil
instanceKlass sun/net/util/IPAddressUtil$MASKS
instanceKlass sun/net/util/IPAddressUtil
instanceKlass jdk/internal/jimage/ImageLocation
instanceKlass jdk/internal/jimage/decompressor/Decompressor
instanceKlass jdk/internal/jimage/ImageStringsReader
instanceKlass jdk/internal/jimage/ImageStrings
instanceKlass jdk/internal/jimage/ImageHeader
instanceKlass java/nio/Bits$1
instanceKlass jdk/internal/misc/VM$BufferPool
instanceKlass java/nio/Bits
instanceKlass sun/nio/ch/DirectBuffer
instanceKlass java/util/Enumeration
instanceKlass java/util/concurrent/ConcurrentHashMap$Traverser
instanceKlass jdk/internal/loader/NativeLibraries$3
instanceKlass jdk/internal/loader/NativeLibrary
instanceKlass java/util/ArrayDeque$DeqIterator
instanceKlass jdk/internal/loader/NativeLibraries$NativeLibraryContext$1
instanceKlass jdk/internal/loader/NativeLibraries$NativeLibraryContext
instanceKlass jdk/internal/loader/NativeLibraries$2
instanceKlass jdk/internal/loader/NativeLibraries$1
instanceKlass jdk/internal/loader/NativeLibraries$LibraryPaths
instanceKlass jdk/internal/jimage/NativeImageBuffer$1
instanceKlass jdk/internal/jimage/NativeImageBuffer
instanceKlass jdk/internal/jimage/BasicImageReader$1
instanceKlass jdk/internal/jimage/BasicImageReader
instanceKlass jdk/internal/jimage/ImageReader
instanceKlass jdk/internal/jimage/ImageReaderFactory$1
instanceKlass sun/nio/fs/WindowsPath
instanceKlass java/net/URI$Parser
instanceKlass sun/nio/fs/WindowsPathParser$Result
instanceKlass sun/nio/fs/WindowsPathParser
instanceKlass java/nio/file/FileSystem
instanceKlass java/nio/file/OpenOption
instanceKlass java/nio/file/spi/FileSystemProvider
instanceKlass sun/nio/fs/DefaultFileSystemProvider
instanceKlass java/nio/file/FileSystems$DefaultFileSystemHolder$1
instanceKlass java/nio/file/FileSystems$DefaultFileSystemHolder
instanceKlass java/nio/file/FileSystems
instanceKlass java/nio/file/Paths
instanceKlass jdk/internal/jimage/ImageReaderFactory
instanceKlass jdk/internal/module/SystemModuleFinders$SystemImage
instanceKlass jdk/internal/module/ModulePatcher$PatchedModuleReader
instanceKlass jdk/internal/module/SystemModuleFinders$SystemModuleReader
instanceKlass java/lang/module/ModuleReader
instanceKlass jdk/internal/loader/BuiltinClassLoader$5
instanceKlass java/lang/StringCoding
instanceKlass sun/nio/cs/ArrayDecoder
instanceKlass java/nio/charset/CharsetDecoder
instanceKlass sun/launcher/LauncherHelper
instanceKlass java/lang/invoke/StringConcatFactory
instanceKlass jdk/internal/module/ModuleBootstrap$SafeModuleFinder
instanceKlass java/lang/ModuleLayer$Controller
instanceKlass java/util/concurrent/CopyOnWriteArrayList
instanceKlass jdk/internal/module/ServicesCatalog$ServiceProvider
instanceKlass jdk/internal/loader/AbstractClassLoaderValue$Memoizer
instanceKlass jdk/internal/module/ModuleLoaderMap$Modules
instanceKlass jdk/internal/module/ModuleLoaderMap$Mapper
instanceKlass jdk/internal/module/ModuleLoaderMap
instanceKlass java/lang/module/ResolvedModule
instanceKlass java/util/Collections$UnmodifiableCollection$1
instanceKlass java/util/SequencedMap
instanceKlass java/util/SequencedSet
instanceKlass java/lang/ModuleLayer
instanceKlass java/util/ImmutableCollections$ListItr
instanceKlass java/util/ListIterator
instanceKlass java/lang/module/ModuleFinder$1
instanceKlass java/nio/file/Path
instanceKlass java/nio/file/Watchable
instanceKlass java/lang/module/Resolver
instanceKlass java/lang/module/Configuration
instanceKlass  @bci java/util/stream/FindOps$FindSink$OfRef <clinit> ()V 43 <appendix> argL0 ; # java/util/stream/FindOps$FindSink$OfRef$$Lambda+0x800000047
instanceKlass  @bci java/util/stream/FindOps$FindSink$OfRef <clinit> ()V 38 <appendix> argL0 ; # java/util/stream/FindOps$FindSink$OfRef$$Lambda+0x800000049
instanceKlass  @bci java/util/stream/FindOps$FindSink$OfRef <clinit> ()V 16 <appendix> argL0 ; # java/util/stream/FindOps$FindSink$OfRef$$Lambda+0x800000048
instanceKlass  @bci java/util/stream/FindOps$FindSink$OfRef <clinit> ()V 11 <appendix> argL0 ; # java/util/stream/FindOps$FindSink$OfRef$$Lambda+0x80000004a
instanceKlass java/util/stream/FindOps$FindOp
instanceKlass java/util/stream/FindOps$FindSink
instanceKlass java/util/stream/FindOps
instanceKlass  @bci jdk/internal/module/DefaultRoots exportsAPI (Ljava/lang/module/ModuleDescriptor;)Z 9 <appendix> argL0 ; # jdk/internal/module/DefaultRoots$$Lambda+0x800000050
instanceKlass java/util/stream/Sink$ChainedReference
instanceKlass java/util/stream/ReduceOps$AccumulatingSink
instanceKlass java/util/stream/TerminalSink
instanceKlass java/util/stream/Sink
instanceKlass java/util/function/Consumer
instanceKlass java/util/stream/ReduceOps$Box
instanceKlass java/util/stream/ReduceOps$ReduceOp
instanceKlass java/util/stream/TerminalOp
instanceKlass java/util/stream/ReduceOps
instanceKlass  @bci java/util/stream/Collectors castingIdentity ()Ljava/util/function/Function; 0 <appendix> argL0 ; # java/util/stream/Collectors$$Lambda+0x800000041
instanceKlass  @bci java/util/stream/Collectors toSet ()Ljava/util/stream/Collector; 14 <appendix> argL0 ; # java/util/stream/Collectors$$Lambda+0x80000003f
instanceKlass java/util/function/BinaryOperator
instanceKlass  @bci java/util/stream/Collectors toSet ()Ljava/util/stream/Collector; 9 <appendix> argL0 ; # java/util/stream/Collectors$$Lambda+0x800000038
instanceKlass java/util/function/BiConsumer
instanceKlass  @bci java/util/stream/Collectors toSet ()Ljava/util/stream/Collector; 4 <appendix> argL0 ; # java/util/stream/Collectors$$Lambda+0x800000044
instanceKlass java/util/stream/Collector
instanceKlass java/util/Collections$UnmodifiableCollection
instanceKlass java/util/stream/Collectors
instanceKlass  @bci jdk/internal/module/DefaultRoots compute (Ljava/lang/module/ModuleFinder;Ljava/lang/module/ModuleFinder;)Ljava/util/Set; 42 <appendix> argL0 ; # jdk/internal/module/DefaultRoots$$Lambda+0x80000004d
instanceKlass  @bci jdk/internal/module/DefaultRoots compute (Ljava/lang/module/ModuleFinder;Ljava/lang/module/ModuleFinder;)Ljava/util/Set; 32 <appendix> member <vmtarget> ; # jdk/internal/module/DefaultRoots$$Lambda+0x800000051
instanceKlass  @bci jdk/internal/module/DefaultRoots compute (Ljava/lang/module/ModuleFinder;Ljava/lang/module/ModuleFinder;)Ljava/util/Set; 21 <appendix> argL0 ; # jdk/internal/module/DefaultRoots$$Lambda+0x80000004e
instanceKlass  @bci com/sun/tools/javac/comp/Infer$CheckBounds <init> (Lcom/sun/tools/javac/comp/Infer;Lcom/sun/tools/javac/code/Type$UndetVar;Lcom/sun/tools/javac/code/Type;Lcom/sun/tools/javac/code/Type$UndetVar$InferenceBound;)V 4 <appendix> form vmentry <vmtarget> ; # java/lang/invoke/LambdaForm$MH+0x0000025110000800
instanceKlass  @bci jdk/internal/module/DefaultRoots compute (Ljava/lang/module/ModuleFinder;Ljava/lang/module/ModuleFinder;)Ljava/util/Set; 11 <appendix> argL0 ; # jdk/internal/module/DefaultRoots$$Lambda+0x80000004f
instanceKlass java/lang/invoke/LambdaProxyClassArchive
instanceKlass java/lang/invoke/InfoFromMemberName
instanceKlass java/lang/invoke/MethodHandleInfo
instanceKlass jdk/internal/org/objectweb/asm/ConstantDynamic
instanceKlass jdk/internal/org/objectweb/asm/Handle
instanceKlass sun/security/action/GetBooleanAction
instanceKlass java/lang/invoke/AbstractValidatingLambdaMetafactory
instanceKlass java/lang/invoke/BootstrapMethodInvoker
instanceKlass java/util/function/Predicate
instanceKlass java/lang/WeakPairMap$Pair$Lookup
instanceKlass java/lang/WeakPairMap$Pair
instanceKlass java/lang/WeakPairMap
instanceKlass java/lang/Module$ReflectionData
instanceKlass java/lang/invoke/LambdaMetafactory
# instanceKlass java/lang/invoke/LambdaForm$MH+0x0000025110000400
instanceKlass java/lang/invoke/MethodHandles$Lookup$ClassDefiner
instanceKlass java/lang/invoke/MethodHandles$Lookup$ClassFile
instanceKlass jdk/internal/org/objectweb/asm/Handler
instanceKlass jdk/internal/org/objectweb/asm/Attribute
instanceKlass jdk/internal/org/objectweb/asm/FieldVisitor
instanceKlass java/util/ArrayList$Itr
instanceKlass sun/invoke/empty/Empty
instanceKlass sun/invoke/util/VerifyType
instanceKlass java/lang/invoke/InvokerBytecodeGenerator$ClassData
instanceKlass jdk/internal/org/objectweb/asm/AnnotationVisitor
instanceKlass jdk/internal/org/objectweb/asm/Frame
instanceKlass jdk/internal/org/objectweb/asm/Label
instanceKlass jdk/internal/org/objectweb/asm/Type
instanceKlass jdk/internal/org/objectweb/asm/MethodVisitor
instanceKlass sun/invoke/util/BytecodeDescriptor
instanceKlass jdk/internal/org/objectweb/asm/ByteVector
instanceKlass jdk/internal/org/objectweb/asm/Symbol
instanceKlass jdk/internal/org/objectweb/asm/SymbolTable
instanceKlass jdk/internal/org/objectweb/asm/ClassVisitor
instanceKlass java/lang/invoke/LambdaFormBuffer
instanceKlass java/lang/invoke/LambdaFormEditor$TransformKey
instanceKlass java/lang/invoke/LambdaFormEditor
instanceKlass java/lang/invoke/Invokers$Holder
instanceKlass java/lang/invoke/DelegatingMethodHandle$Holder
instanceKlass java/lang/invoke/DirectMethodHandle$2
instanceKlass java/lang/invoke/ClassSpecializer$Factory
instanceKlass java/lang/invoke/ClassSpecializer$SpeciesData
instanceKlass java/lang/invoke/ClassSpecializer$1
instanceKlass java/lang/invoke/ClassSpecializer
instanceKlass java/lang/invoke/InvokerBytecodeGenerator$1
instanceKlass java/lang/invoke/InvokerBytecodeGenerator
instanceKlass java/lang/invoke/LambdaForm$Holder
instanceKlass java/lang/invoke/LambdaForm$Name
instanceKlass java/lang/reflect/Array
instanceKlass java/lang/invoke/Invokers
instanceKlass sun/invoke/util/ValueConversions
instanceKlass java/lang/invoke/DirectMethodHandle$Holder
instanceKlass java/lang/Void
instanceKlass sun/invoke/util/Wrapper$Format
instanceKlass java/lang/invoke/MethodHandleImpl$1
instanceKlass jdk/internal/access/JavaLangInvokeAccess
instanceKlass java/lang/invoke/LambdaForm$NamedFunction
instanceKlass java/lang/invoke/MethodHandleImpl
instanceKlass jdk/internal/reflect/MethodHandleAccessorFactory$LazyStaticHolder
instanceKlass java/lang/invoke/MethodTypeForm
instanceKlass jdk/internal/util/StrongReferenceKey
instanceKlass jdk/internal/util/ReferenceKey
instanceKlass jdk/internal/util/ReferencedKeyMap
instanceKlass java/lang/invoke/MethodType$1
instanceKlass sun/reflect/annotation/AnnotationParser
instanceKlass java/lang/Class$3
instanceKlass java/lang/PublicMethods$Key
instanceKlass java/lang/PublicMethods$MethodList
instanceKlass java/util/EnumMap$1
instanceKlass java/util/stream/StreamOpFlag$MaskBuilder
instanceKlass java/util/stream/Stream
instanceKlass java/util/stream/BaseStream
instanceKlass java/util/stream/PipelineHelper
instanceKlass java/util/stream/StreamSupport
instanceKlass java/util/Spliterators$IteratorSpliterator
instanceKlass java/util/Spliterator$OfDouble
instanceKlass java/util/Spliterator$OfLong
instanceKlass java/util/Spliterator$OfInt
instanceKlass java/util/Spliterator$OfPrimitive
instanceKlass java/util/Spliterator
instanceKlass java/util/Spliterators$EmptySpliterator
instanceKlass java/util/Spliterators
instanceKlass jdk/internal/module/DefaultRoots
instanceKlass jdk/internal/loader/BuiltinClassLoader$LoadedModule
instanceKlass jdk/internal/loader/AbstractClassLoaderValue
instanceKlass jdk/internal/module/ServicesCatalog
instanceKlass java/net/URLStreamHandler
instanceKlass java/util/Deque
instanceKlass java/util/Queue
instanceKlass java/net/URL$3
instanceKlass jdk/internal/access/JavaNetURLAccess
instanceKlass java/net/URL$DefaultFactory
instanceKlass java/net/URLStreamHandlerFactory
instanceKlass jdk/internal/loader/URLClassPath
instanceKlass java/security/Principal
instanceKlass java/security/ProtectionDomain$Key
instanceKlass java/security/ProtectionDomain$JavaSecurityAccessImpl
instanceKlass jdk/internal/access/JavaSecurityAccess
instanceKlass java/lang/ClassLoader$ParallelLoaders
instanceKlass java/security/cert/Certificate
instanceKlass jdk/internal/loader/ArchivedClassLoaders
instanceKlass java/util/concurrent/ConcurrentHashMap$CollectionView
instanceKlass jdk/internal/loader/ClassLoaderHelper
instanceKlass jdk/internal/loader/NativeLibraries
instanceKlass java/lang/Module$EnableNativeAccess
instanceKlass jdk/internal/loader/BootLoader
instanceKlass java/util/Optional
instanceKlass jdk/internal/module/SystemModuleFinders$SystemModuleFinder
instanceKlass java/lang/module/ModuleFinder
instanceKlass jdk/internal/module/SystemModuleFinders$3
instanceKlass jdk/internal/module/ModuleHashes$HashSupplier
instanceKlass jdk/internal/module/SystemModuleFinders$2
instanceKlass java/util/function/Supplier
instanceKlass java/lang/module/ModuleReference
instanceKlass jdk/internal/module/ModuleResolution
instanceKlass java/util/Collections$UnmodifiableMap
instanceKlass jdk/internal/module/ModuleHashes$Builder
instanceKlass jdk/internal/module/ModuleHashes
instanceKlass jdk/internal/module/ModuleTarget
instanceKlass java/util/ImmutableCollections$Set12$1
instanceKlass java/lang/reflect/AccessFlag$18
instanceKlass java/lang/reflect/AccessFlag$17
instanceKlass java/lang/reflect/AccessFlag$16
instanceKlass java/lang/reflect/AccessFlag$15
instanceKlass java/lang/reflect/AccessFlag$14
instanceKlass java/lang/reflect/AccessFlag$13
instanceKlass java/lang/reflect/AccessFlag$12
instanceKlass java/lang/reflect/AccessFlag$11
instanceKlass java/lang/reflect/AccessFlag$10
instanceKlass java/lang/reflect/AccessFlag$9
instanceKlass java/lang/reflect/AccessFlag$8
instanceKlass java/lang/reflect/AccessFlag$7
instanceKlass java/lang/reflect/AccessFlag$6
instanceKlass java/lang/reflect/AccessFlag$5
instanceKlass java/lang/reflect/AccessFlag$4
instanceKlass java/lang/reflect/AccessFlag$3
instanceKlass java/lang/reflect/AccessFlag$2
instanceKlass java/lang/reflect/AccessFlag$1
instanceKlass java/lang/module/ModuleDescriptor$Version
instanceKlass java/lang/module/ModuleDescriptor$Provides
instanceKlass java/lang/module/ModuleDescriptor$Opens
instanceKlass java/util/ImmutableCollections$SetN$SetNIterator
instanceKlass java/lang/module/ModuleDescriptor$Exports
instanceKlass java/lang/module/ModuleDescriptor$Requires
instanceKlass jdk/internal/module/Builder
instanceKlass jdk/internal/module/SystemModules$all
instanceKlass jdk/internal/module/SystemModules
instanceKlass jdk/internal/module/SystemModulesMap
instanceKlass java/net/URI$1
instanceKlass jdk/internal/access/JavaNetUriAccess
instanceKlass java/net/URI
instanceKlass jdk/internal/module/SystemModuleFinders
instanceKlass jdk/internal/module/ArchivedModuleGraph
instanceKlass jdk/internal/module/ArchivedBootLayer
instanceKlass jdk/internal/module/ModuleBootstrap$Counters
instanceKlass jdk/internal/module/ModulePatcher
instanceKlass java/io/FileSystem
instanceKlass java/io/DefaultFileSystem
instanceKlass java/io/File
instanceKlass java/lang/module/ModuleDescriptor$1
instanceKlass jdk/internal/access/JavaLangModuleAccess
instanceKlass sun/invoke/util/VerifyAccess
instanceKlass java/util/KeyValueHolder
instanceKlass java/util/ImmutableCollections$MapN$MapNIterator
instanceKlass java/lang/StrictMath
instanceKlass java/lang/invoke/MethodHandles$Lookup
instanceKlass java/lang/invoke/MemberName$Factory
instanceKlass java/lang/invoke/MethodHandles
instanceKlass java/lang/module/ModuleDescriptor
instanceKlass jdk/internal/module/ModuleBootstrap
instanceKlass java/lang/Character$CharacterCache
instanceKlass java/util/HexFormat
instanceKlass jdk/internal/util/ClassFileDumper
instanceKlass sun/security/action/GetPropertyAction
instanceKlass java/lang/invoke/MethodHandleStatics
instanceKlass jdk/internal/misc/Blocker
instanceKlass java/util/concurrent/locks/AbstractQueuedSynchronizer$ConditionObject
instanceKlass java/util/concurrent/locks/Condition
instanceKlass java/util/Collections
instanceKlass java/lang/Thread$ThreadIdentifiers
instanceKlass sun/io/Win32ErrorMode
instanceKlass jdk/internal/misc/OSEnvironment
instanceKlass java/lang/Integer$IntegerCache
instanceKlass jdk/internal/misc/Signal$NativeHandler
instanceKlass java/util/Hashtable$Entry
instanceKlass jdk/internal/misc/Signal
instanceKlass java/lang/Terminator$1
instanceKlass jdk/internal/misc/Signal$Handler
instanceKlass java/lang/Terminator
instanceKlass java/nio/ByteOrder
instanceKlass java/nio/Buffer$2
instanceKlass jdk/internal/access/JavaNioAccess
instanceKlass java/nio/Buffer$1
instanceKlass jdk/internal/misc/ScopedMemoryAccess
instanceKlass java/nio/charset/CodingErrorAction
instanceKlass sun/nio/cs/SingleByte
instanceKlass java/lang/StringUTF16
instanceKlass sun/nio/cs/MS1252$Holder
instanceKlass sun/nio/cs/ArrayEncoder
instanceKlass java/nio/charset/CharsetEncoder
instanceKlass java/io/Writer
instanceKlass java/io/PrintStream$1
instanceKlass jdk/internal/access/JavaIOPrintStreamAccess
instanceKlass jdk/internal/misc/InternalLock
instanceKlass java/io/OutputStream
instanceKlass java/io/Flushable
instanceKlass java/io/FileDescriptor$1
instanceKlass jdk/internal/access/JavaIOFileDescriptorAccess
instanceKlass java/io/FileDescriptor
instanceKlass jdk/internal/util/StaticProperty
instanceKlass jdk/internal/reflect/MethodHandleAccessorFactory
instanceKlass java/lang/reflect/Modifier
instanceKlass java/lang/Class$1
instanceKlass java/lang/Class$Atomic
instanceKlass java/lang/Class$ReflectionData
instanceKlass java/nio/charset/StandardCharsets
instanceKlass sun/nio/cs/HistoricallyNamedCharset
instanceKlass java/nio/charset/spi/CharsetProvider
instanceKlass java/nio/charset/Charset
instanceKlass java/util/HashMap$HashIterator
instanceKlass java/util/concurrent/locks/LockSupport
instanceKlass java/util/concurrent/ConcurrentHashMap$Node
instanceKlass java/util/concurrent/ConcurrentHashMap$CounterCell
instanceKlass java/util/concurrent/locks/ReentrantLock
instanceKlass java/util/concurrent/locks/Lock
instanceKlass java/lang/CharacterData
instanceKlass java/util/Arrays
instanceKlass jdk/internal/util/Preconditions$3
instanceKlass jdk/internal/util/Preconditions$2
instanceKlass jdk/internal/util/Preconditions$4
instanceKlass java/util/function/BiFunction
instanceKlass jdk/internal/util/Preconditions$1
instanceKlass java/util/function/Function
instanceKlass jdk/internal/util/Preconditions
instanceKlass java/lang/Runtime
instanceKlass java/lang/VersionProps
instanceKlass java/lang/StringConcatHelper
instanceKlass java/util/HashMap$Node
instanceKlass java/util/Map$Entry
instanceKlass jdk/internal/util/ArraysSupport
instanceKlass jdk/internal/util/SystemProps$Raw
instanceKlass jdk/internal/util/SystemProps
instanceKlass java/lang/System$2
instanceKlass jdk/internal/access/JavaLangAccess
instanceKlass java/lang/ref/NativeReferenceQueue$Lock
instanceKlass java/lang/ref/ReferenceQueue
instanceKlass java/lang/ref/Reference$1
instanceKlass jdk/internal/access/JavaLangRefAccess
instanceKlass jdk/internal/reflect/ReflectionFactory
instanceKlass java/lang/Math
instanceKlass java/lang/StringLatin1
instanceKlass jdk/internal/reflect/Reflection
instanceKlass jdk/internal/reflect/ReflectionFactory$GetReflectionFactoryAction
instanceKlass java/security/PrivilegedAction
instanceKlass jdk/internal/access/SharedSecrets
instanceKlass java/lang/reflect/ReflectAccess
instanceKlass jdk/internal/access/JavaLangReflectAccess
instanceKlass java/util/ImmutableCollections
instanceKlass java/util/Objects
instanceKlass java/util/Set
instanceKlass jdk/internal/misc/CDS
instanceKlass java/lang/Module$ArchivedData
instanceKlass jdk/internal/misc/VM
instanceKlass java/lang/String$CaseInsensitiveComparator
instanceKlass java/util/Comparator
instanceKlass java/io/ObjectStreamField
instanceKlass jdk/internal/vm/FillerObject
instanceKlass jdk/internal/vm/vector/VectorSupport$VectorPayload
instanceKlass jdk/internal/vm/vector/VectorSupport
instanceKlass java/lang/reflect/RecordComponent
instanceKlass java/util/Iterator
instanceKlass java/lang/Number
instanceKlass java/lang/Character
instanceKlass java/lang/Boolean
instanceKlass java/util/concurrent/locks/AbstractOwnableSynchronizer
instanceKlass java/lang/LiveStackFrame
instanceKlass java/lang/StackFrameInfo
instanceKlass java/lang/StackWalker$StackFrame
instanceKlass java/lang/StackStreamFactory$AbstractStackWalker
instanceKlass java/lang/StackWalker
instanceKlass java/nio/Buffer
instanceKlass java/lang/StackTraceElement
instanceKlass java/util/RandomAccess
instanceKlass java/util/List
instanceKlass java/util/SequencedCollection
instanceKlass java/util/AbstractCollection
instanceKlass java/util/Collection
instanceKlass java/lang/Iterable
instanceKlass java/util/concurrent/ConcurrentMap
instanceKlass java/util/AbstractMap
instanceKlass java/security/CodeSource
instanceKlass jdk/internal/loader/ClassLoaders
instanceKlass java/util/jar/Manifest
instanceKlass java/lang/Enum
instanceKlass java/net/URL
instanceKlass java/io/InputStream
instanceKlass java/io/Closeable
instanceKlass java/lang/AutoCloseable
instanceKlass jdk/internal/module/Modules
instanceKlass jdk/internal/misc/Unsafe
instanceKlass jdk/internal/misc/UnsafeConstants
instanceKlass java/lang/AbstractStringBuilder
instanceKlass java/lang/Appendable
instanceKlass java/lang/AssertionStatusDirectives
instanceKlass jdk/internal/foreign/abi/ABIDescriptor
instanceKlass jdk/internal/foreign/abi/NativeEntryPoint
instanceKlass java/lang/invoke/CallSite
instanceKlass java/lang/invoke/MethodType
instanceKlass java/lang/invoke/TypeDescriptor$OfMethod
instanceKlass java/lang/invoke/LambdaForm
instanceKlass java/lang/invoke/MethodHandleNatives
instanceKlass java/lang/invoke/ResolvedMethodName
instanceKlass java/lang/invoke/MemberName
instanceKlass java/lang/invoke/VarHandle
instanceKlass java/lang/invoke/MethodHandle
instanceKlass jdk/internal/reflect/CallerSensitive
instanceKlass java/lang/annotation/Annotation
instanceKlass jdk/internal/reflect/FieldAccessor
instanceKlass jdk/internal/reflect/ConstantPool
instanceKlass jdk/internal/reflect/ConstructorAccessor
instanceKlass jdk/internal/reflect/MethodAccessor
instanceKlass jdk/internal/reflect/MagicAccessorImpl
instanceKlass jdk/internal/vm/StackChunk
instanceKlass jdk/internal/vm/Continuation
instanceKlass jdk/internal/vm/ContinuationScope
instanceKlass java/lang/reflect/Parameter
instanceKlass java/lang/reflect/Member
instanceKlass java/lang/reflect/AccessibleObject
instanceKlass java/lang/Module
instanceKlass java/util/Map
instanceKlass java/util/Dictionary
instanceKlass java/lang/ThreadGroup
instanceKlass java/lang/Thread$UncaughtExceptionHandler
instanceKlass java/lang/Thread$Constants
instanceKlass java/lang/Thread$FieldHolder
instanceKlass java/lang/Thread
instanceKlass java/lang/Runnable
instanceKlass java/lang/ref/Reference
instanceKlass java/lang/Record
instanceKlass java/security/AccessController
instanceKlass java/security/AccessControlContext
instanceKlass java/security/ProtectionDomain
instanceKlass java/lang/SecurityManager
instanceKlass java/lang/Throwable
instanceKlass java/lang/System
instanceKlass java/lang/ClassLoader
instanceKlass java/lang/Cloneable
instanceKlass java/lang/Class
instanceKlass java/lang/invoke/TypeDescriptor$OfField
instanceKlass java/lang/invoke/TypeDescriptor
instanceKlass java/lang/reflect/Type
instanceKlass java/lang/reflect/GenericDeclaration
instanceKlass java/lang/reflect/AnnotatedElement
instanceKlass java/lang/String
instanceKlass java/lang/constant/ConstantDesc
instanceKlass java/lang/constant/Constable
instanceKlass java/lang/CharSequence
instanceKlass java/lang/Comparable
instanceKlass java/io/Serializable
ciInstanceKlass java/lang/Object 1 1 124 7 1 10 12 1 1 10 7 12 1 1 1 10 7 12 1 1 1 10 12 1 1 8 1 10 12 1 1 10 7 12 1 1 1 10 12 1 10 12 1 1 10 7 12 1 1 1 10 12 1 10 12 1 100 1 10 7 12 1 1 1 10 12 1 1 10 12 1 100 1 8 1 10 12 1 3 8 1 7 1 5 0 1 1 1 1 1 1 1 1 1 1 1 1 1 1 1 1 100 1 1 1 1 1 1 1 1 1 1 7 1 1 1 1 1 1 1 1 1 1 3 1 1
ciMethod java/lang/Object equals (Ljava/lang/Object;)Z 1024 0 12987 0 96
ciMethod java/lang/Object hashCode ()I 256 0 128 0 -1
ciInstanceKlass java/io/Serializable 1 0 7 100 1 100 1 1 1
ciInstanceKlass java/lang/System 1 1 834 10 7 12 1 1 1 9 7 12 1 1 1 10 12 1 10 12 1 1 10 12 1 1 10 12 1 9 12 1 1 10 7 12 1 1 1 11 100 12 1 1 1 10 100 12 1 1 1 10 12 1 1 10 12 1 1 100 1 8 1 10 12 1 10 7 12 1 1 1 10 100 12 1 1 1 18 12 1 1 10 7 12 1 1 1 7 1 10 12 1 1 10 7 12 1 1 1 10 12 1 10 7 12 1 1 1 9 100 12 1 1 1 10 7 12 1 1 1 11 7 12 1 1 1 10 12 1 1 10 7 12 1 1 1 7 1 10 10 12 1 1 8 1 10 12 1 8 1 10 12 1 9 12 1 1 8 1 10 7 12 1 1 1 10 12 1 1 100 1 8 1 10 9 12 1 1 8 1 10 12 1 1 10 100 12 1 1 1 8 1 10 12 1 7 1 10 12 1 8 1 10 12 1 10 12 1 1 100 1 10 12 10 12 1 9 12 1 1 9 12 1 1 10 7 12 1 1 1 10 7 12 1 1 1 10 12 1 1 10 12 1 10 12 1 10 7 12 1 1 1 10 12 1 100 1 100 1 8 1 10 12 1 10 12 1 1 7 1 10 12 1 100 1 8 1 10 10 12 1 100 1 8 1 10 8 1 10 7 12 1 1 8 1 10 12 100 1 8 1 10 10 12 1 1 10 100 12 1 1 1 100 1 18 12 1 100 1 9 100 12 1 1 1 10 12 1 100 1 10 12 1 1 10 12 1 1 10 7 12 1 1 1 10 12 1 1 10 12 1 10 12 1 10 12 1 1 10 12 1 7 1 10 12 1 9 7 12 1 1 1 10 7 12 1 1 1 10 12 1 10 12 1 10 7 12 1 1 1 7 1 8 1 10 9 12 1 9 12 1 10 12 1 10 7 12 1 1 10 12 1 10 12 1 1 8 1 10 12 1 1 8 1 11 12 1 10 12 11 12 1 1 11 7 12 1 1 1 11 7 12 1 1 11 12 1 1 7 1 11 12 1 10 12 1 8 1 10 12 1 1 8 1 8 1 8 1 8 1 11 12 1 10 12 1 10 12 1 10 12 1 8 1 10 12 1 1 8 1 9 12 1 8 1 10 7 12 1 1 8 1 7 1 9 7 12 1 1 1 10 12 1 7 1 9 12 10 9 12 7 1 10 12 9 12 1 1 8 1 10 12 1 1 8 1 10 7 12 1 1 10 12 1 10 12 1 1 11 7 12 1 1 10 12 10 7 12 1 1 1 9 12 1 1 7 1 8 1 10 12 1 1 10 7 12 1 1 1 7 1 10 12 1 1 10 12 1 8 1 8 1 10 8 1 8 1 8 1 8 1 10 10 7 12 1 1 10 12 1 10 12 1 1 10 12 1 1 10 12 1 10 100 12 1 1 1 10 7 1 8 1 10 10 10 12 1 1 10 12 1 1 8 1 10 12 1 8 1 8 1 10 12 1 10 7 12 1 1 1 10 12 1 1 7 1 10 10 12 1 10 12 1 9 12 1 1 3 1 3 1 1 1 1 1 1 1 1 1 1 1 1 100 1 1 100 1 1 1 1 1 1 1 1 1 1 1 100 1 7 1 1 1 1 1 1 1 1 1 1 1 1 1 1 1 1 1 1 1 1 1 1 1 1 1 1 1 1 1 1 1 1 1 1 1 1 1 1 1 1 1 1 1 1 1 1 1 1 1 1 1 1 1 1 1 1 1 1 100 1 1 1 1 1 1 1 1 1 1 1 1 1 1 1 1 1 1 1 1 1 1 1 1 1 1 1 1 1 1 1 1 1 100 1 1 16 15 10 12 1 1 16 15 10 12 16 1 15 10 100 12 1 1 1 1 1 1 1 1 1 100 1 100 1 1
staticfield java/lang/System in Ljava/io/InputStream; java/io/BufferedInputStream
staticfield java/lang/System out Ljava/io/PrintStream; java/io/PrintStream
staticfield java/lang/System err Ljava/io/PrintStream; java/io/PrintStream
ciInstanceKlass java/lang/SecurityManager 0 0 576 10 7 12 1 1 1 9 7 12 1 1 1 10 7 12 1 1 1 100 1 8 1 10 12 1 10 12 1 1 10 7 12 1 1 1 10 7 1 10 100 1 10 9 100 12 1 1 1 10 7 12 1 1 1 10 12 1 1 10 7 12 1 1 100 1 8 1 10 9 12 1 1 9 12 1 8 1 9 12 1 7 1 10 8 1 10 12 1 1 10 12 1 10 12 1 1 100 1 10 10 12 1 1 100 1 8 1 10 12 1 8 1 8 1 8 1 8 1 8 1 8 1 10 12 1 8 1 8 1 8 1 8 1 8 1 10 7 12 1 1 1 10 12 1 1 8 1 100 1 8 1 10 8 1 8 1 8 1 8 1 8 1 10 100 12 1 1 8 1 100 1 8 1 8 1 10 8 1 10 12 1 100 1 8 1 10 10 12 1 1 10 12 1 10 12 1 10 12 1 10 100 12 1 1 1 10 12 1 10 100 12 1 1 11 100 12 1 1 1 18 12 1 1 11 100 12 1 1 1 18 12 1 1 11 12 1 1 18 18 11 12 1 18 12 1 11 12 1 1 9 12 1 1 9 12 1 9 12 1 9 12 1 100 1 10 100 12 1 1 10 12 1 10 12 1 18 12 1 18 10 100 12 1 1 1 18 12 1 10 12 1 18 18 8 1 10 12 1 9 12 1 1 11 7 12 1 1 1 8 1 100 1 10 12 1 10 12 1 1 10 12 1 1 9 12 1 1 10 12 1 10 12 1 1 8 1 100 1 10 9 12 1 8 1 10 12 1 8 1 100 1 10 10 100 12 1 1 10 100 1 9 7 12 1 1 1 11 12 1 1 10 12 1 11 12 1 10 12 1 7 1 10 10 12 1 1 10 12 1 1 1 1 1 1 1 1 1 1 1 7 1 1 1 1 1 1 1 1 1 1 1 1 1 1 1 1 1 1 1 1 1 1 1 1 1 1 1 1 1 1 1 1 1 1 1 1 1 1 1 1 1 1 1 1 1 1 1 1 1 1 1 1 1 1 1 1 3 1 1 1 1 1 1 1 1 1 1 100 1 1 1 1 1 1 1 1 1 1 1 1 1 1 1 1 1 1 1 1 1 1 1 1 1 1 1 1 1 1 1 1 1 1 1 1 1 1 16 15 10 7 12 1 1 1 16 1 16 15 10 12 16 1 15 10 12 16 15 11 7 1 16 1 16 1 15 10 12 16 15 10 12 16 15 10 12 1 16 1 15 11 12 1 15 10 12 16 15 10 16 1 15 10 100 12 1 1 1 1 1 1 100 1 100 1 1
ciInstanceKlass java/security/AccessController 1 1 295 10 7 12 1 1 1 10 7 12 1 1 1 10 7 12 1 1 1 10 12 1 1 10 12 1 1 10 7 12 1 1 1 10 12 1 1 10 12 1 10 12 1 1 10 12 1 100 1 8 1 10 12 1 10 12 1 10 12 1 1 10 12 1 7 1 7 1 10 12 1 1 10 12 1 10 12 1 10 12 1 1 10 7 12 1 1 1 10 12 1 1 9 100 12 1 1 1 10 7 12 1 1 1 10 12 1 10 12 1 9 100 12 1 1 1 10 12 1 10 12 1 1 9 12 1 1 10 100 1 10 11 7 12 1 1 1 10 7 12 1 1 11 7 1 100 1 10 12 1 10 12 1 10 12 1 8 1 10 12 1 1 8 1 10 100 12 1 1 1 8 1 7 1 10 10 12 1 1 10 12 1 10 7 12 1 1 1 10 12 1 8 1 10 7 12 1 1 8 1 8 1 10 12 1 8 1 10 12 1 10 12 1 1 10 12 1 1 1 1 1 1 1 1 1 1 1 1 1 1 1 1 1 1 1 1 1 1 1 1 1 1 1 1 100 1 1 1 1 1 1 1 1 1 1 1 1 1 1 1 1 1 1 1 1 1 1 1 1 1 1 1 1 1 1 1 1 1 1 100 1 100 1 1 1 1 1 1 1 1 1 3 1 1 1
staticfield java/security/AccessController $assertionsDisabled Z 1
ciInstanceKlass java/security/ProtectionDomain 1 1 348 10 7 12 1 1 1 9 7 12 1 1 1 7 1 10 9 12 1 1 9 12 1 1 9 12 1 1 10 7 12 1 1 7 1 9 12 1 9 12 1 1 7 1 9 12 1 1 9 12 1 10 100 12 1 1 10 100 12 1 1 1 10 12 1 1 10 12 1 9 12 1 9 100 12 1 1 10 12 1 1 10 100 1 10 12 1 1 8 1 7 1 8 1 10 12 1 10 11 10 7 12 1 1 1 10 12 1 1 8 1 11 8 1 10 12 1 8 1 8 1 10 12 1 1 10 12 1 10 12 1 1 10 12 1 8 1 10 12 1 8 1 8 1 10 7 12 1 1 1 9 100 12 1 1 1 10 12 1 1 9 100 12 1 1 1 10 7 12 1 1 1 100 1 18 12 1 1 10 7 12 1 1 1 10 7 1 10 12 1 10 12 1 1 11 100 12 1 1 11 12 1 100 1 11 7 12 1 1 1 10 12 1 10 11 12 1 1 11 12 1 1 10 12 1 10 7 12 1 1 10 100 12 1 1 11 12 1 10 12 10 12 1 8 1 8 1 10 7 12 1 1 1 7 1 10 10 7 12 1 1 1 1 1 1 1 1 1 1 7 1 1 7 1 1 1 1 1 1 1 1 1 1 1 1 1 1 1 1 1 1 1 1 1 1 1 1 1 1 1 1 1 1 1 1 1 1 1 1 1 1 1 1 1 1 1 1 7 1 1 1 1 1 1 100 1 1 16 15 10 12 16 15 10 100 12 1 1 1 1 1 1 1 100 1 100 1 1
staticfield java/security/ProtectionDomain filePermCompatInPD Z 0
ciInstanceKlass java/security/CodeSource 1 1 398 10 7 12 1 1 1 9 7 12 1 1 1 9 12 1 1 9 12 1 1 9 12 1 1 10 7 12 1 1 1 9 12 1 1 10 100 12 1 1 10 100 10 7 12 1 1 1 10 100 12 1 1 1 10 12 1 1 7 1 10 10 100 12 1 1 1 10 100 12 1 1 1 10 12 1 1 100 1 10 12 1 1 10 12 1 1 10 12 1 1 10 12 1 10 10 10 12 1 1 10 7 12 1 1 1 10 12 1 10 12 1 10 12 1 8 1 10 12 1 10 12 1 10 12 1 1 10 12 1 8 1 10 12 1 1 10 7 1 10 10 12 1 1 8 1 10 12 1 10 12 1 10 12 1 8 1 8 1 9 12 1 1 100 1 8 1 10 12 1 10 12 1 1 8 1 10 12 1 8 1 8 1 8 1 10 100 12 1 1 10 12 1 1 10 12 1 10 12 1 1 10 12 1 1 10 12 1 1 100 1 100 1 10 12 1 10 12 10 12 1 1 10 100 12 1 1 10 12 1 7 1 10 12 10 100 12 1 1 1 10 8 1 10 12 1 10 12 1 10 12 1 1 100 1 10 12 1 1 100 1 7 1 8 1 8 1 10 10 12 1 1 10 100 12 1 1 1 7 1 10 12 10 12 1 1 11 7 12 1 1 10 10 12 1 11 10 12 1 8 1 100 1 10 12 1 10 12 1 1 10 12 1 11 12 1 1 7 1 1 1 1 5 0 1 1 1 1 1 1 1 1 1 1 1 1 1 1 1 1 1 1 1 1 1 1 1 1 1 1 1 1 1 1 1 1 1 1 1 1 1 1 1 1 1 1 1 1 1 1 1 1 1 1 1 1 1 1 1 1 1 1 1 1 1 1 1 1 1 1 100 1 1 1 1 1 1 1
ciInstanceKlass java/lang/Boolean 1 1 152 10 7 12 1 1 1 9 7 12 1 1 1 10 12 1 1 10 12 1 8 1 10 7 12 1 1 9 12 1 1 9 12 1 10 12 1 1 10 12 1 1 10 12 1 1 10 7 12 1 1 1 100 1 100 1 10 12 1 1 9 100 12 1 1 9 12 10 100 12 1 1 1 10 12 1 1 8 1 10 7 12 1 1 1 9 12 1 1 7 1 7 1 7 1 1 1 1 1 1 5 0 1 1 1 1 1 1 1 1 1 1 3 1 1 1 1 1 1 1 1 1 1 1 1 1 1 1 1 1 1 7 1 1 1 1 1 1 1 1 1 1 100 1 1 1 1 1 1 1 1 1
staticfield java/lang/Boolean TRUE Ljava/lang/Boolean; java/lang/Boolean
staticfield java/lang/Boolean FALSE Ljava/lang/Boolean; java/lang/Boolean
staticfield java/lang/Boolean TYPE Ljava/lang/Class; java/lang/Class
ciInstanceKlass java/lang/Comparable 1 0 12 100 1 100 1 1 1 1 1 1 1 1
ciInstanceKlass java/lang/constant/Constable 1 0 11 100 1 100 1 1 1 1 1 1 1
ciInstanceKlass java/util/Map 1 1 263 11 7 12 1 1 1 11 12 1 1 10 100 12 1 1 11 12 1 1 11 100 12 1 1 1 11 100 12 1 1 1 11 12 1 1 7 1 11 12 1 11 12 1 100 1 100 1 10 12 1 1 11 100 12 1 1 1 11 100 12 1 1 1 11 12 1 11 12 1 10 12 1 1 11 12 1 11 100 12 1 9 7 12 1 1 1 100 1 10 12 7 1 7 1 10 12 1 7 1 10 100 1 11 12 1 11 12 1 1 11 12 1 1 100 1 11 12 1 1 1 1 1 1 1 1 1 1 1 1 1 1 1 1 1 1 1 1 1 1 1 1 1 1 1 1 1 1 1 1 1 1 1 1 1 1 1 1 1 1 1 1 1 1 1 1 1 1 1 1 1 1 1 1 1 1 1 1 1 1 1 1 1 1 1 1 1 1 1 1 1 1 1 1 1 1 1 1 1 1 1 1 1 1 1 1 1 1 1 1 1 1 1 1 1 1 1 1 1 1 1 1 1 1 1 1 1 1 1 1 1 1 1 1 1 1 1 1 1 1 1 1 1 1 100 1 1 1 1 1 1 1 1 1 1 1 1 1 1 1 1 1 1
ciInstanceKlass java/lang/Class 1 1 1687 10 7 12 1 1 1 9 7 12 1 1 1 9 12 1 1 10 12 1 1 8 1 10 12 1 8 1 8 1 10 12 1 1 10 7 12 1 1 1 10 12 1 7 1 10 10 12 1 10 12 1 1 10 12 1 1 10 12 1 1 10 100 12 1 1 10 12 1 10 12 1 10 12 1 8 1 10 12 1 8 1 10 12 1 8 1 8 1 10 12 1 1 10 100 12 1 1 1 18 12 1 1 11 100 12 1 1 1 8 1 8 1 8 1 10 100 12 1 1 1 11 12 1 1 8 1 10 12 1 10 11 100 12 1 1 1 11 7 12 1 1 1 11 8 1 18 8 1 10 12 1 10 7 12 1 1 10 12 1 1 10 7 12 1 1 1 10 12 1 1 10 12 1 1 10 7 12 1 1 1 10 12 9 100 12 1 1 1 10 7 12 1 1 1 10 12 1 10 7 12 1 1 1 10 12 1 1 18 12 1 1 10 7 12 1 1 1 10 7 12 1 10 12 1 1 10 7 1 7 1 10 12 1 1 9 12 1 1 100 1 8 1 10 12 1 10 12 1 1 10 12 1 1 10 7 12 1 1 1 7 1 10 12 1 100 1 100 1 10 10 12 1 1 10 12 1 1 100 1 10 7 12 1 1 1 10 12 1 1 10 12 1 1 9 12 1 1 10 12 1 10 12 1 1 9 12 1 1 9 12 1 1 10 12 1 1 10 100 1 10 12 1 10 12 1 10 12 1 1 10 9 12 1 10 12 1 8 1 10 12 1 1 10 12 1 1 10 12 1 10 12 1 1 10 12 1 1 10 12 1 1 9 7 12 1 1 1 10 100 12 1 1 10 12 10 12 1 10 12 1 10 12 1 10 12 1 9 100 12 1 1 1 9 12 1 10 12 1 10 100 12 1 1 1 10 12 1 1 10 100 12 1 1 10 12 1 10 12 1 1 10 100 12 1 1 1 10 12 1 10 12 1 1 10 12 1 10 12 1 10 12 1 1 10 7 1 10 10 10 12 1 1 10 12 1 1 10 12 10 10 12 1 1 7 1 8 1 10 10 12 1 1 10 12 1 100 1 11 12 1 10 100 12 1 1 10 12 1 10 12 1 10 100 12 1 1 10 10 12 1 1 8 1 10 12 1 10 12 1 1 8 1 10 12 1 9 12 1 10 12 1 10 12 1 10 12 1 10 12 7 1 9 12 1 10 12 1 9 12 1 10 12 1 10 12 1 10 12 1 10 10 12 1 10 12 1 10 100 12 1 1 10 12 1 10 12 1 10 12 1 1 10 12 1 10 12 1 10 12 1 100 1 10 12 1 10 12 1 1 10 12 1 1 10 12 1 1 10 12 1 1 10 12 1 1 10 12 1 1 100 1 10 10 12 1 1 10 12 1 1 10 12 1 1 10 10 12 1 10 12 1 1 10 12 1 1 10 12 1 1 10 12 1 1 7 1 10 10 12 11 7 12 1 1 10 12 1 10 12 1 10 100 12 1 1 1 10 12 1 1 10 10 12 1 1 7 1 10 10 12 1 1 10 7 12 1 1 1 100 1 100 1 10 12 1 1 10 12 1 10 10 12 1 1 10 12 1 10 12 1 10 12 1 10 100 12 1 1 1 11 100 12 1 1 10 12 1 10 12 1 9 12 1 10 12 1 1 10 12 1 9 7 12 1 1 1 9 12 1 10 100 12 1 1 1 10 12 1 10 12 1 10 100 12 1 1 1 10 12 1 10 12 10 12 1 1 100 1 10 8 1 10 12 1 11 11 12 1 1 11 7 12 1 1 11 12 1 8 1 10 12 1 10 12 1 1 9 12 1 9 12 1 1 10 7 12 1 1 9 12 1 10 12 1 1 10 10 12 1 10 7 12 1 1 1 10 100 12 1 1 10 100 12 1 1 9 12 1 1 10 12 1 9 12 1 10 12 1 10 12 1 1 9 12 1 1 9 12 1 10 12 1 10 12 1 1 9 12 1 100 1 10 10 12 1 1 7 1 10 12 1 1 100 11 7 1 9 12 1 1 9 12 1 7 1 10 12 1 9 12 1 1 9 12 1 10 12 1 10 12 1 1 9 12 1 100 1 10 10 12 1 1 10 10 12 1 10 12 10 10 12 1 9 12 1 10 12 1 1 10 7 12 1 1 1 10 12 1 1 10 12 1 8 10 100 8 1 18 8 1 8 1 10 12 1 9 12 1 9 12 1 1 10 12 1 7 1 7 1 10 12 1 9 12 1 1 7 1 10 10 12 1 10 7 1 9 12 1 8 1 10 12 1 7 1 10 12 1 10 12 1 1 100 1 7 1 9 12 1 100 1 8 1 10 10 7 12 1 1 1 10 12 11 7 12 1 1 1 10 12 1 10 12 1 1 10 8 1 8 1 10 12 1 1 9 100 12 1 1 11 12 7 1 11 7 12 1 1 9 12 1 10 100 12 1 1 1 10 100 12 1 1 10 12 1 1 9 12 1 9 10 12 1 1 10 12 1 1 10 12 1 1 10 12 1 1 10 12 1 1 11 12 1 100 1 11 12 1 10 100 12 1 1 1 10 12 1 11 12 1 10 100 12 1 1 1 10 12 1 10 100 12 1 1 1 11 12 1 11 12 1 1 10 12 1 10 12 1 1 9 12 1 1 9 100 12 1 1 10 12 1 10 100 12 1 1 1 10 12 1 1 10 12 1 10 12 1 10 12 1 10 7 12 1 1 1 10 12 1 8 1 10 12 1 10 12 1 10 12 1 100 1 10 12 10 100 12 1 1 1 11 100 12 1 1 1 10 12 1 1 10 12 1 18 12 1 1 11 12 1 1 18 11 12 1 18 12 1 11 12 1 10 12 1 1 10 12 1 10 12 1 10 12 1 10 12 1 10 12 10 12 1 8 1 10 12 1 7 1 9 12 1 1 7 1 7 1 7 1 7 1 1 1 3 1 3 1 3 1 1 1 1 1 1 1 5 0 1 1 1 1 1 1 1 1 1 1 1 1 1 1 1 1 1 1 1 1 1 1 1 1 100 1 1 1 1 1 1 1 100 1 1 1 1 1 7 1 1 1 1 1 1 1 1 1 1 1 1 1 1 1 1 1 1 1 1 1 1 1 1 1 1 1 1 1 1 1 1 1 1 1 1 1 1 1 1 1 1 100 1 1 1 1 1 1 1 1 1 1 1 1 1 1 1 1 1 1 1 1 1 1 1 1 1 1 1 1 1 1 1 100 1 1 1 1 1 1 1 1 1 1 1 1 1 1 1 1 1 1 1 1 3 1 1 1 1 1 1 1 1 1 1 1 1 1 1 1 1 1 1 1 1 1 1 1 1 1 1 1 1 1 1 1 1 1 1 1 7 1 7 1 1 1 1 1 1 1 7 1 1 1 1 1 1 1 1 1 1 1 1 1 1 1 1 1 1 1 1 1 1 1 1 1 1 1 1 1 1 1 1 1 1 1 1 1 1 1 1 1 1 1 1 1 1 1 1 1 1 1 1 1 1 1 1 1 1 1 1 1 1 1 1 1 1 1 1 1 1 1 1 1 1 1 1 1 1 1 1 1 1 1 1 1 1 1 1 1 1 1 1 1 1 1 1 1 1 1 1 1 1 1 1 1 1 1 1 1 1 1 1 1 1 1 1 1 1 1 1 1 1 1 1 16 15 10 12 16 15 11 12 16 1 16 15 16 15 10 12 16 16 15 10 12 16 15 16 1 15 10 12 16 15 10 100 12 1 1 1 1 1 1 1 1 1 1 1 1 1 7 1 1 100 1 100 1 1 100 1 100 1 1 100 1 100 1 1
staticfield java/lang/Class EMPTY_CLASS_ARRAY [Ljava/lang/Class; 0 [Ljava/lang/Class;
staticfield java/lang/Class serialPersistentFields [Ljava/io/ObjectStreamField; 0 [Ljava/io/ObjectStreamField;
ciInstanceKlass java/lang/reflect/AnnotatedElement 1 1 164 11 7 12 1 1 1 11 12 1 1 7 1 10 100 12 1 1 1 10 12 1 1 10 12 1 1 10 12 1 10 100 12 1 1 1 11 12 1 1 11 7 12 1 1 10 7 12 1 1 1 10 12 1 10 100 12 1 1 1 18 12 1 1 11 100 12 1 1 18 12 1 18 12 1 1 10 100 12 1 1 1 11 100 12 1 1 1 7 1 10 100 12 1 1 1 1 1 1 1 1 1 1 1 1 1 1 1 1 1 1 1 1 1 1 1 1 1 100 1 1 1 1 1 1 1 1 1 1 1 16 15 16 1 16 1 15 11 12 16 16 1 15 10 100 12 1 1 1 16 1 15 10 100 12 1 1 1 1 100 1 100 1 1
ciInstanceKlass java/lang/invoke/TypeDescriptor 1 0 17 100 1 100 1 1 1 1 1 1 100 1 100 1 1 1 1
ciInstanceKlass java/lang/reflect/GenericDeclaration 1 0 30 7 1 7 1 7 1 1 1 1 1 1 1 1 100 1 8 1 1 12 10 1 1 1 8 1 1 1 8 1
ciInstanceKlass java/lang/reflect/Type 1 1 17 11 100 12 1 1 1 100 1 1 1 1 1 1 1 1 1
ciInstanceKlass java/lang/invoke/TypeDescriptor$OfField 1 0 21 100 1 100 1 100 1 1 1 1 1 1 1 1 1 1 1 1 1 1 1
ciInstanceKlass java/lang/StringBuilder 1 1 422 10 7 12 1 1 1 10 12 1 10 12 1 10 12 1 1 10 7 12 1 1 1 10 7 12 1 1 1 10 12 1 10 12 1 10 12 1 10 12 1 10 12 1 10 12 1 10 12 1 10 12 1 10 12 1 10 12 1 10 12 1 10 12 1 10 12 1 10 12 1 1 10 12 1 10 12 1 1 10 12 1 1 10 12 1 10 12 1 10 12 1 10 12 1 10 12 1 10 12 1 10 12 1 10 12 10 12 1 10 12 1 10 12 1 10 12 1 1 10 12 1 10 12 1 10 12 10 12 1 1 10 12 1 10 12 1 10 12 1 10 100 12 1 1 1 9 12 1 1 10 12 1 10 12 1 1 10 12 1 1 9 12 1 1 10 100 12 1 1 1 10 100 1 10 12 1 1 10 100 12 1 1 10 12 1 10 12 1 1 100 1 100 1 8 1 10 10 12 1 1 10 12 1 10 12 1 10 12 1 1 10 12 1 10 12 1 10 12 1 10 12 1 10 12 1 10 12 10 12 1 10 12 1 10 12 1 10 12 1 10 12 1 10 12 1 10 12 1 10 12 1 10 12 1 1 10 12 1 1 10 12 1 10 12 1 10 12 1 10 12 10 12 10 12 1 10 12 1 10 12 1 10 12 10 12 1 10 12 1 10 12 1 10 12 1 10 12 1 10 12 1 10 12 1 10 12 1 10 12 1 1 10 12 1 10 12 1 1 10 12 1 10 12 1 1 10 12 1 10 12 1 1 10 12 1 10 12 1 10 12 1 10 10 12 1 10 12 1 7 1 7 1 7 1 7 1 1 1 1 5 0 1 1 1 1 1 1 1 1 1 1 1 1 1 1 1 1 1 1 1 1 1 1 1 1 1 1 1 1 1 1 1 1 1 1 1 1 1 1 1 1 1 1 1 1 100 1 1 1 7 1 1 1 1 1 1 1 1 1 1 1
instanceKlass java/lang/StringBuilder
instanceKlass java/lang/StringBuffer
ciInstanceKlass java/lang/AbstractStringBuilder 1 1 609 7 1 10 7 12 1 1 1 9 7 12 1 1 1 9 12 1 9 12 1 1 9 12 1 1 10 7 12 1 1 1 10 12 1 1 7 1 3 3 10 12 1 10 12 1 1 11 7 1 100 1 7 1 10 8 1 10 12 1 10 12 1 10 12 1 1 10 12 1 10 12 1 9 12 1 10 12 1 9 12 1 1 10 12 1 1 10 7 12 1 1 1 10 10 12 1 10 12 1 10 12 1 1 10 12 1 1 10 7 12 1 1 1 10 7 12 1 1 1 7 1 8 1 10 10 12 1 1 100 1 10 12 10 12 1 1 10 10 100 12 1 1 1 10 12 1 1 10 12 1 1 10 12 1 1 10 12 1 1 10 10 7 12 1 1 1 10 12 1 100 1 10 10 7 12 1 1 1 9 12 1 1 9 12 1 10 12 1 1 10 10 12 1 1 10 12 10 12 1 10 12 1 1 10 12 1 1 10 12 1 1 10 12 1 10 12 1 1 10 12 1 1 10 12 1 10 12 1 1 8 1 10 12 1 1 10 12 1 10 12 1 10 12 1 10 12 1 10 12 1 10 12 1 10 7 12 1 1 10 12 1 10 12 1 10 100 12 1 1 1 100 1 100 1 10 12 1 10 100 12 1 1 10 12 1 10 12 1 1 10 12 1 10 12 1 1 10 12 1 10 12 1 1 10 12 1 1 10 10 7 12 1 1 1 10 12 1 10 12 1 10 12 1 1 10 12 1 10 12 1 10 12 1 10 12 1 10 12 1 10 12 1 10 12 1 10 12 1 1 10 12 1 10 12 1 10 12 10 12 1 1 18 12 1 1 100 1 10 100 12 1 1 1 18 10 12 1 1 10 12 1 1 10 12 1 10 12 1 1 11 12 1 1 10 12 1 10 12 10 10 10 12 1 10 5 0 10 10 12 1 1 100 1 8 1 10 10 12 1 1 10 100 12 1 1 1 10 12 1 10 12 1 1 100 1 10 12 100 1 10 100 1 10 7 1 1 1 1 1 1 1 1 1 1 1 100 1 1 1 1 1 1 1 1 1 1 1 1 1 1 1 1 1 1 1 1 1 1 1 1 1 1 1 1 1 1 1 1 1 1 1 1 1 1 1 1 1 1 1 1 1 1 1 1 1 1 1 1 1 1 1 1 1 1 1 1 1 1 1 1 1 1 1 1 1 1 1 1 1 1 1 1 1 1 1 1 1 1 1 1 1 1 1 1 1 1 1 1 1 1 1 1 1 1 1 100 1 1 1 1 1 1 1 1 1 1 1 1 1 1 1 1 1 100 1 1 1 1 1 1 7 1 1 16 1 15 10 12 16 15 10 12 15 10 100 12 1 1 1 1 1 1 1 100 1 100 1 1
staticfield java/lang/AbstractStringBuilder EMPTYVALUE [B 0
ciMethod java/lang/StringBuilder toString ()Ljava/lang/String; 12 0 46639 0 -1
ciInstanceKlass java/lang/Appendable 1 0 14 100 1 100 1 1 1 1 100 1 1 1 1 1
ciInstanceKlass java/lang/CharSequence 1 1 131 11 7 12 1 1 1 18 12 1 1 100 1 10 100 12 1 1 1 18 10 100 12 1 1 1 11 12 1 1 11 7 1 11 12 1 1 10 100 12 1 1 1 11 12 1 1 100 1 10 12 1 1 10 100 12 1 1 1 100 1 10 10 12 1 1 7 1 1 1 1 1 1 1 1 1 1 1 1 1 1 1 1 1 1 1 1 1 1 1 1 1 1 1 1 1 1 1 1 1 16 1 15 11 12 16 15 11 12 15 10 100 12 1 1 1 1 1 100 1 100 1 1 100 1 1 100 1 100 1 1
ciInstanceKlass java/lang/AutoCloseable 1 0 12 100 1 100 1 1 1 1 100 1 1 1
ciInstanceKlass java/io/Closeable 1 0 14 100 1 100 1 100 1 1 1 1 100 1 1 1
instanceKlass java/security/PrivilegedActionException
instanceKlass sun/nio/fs/WindowsException
instanceKlass com/sun/tools/javac/jvm/JNIWriter$TypeSignature$SignatureException
instanceKlass com/sun/tools/javac/jvm/ModuleNameReader$BadClassFile
instanceKlass java/lang/CloneNotSupportedException
instanceKlass com/sun/tools/javac/parser/ReferenceParser$ParseException
instanceKlass com/sun/tools/javac/util/ByteBuffer$UnderflowException
instanceKlass com/sun/tools/javac/util/InvalidUtfException
instanceKlass jdk/javadoc/internal/doclint/DocLint$BadArgs
instanceKlass java/net/URISyntaxException
instanceKlass java/security/GeneralSecurityException
instanceKlass java/io/IOException
instanceKlass jdk/internal/opt/CommandLine$UnmatchedQuote
instanceKlass com/sun/tools/javac/main/Option$InvalidValueException
instanceKlass java/lang/ReflectiveOperationException
instanceKlass java/lang/RuntimeException
ciInstanceKlass java/lang/Exception 1 1 40 10 7 12 1 1 1 10 12 1 10 12 1 10 12 1 10 12 1 100 1 1 1 1 5 0 1 1 1 1 1 1 1 1 1 1 1 1 1 1
instanceKlass java/lang/Exception
instanceKlass java/lang/Error
ciInstanceKlass java/lang/Throwable 1 1 404 10 7 12 1 1 1 9 7 12 1 1 1 9 12 1 1 9 12 1 9 12 1 1 9 12 1 10 12 1 1 9 12 1 1 10 12 1 1 10 12 1 100 1 7 1 10 8 1 10 12 1 1 8 1 10 100 12 1 1 10 10 12 1 100 1 8 1 10 10 12 1 1 10 7 12 1 1 10 12 1 8 1 9 7 12 1 1 1 10 12 1 1 100 1 10 12 10 12 1 10 100 12 1 1 1 100 1 10 12 10 12 1 10 12 1 100 1 10 10 7 12 1 1 1 11 100 12 1 1 1 10 12 1 1 10 12 1 1 8 1 10 12 1 10 12 1 1 8 1 8 1 10 12 1 1 10 12 1 8 1 8 1 9 12 1 1 10 12 1 1 100 1 10 11 12 1 8 1 8 1 10 7 12 1 1 8 1 10 12 1 8 1 100 1 10 12 1 9 12 1 1 10 12 1 10 7 12 1 9 12 1 1 10 12 1 1 100 1 8 1 10 12 1 10 100 12 1 1 10 12 1 1 7 1 10 100 12 1 1 1 10 12 1 11 7 12 1 1 1 11 7 12 1 1 11 12 1 8 1 10 12 1 1 8 1 10 10 9 100 12 1 1 1 8 1 10 12 1 1 11 10 100 1 8 1 10 11 12 1 1 8 1 9 12 1 10 100 12 1 1 11 9 12 1 1 11 12 1 1 100 10 12 1 10 12 1 1 7 1 1 1 1 5 0 1 1 1 1 1 1 1 1 1 1 1 1 1 7 1 1 1 1 1 1 1 1 1 1 1 1 1 1 1 1 1 1 1 1 1 1 1 1 1 1 1 1 1 1 1 1 1 1 1 1 1 1 1 1 1 1 1 1 100 1 7 1 1 1 1 1 1 1 1 1 1 1 1 1 1 1 1 1 1
staticfield java/lang/Throwable UNASSIGNED_STACK [Ljava/lang/StackTraceElement; 0 [Ljava/lang/StackTraceElement;
staticfield java/lang/Throwable SUPPRESSED_SENTINEL Ljava/util/List; java/util/Collections$EmptyList
staticfield java/lang/Throwable EMPTY_THROWABLE_ARRAY [Ljava/lang/Throwable; 0 [Ljava/lang/Throwable;
staticfield java/lang/Throwable $assertionsDisabled Z 1
ciInstanceKlass java/util/Properties 1 1 690 10 7 12 1 1 1 100 1 10 7 12 1 1 7 1 10 12 1 9 12 1 1 9 12 1 1 9 12 1 1 10 7 12 1 1 1 10 12 1 1 8 1 10 7 12 1 1 1 7 1 10 12 1 10 12 1 1 8 1 10 12 1 7 1 10 12 10 12 1 1 9 12 1 1 10 12 1 1 7 1 10 12 1 10 12 1 10 12 1 1 100 1 8 1 10 12 1 10 12 1 10 12 1 1 10 12 1 7 1 3 10 10 100 12 1 1 1 10 12 1 10 12 1 1 8 1 10 12 1 10 12 1 1 8 1 10 100 12 1 1 10 12 1 1 10 12 1 10 12 1 1 100 1 10 12 1 10 12 1 1 100 1 9 100 12 1 1 1 10 12 1 10 12 1 1 10 12 1 1 10 12 1 1 100 1 9 12 1 1 100 1 7 1 10 12 1 7 1 11 100 12 1 1 1 11 12 1 1 11 7 12 1 1 1 11 7 12 1 1 1 11 12 1 1 11 12 1 11 12 1 10 12 1 1 8 1 10 12 1 10 100 12 1 1 10 12 1 100 1 10 10 12 1 10 12 1 100 1 10 10 12 1 1 10 7 12 1 1 9 100 12 1 1 10 12 1 1 10 100 12 1 1 1 100 1 100 1 100 1 10 8 1 8 1 10 12 1 10 12 1 10 12 1 1 10 10 12 1 1 10 12 1 1 100 1 10 10 12 1 11 7 12 1 1 10 100 12 1 1 1 8 1 10 100 12 1 1 11 11 100 1 8 1 10 100 1 11 10 12 1 10 10 12 1 10 12 1 1 10 12 1 1 10 12 1 1 10 12 1 10 12 1 10 10 12 1 10 12 1 10 12 1 10 10 12 1 1 10 12 1 1 10 10 12 1 10 12 1 10 12 1 10 12 1 10 12 1 1 10 12 1 1 10 12 1 10 12 1 10 12 1 1 10 12 10 12 1 1 10 12 1 1 10 12 1 10 12 1 1 10 12 1 1 10 12 10 11 12 1 4 11 10 12 1 1 10 100 12 1 1 11 12 1 10 12 1 1 10 100 12 1 1 10 12 1 100 1 8 1 10 12 1 10 10 100 12 1 1 1 100 1 6 0 10 12 1 1 11 100 12 1 1 1 10 12 1 10 12 1 1 1 1 1 5 0 1 1 1 1 1 1 1 1 1 1 1 1 1 1 1 1 1 1 1 1 1 1 1 1 1 1 1 1 1 1 1 1 1 1 1 1 1 1 1 100 1 1 1 1 1 1 1 1 1 1 1 1 1 1 1 1 1 1 1 1 100 1 1 1 1 1 1 1 1 1 1 1 1 7 1 7 1 1 1 1 1 100 1 1 1 1 1 1 1 1 1 1 1 1 1 1 1 1 1 1 1 1 1 1 1 1 1 1 1 1 1 1 1 1 1 1 1 1 1 1 1 1 1 1 1 1 1 1 1 1 1 1 1 1 1 1 1 1 1 1 1 1 1 1 1 1 1 1 1 1 1 1 1 1 1 1 1 1 1 7 1 1 1 1 1 1 1 1 1 1 1 100 1 1
staticfield java/util/Properties UNSAFE Ljdk/internal/misc/Unsafe; jdk/internal/misc/Unsafe
instanceKlass java/util/Hashtable
ciInstanceKlass java/util/Dictionary 1 1 36 10 7 12 1 1 1 100 1 1 1 1 1 1 1 1 1 1 1 1 1 1 1 1 1 1 1 1 1 1 1 1 1 1 1 1
instanceKlass java/util/Properties
ciInstanceKlass java/util/Hashtable 1 1 516 7 1 10 7 12 1 1 1 9 7 12 1 1 1 100 1 7 1 10 8 1 10 12 1 1 10 12 1 10 12 1 1 10 12 1 10 7 12 1 1 1 8 1 10 12 1 9 12 1 1 7 1 9 12 1 1 4 10 7 12 1 1 1 9 12 1 4 10 12 1 11 7 12 1 1 1 10 12 1 1 10 12 1 1 9 12 1 10 12 1 1 100 1 10 9 12 1 1 10 7 12 1 1 1 9 12 1 1 10 12 1 10 12 1 3 9 12 1 9 12 1 3 10 12 1 10 12 1 10 12 1 1 11 12 1 1 11 100 12 1 1 1 11 7 12 1 1 1 11 12 1 100 1 11 12 1 11 12 1 10 12 1 1 10 12 1 1 10 12 1 9 12 1 1 9 12 9 12 1 1 10 100 1 7 1 10 12 1 10 8 1 10 10 12 1 8 1 10 8 1 10 100 12 1 1 1 100 1 10 12 1 10 12 1 100 1 10 12 1 10 12 1 1 100 1 10 100 1 10 10 12 1 1 11 12 1 1 11 12 1 7 1 10 10 10 100 12 1 1 11 100 12 1 1 1 100 1 10 11 100 12 1 1 11 100 12 1 10 12 1 10 12 1 1 10 100 12 1 1 10 12 1 1 10 12 1 1 10 12 1 1 10 100 12 1 1 1 8 10 100 12 1 1 100 1 8 1 10 4 4 10 12 1 1 10 12 1 8 1 4 10 12 10 100 12 1 1 1 100 1 11 100 12 1 1 1 10 100 12 1 1 1 10 12 1 10 12 1 1 10 7 1 7 1 1 1 1 1 1 5 0 1 1 1 1 1 3 1 3 1 3 1 1 1 1 1 1 1 1 1 1 1 1 1 1 1 1 1 1 1 1 1 1 1 1 1 100 1 1 1 1 1 1 1 1 1 1 1 1 1 1 1 1 1 1 1 1 1 1 1 1 1 1 1 1 1 7 1 1 1 1 1 1 1 1 1 1 1 1 1 1 7 1 1 1 1 1 1 1 1 1 1 1 1 1 1 1 1 1 1 1 1 1 1 1 1 1 1 1 1 1 1 1 1 1 1 1 1 1 1 1 1 1 1 1 1 100 1 1 1 7 1 1 1 1 1 7 1 1 1 1 1 1 1 1 1 1 1 1 1 1 1 1 1 1
ciInstanceKlass java/lang/String 1 1 1451 10 7 12 1 1 1 8 1 9 7 12 1 1 1 9 12 1 1 9 12 1 1 9 12 1 1 10 12 1 10 12 1 1 10 12 1 1 9 12 1 10 7 12 1 1 1 10 12 1 1 10 12 1 10 7 12 1 1 1 10 12 1 1 10 12 1 1 10 12 1 10 12 1 1 10 12 1 10 7 12 1 1 1 7 1 9 7 12 1 1 1 10 7 12 1 1 1 10 12 1 1 10 12 1 1 10 7 12 1 1 1 10 12 1 1 9 7 12 1 1 10 12 9 7 12 1 1 10 12 1 1 3 10 12 1 1 7 1 11 12 1 1 11 12 1 11 12 1 1 10 100 12 1 1 1 10 12 1 1 9 100 12 1 1 1 10 12 1 1 10 12 1 11 12 1 1 10 12 1 10 12 10 12 1 1 10 7 12 1 1 1 10 7 12 1 1 1 10 12 1 1 100 1 7 1 10 12 1 10 12 1 10 12 1 1 10 12 1 1 100 1 10 12 1 1 100 1 10 12 1 1 10 12 1 1 10 12 1 10 10 12 1 100 1 100 1 100 1 10 12 1 10 12 1 1 10 12 1 1 10 12 1 10 12 1 1 10 12 1 1 10 100 12 1 1 100 1 11 10 100 12 1 1 11 12 1 11 12 1 10 12 1 1 10 12 1 10 12 10 12 1 1 10 10 100 12 1 1 1 10 100 12 1 1 10 12 1 1 10 100 12 1 1 10 12 1 10 12 1 1 10 12 1 1 10 12 1 10 12 1 10 12 1 1 100 1 10 12 1 1 10 12 10 12 1 10 12 1 1 10 12 1 1 10 7 12 1 1 1 10 12 1 10 12 1 1 10 12 1 10 12 1 3 3 10 12 1 1 10 12 1 10 12 1 1 10 12 1 1 10 12 1 1 10 12 1 10 12 1 1 10 12 1 1 10 12 1 10 12 1 10 12 1 10 12 1 1 10 12 1 10 12 1 10 12 1 10 12 1 10 12 1 10 12 1 10 7 1 10 8 1 10 12 1 1 10 12 1 8 1 10 12 1 1 10 12 10 12 1 8 1 10 10 12 1 1 10 12 1 1 10 12 1 1 10 7 1 10 10 12 1 10 12 1 10 12 1 10 10 12 1 10 12 1 10 12 1 10 12 1 10 12 1 10 12 1 10 12 1 1 10 12 1 1 10 12 1 1 10 10 12 1 1 10 10 12 1 100 1 10 10 12 1 1 10 12 1 1 10 7 1 10 12 1 10 12 1 10 7 12 1 1 1 10 12 1 10 12 1 1 10 12 1 11 7 1 11 12 10 12 1 10 12 1 1 10 12 1 1 10 10 12 1 10 12 1 9 12 1 1 11 100 12 1 1 1 10 12 10 10 12 1 10 12 1 1 10 10 12 1 10 12 1 10 12 1 1 10 12 1 1 10 10 12 1 1 10 12 1 10 10 12 1 10 12 10 10 12 10 10 12 1 10 12 1 10 10 12 10 7 12 1 1 1 10 12 10 10 12 10 12 1 10 12 10 12 10 10 12 1 10 12 1 1 10 12 1 1 10 10 12 1 10 7 12 1 1 1 10 12 1 1 10 10 7 12 1 1 1 11 10 12 1 10 12 1 1 10 12 1 1 10 100 12 1 1 1 10 12 1 10 12 1 10 12 1 10 12 1 10 12 1 10 12 1 100 1 7 1 8 1 10 10 10 12 1 10 12 1 1 8 1 10 12 1 3 3 10 12 1 10 12 1 1 10 12 7 1 10 10 12 1 1 10 12 1 10 12 1 10 12 1 1 10 12 1 1 11 7 12 1 1 1 100 1 10 12 1 10 12 1 1 8 1 10 12 1 1 10 12 1 11 7 12 1 1 1 11 7 12 1 1 11 12 1 10 12 1 10 12 1 1 10 10 100 12 1 1 1 10 12 1 10 12 1 10 10 12 10 12 1 1 10 10 12 1 10 10 12 1 10 10 12 1 10 10 12 1 10 12 1 1 10 10 12 1 8 1 10 12 1 1 18 12 1 1 11 100 12 1 1 1 7 1 3 18 12 1 18 12 1 8 1 10 100 12 1 1 1 11 12 1 1 10 12 10 10 12 1 10 11 12 1 1 10 12 1 1 11 12 1 18 3 11 10 12 1 11 11 10 12 1 10 12 1 1 8 1 10 12 1 10 12 1 10 12 1 1 10 10 12 1 11 100 12 1 100 1 100 1 10 12 100 1 10 10 100 12 1 1 1 100 1 10 100 1 10 10 12 1 10 10 12 1 8 1 10 10 12 1 8 1 8 1 10 12 1 10 12 1 10 10 12 10 7 12 1 1 10 7 12 1 1 10 7 12 1 1 8 1 10 12 1 10 12 1 10 9 12 1 10 12 9 7 12 1 1 1 10 12 1 10 12 1 10 12 1 10 12 10 12 1 10 12 1 8 1 10 100 12 1 1 1 10 12 10 12 1 1 10 12 10 10 12 10 12 7 1 9 12 1 1 7 1 10 7 1 7 1 7 1 7 1 1 1 1 1 1 5 0 1 1 1 1 1 3 1 3 1 1 1 1 1 1 1 1 1 1 1 1 1 1 1 100 1 1 1 1 1 1 1 1 1 1 1 1 1 1 1 1 1 1 1 1 1 1 1 1 1 1 1 1 1 1 1 100 1 1 1 1 1 1 1 1 1 1 1 1 7 1 1 1 1 1 1 1 1 1 1 1 1 1 1 1 1 1 1 1 1 1 1 1 1 1 1 1 1 1 1 1 1 1 1 1 1 1 1 1 1 1 1 1 1 1 1 1 1 1 1 1 1 1 1 1 1 1 1 1 1 1 1 1 1 1 1 1 1 1 1 1 1 1 1 1 1 1 1 1 1 1 1 1 1 1 1 1 1 1 1 1 1 1 1 1 1 1 1 1 1 1 1 1 1 1 1 1 1 1 1 1 1 1 1 1 1 1 1 1 1 1 1 1 1 1 1 1 1 1 1 1 1 1 1 1 1 1 1 1 1 1 1 1 1 1 1 1 1 1 1 1 1 1 1 1 1 1 1 1 1 1 1 1 1 1 1 1 1 1 1 1 1 1 1 100 1 1 1 1 1 1 1 1 1 1 1 1 1 1 1 1 1 1 1 1 1 1 1 100 1 1 1 1 1 1 1 1 1 1 1 1 1 1 1 7 1 1 1 1 1 1 1 1 1 1 1 1 1 1 1 16 15 10 12 16 15 10 12 15 10 12 15 10 12 15 10 100 12 1 1 1 1 1 1 1 100 1 100 1 1 1
staticfield java/lang/String COMPACT_STRINGS Z 1
staticfield java/lang/String serialPersistentFields [Ljava/io/ObjectStreamField; 0 [Ljava/io/ObjectStreamField;
staticfield java/lang/String CASE_INSENSITIVE_ORDER Ljava/util/Comparator; java/lang/String$CaseInsensitiveComparator
ciMethod java/lang/String length ()I 1024 0 298426 0 -1
ciMethod java/lang/String charAt (I)C 918 0 161698 0 -1
ciMethod java/lang/String isEmpty ()Z 512 0 46988 0 -1
ciInstanceKlass java/lang/constant/ConstantDesc 1 0 37 100 1 100 1 1 1 1 100 1 1 1 1 100 1 100 1 100 1 100 1 100 1 100 1 100 1 100 1 100 1 1 100 1 100 1 1
ciInstanceKlass java/lang/InternalError 0 0 34 10 100 12 1 1 1 10 12 1 10 12 1 10 12 1 100 1 1 1 1 5 0 1 1 1 1 1 1 1 1 1 1 1
instanceKlass com/sun/tools/javac/file/PathFileObject$CannotCreateUriError
instanceKlass java/util/ServiceConfigurationError
instanceKlass com/sun/tools/javac/processing/ServiceProxy$ServiceConfigurationError
instanceKlass com/sun/tools/javac/util/Abort
instanceKlass java/lang/AssertionError
instanceKlass com/sun/tools/javac/processing/AnnotationProcessingError
instanceKlass com/sun/tools/javac/util/FatalError
instanceKlass java/lang/VirtualMachineError
instanceKlass java/lang/LinkageError
ciInstanceKlass java/lang/Error 1 1 40 10 7 12 1 1 1 10 12 1 10 12 1 10 12 1 10 12 1 100 1 1 1 1 5 0 1 1 1 1 1 1 1 1 1 1 1 1 1 1
instanceKlass java/lang/StackOverflowError
instanceKlass java/lang/OutOfMemoryError
instanceKlass java/lang/InternalError
ciInstanceKlass java/lang/VirtualMachineError 1 1 34 10 100 12 1 1 1 10 12 1 10 12 1 10 12 1 100 1 1 1 1 5 0 1 1 1 1 1 1 1 1 1 1 1
ciInstanceKlass java/util/Set 1 1 144 100 1 10 7 12 1 1 1 9 7 12 1 1 1 7 1 10 12 1 1 10 12 1 7 1 7 1 10 12 1 7 1 7 1 11 7 12 1 1 1 11 12 1 1 7 1 10 12 1 10 12 1 1 11 12 1 1 1 1 1 1 1 1 1 1 1 1 1 1 1 1 1 1 1 1 1 1 1 1 1 1 1 1 1 1 1 1 1 1 1 1 1 1 1 1 1 1 1 1 1 1 1 1 1 1 1 1 1 1 1 1 1 1 1 1 1 1 1 1 1 1 1 1 1 1 1 1 1 1 1 1 1 1 1 1 1 1 1 1 1 1 1 1
ciInstanceKlass java/util/Iterator 1 1 53 100 1 8 1 10 12 1 1 10 7 12 1 1 1 11 7 12 1 1 1 11 12 1 1 11 7 12 1 1 1 7 1 1 1 1 1 1 1 1 1 1 1 1 1 1 1 1 1 1 1 1 1
ciInstanceKlass java/util/Map$Entry 1 0 178 18 12 1 1 7 1 100 1 18 10 100 12 1 1 1 18 12 1 18 100 1 11 7 12 1 1 1 11 12 1 11 7 12 1 1 1 10 100 12 1 1 1 10 7 12 1 1 1 8 1 10 12 1 1 8 1 8 1 8 1 10 12 1 10 12 1 8 10 7 1 10 12 1 8 10 12 1 8 1 10 12 1 8 10 12 1 8 1 10 12 1 1 8 1 100 1 8 1 10 12 1 1 11 12 7 1 11 12 1 1 1 1 1 1 1 1 1 1 1 1 1 1 1 1 1 1 1 1 1 1 1 1 1 1 1 1 1 1 1 1 1 1 1 1 1 1 1 16 15 11 12 16 3 3 15 11 12 15 11 12 15 11 12 15 10 100 12 1 1 1 1 1 100 1 100 1 1
instanceKlass sun/nio/ch/ChannelInputStream
instanceKlass java/io/FilterInputStream
instanceKlass java/io/FileInputStream
instanceKlass java/io/ByteArrayInputStream
ciInstanceKlass java/io/InputStream 1 1 195 7 1 10 7 12 1 1 1 100 1 10 10 7 12 1 1 1 10 100 12 1 1 1 10 12 1 100 1 3 10 12 1 1 100 1 8 1 10 12 1 10 100 12 1 1 1 3 7 1 8 1 10 10 100 12 1 1 1 7 1 10 11 7 12 1 1 1 10 12 1 1 11 12 1 1 11 7 12 1 1 1 11 12 1 1 100 1 10 7 12 1 1 1 5 0 10 12 1 10 12 1 1 100 1 10 8 1 10 8 1 8 1 10 12 1 1 10 100 12 1 1 1 7 1 5 0 10 12 1 100 1 7 1 1 1 1 3 1 3 1 1 1 1 1 1 1 1 1 1 1 1 1 1 1 1 1 1 1 1 1 1 1 1 1 1 1 1 1 1 1 1 1 1 1 1 1 1 1 1 1 1 1 1 1 1 1 1 1 1 1 1 1 1 1
ciInstanceKlass jdk/internal/misc/Unsafe 1 1 1287 10 7 12 1 1 1 9 7 12 1 1 1 9 12 1 1 10 12 1 1 10 7 12 1 1 1 10 12 1 1 10 12 1 1 10 12 1 1 10 12 1 1 10 12 1 1 10 12 1 1 10 12 1 1 10 12 1 1 10 12 1 1 10 12 1 1 10 12 1 1 10 12 1 1 10 12 1 1 10 12 1 10 12 1 100 1 10 10 12 1 1 10 12 1 1 5 0 10 12 1 1 10 12 1 1 10 7 12 1 1 1 10 12 1 1 10 12 1 10 12 1 10 12 1 1 10 12 1 1 10 12 1 10 12 1 7 1 7 1 10 8 1 10 12 1 1 10 12 1 8 1 10 12 1 1 10 12 1 10 12 1 10 12 1 1 10 12 1 10 12 1 1 10 12 1 1 10 12 1 10 12 1 10 12 1 10 12 1 1 10 12 1 10 12 1 10 12 1 1 10 12 1 5 0 5 0 5 0 10 12 1 10 12 1 10 12 1 10 12 1 10 12 1 10 12 1 10 12 1 10 12 1 10 12 1 1 10 12 1 10 12 1 7 1 8 1 10 100 1 10 10 12 1 1 10 12 1 1 10 12 1 10 12 1 1 10 12 1 1 10 12 1 10 12 1 1 10 12 1 9 7 12 1 1 9 12 1 100 1 10 10 12 1 1 8 1 10 8 1 8 1 10 12 1 1 9 7 12 1 1 1 9 7 1 9 7 1 9 7 1 9 9 7 1 9 7 1 9 7 1 10 12 1 1 10 12 1 1 10 12 1 1 10 12 1 1 5 0 5 0 9 12 1 1 10 12 1 10 12 1 10 12 1 1 10 12 1 1 10 12 1 8 1 3 10 12 1 1 10 12 1 1 10 12 1 10 12 1 1 10 12 1 1 10 12 1 10 12 1 10 12 1 10 12 1 10 12 1 10 12 1 1 10 12 1 1 10 12 1 10 12 1 10 12 1 10 12 1 10 12 1 10 12 1 1 10 12 1 1 10 12 1 10 12 1 10 12 1 10 12 1 10 12 1 10 12 1 1 10 12 1 1 10 12 1 1 10 12 1 1 10 12 1 10 12 1 10 12 1 10 12 1 10 12 1 10 12 1 10 12 1 1 10 12 1 1 10 12 1 10 12 1 10 12 1 10 12 1 10 12 1 10 12 1 10 12 1 1 10 12 1 1 10 12 1 10 12 1 10 12 1 10 12 1 10 12 1 10 12 1 10 12 1 10 12 1 1 10 12 1 10 12 1 10 12 1 10 12 1 10 12 1 1 10 12 1 10 12 1 10 12 1 10 12 1 10 12 1 10 12 1 10 12 1 10 12 1 1 10 12 1 10 12 1 10 12 1 10 12 1 10 12 1 10 12 1 1 10 12 1 10 12 1 10 12 1 1 10 12 1 10 12 1 10 12 1 10 12 1 10 12 1 10 12 1 10 12 1 10 12 1 10 12 1 10 12 1 10 12 1 10 12 1 10 12 1 10 12 1 10 12 1 10 12 1 10 12 1 10 12 1 10 12 1 10 12 1 10 12 1 10 12 1 10 12 1 100 1 10 100 1 10 9 12 1 5 0 10 12 1 1 5 0 10 12 1 5 0 10 12 1 10 12 1 10 12 1 1 10 12 1 1 10 12 1 10 12 1 10 12 1 10 12 1 1 10 12 1 10 12 1 10 12 1 10 12 1 10 12 1 1 10 12 1 10 12 1 10 12 1 10 12 1 1 10 12 1 10 12 1 10 12 1 1 10 12 1 10 12 1 10 12 1 10 12 1 1 10 12 1 10 10 12 1 1 10 12 1 10 12 1 1 10 12 1 10 12 5 0 5 0 5 0 10 12 1 1 10 12 1 10 12 1 10 12 10 100 12 1 1 8 1 100 1 11 12 1 1 8 1 11 12 1 1 10 100 12 1 1 10 12 1 10 12 1 10 12 1 10 12 1 10 12 1 1 10 12 1 10 12 1 10 12 1 10 12 1 10 12 1 10 12 1 10 7 1 10 12 1 9 12 1 7 1 9 12 1 7 1 9 12 1 7 1 9 12 1 7 1 9 12 1 7 1 9 12 1 7 1 9 12 1 7 1 9 12 1 7 1 9 12 1 10 12 1 9 12 1 9 12 1 9 12 1 9 12 1 9 12 1 9 12 1 9 12 1 9 12 1 9 12 1 9 12 1 1 1 3 1 1 1 1 1 1 1 1 1 1 1 1 1 1 1 1 1 1 1 1 1 1 1 1 1 1 1 1 1 1 1 1 1 1 1 1 1 1 1 1 1 1 1 1 1 1 1 1 1 1 1 1 1 1 1 1 1 1 1 1 1 1 1 1 1 1 1 1 1 1 1 1 1 1 1 1 1 1 1 1 1 1 1 1 1 1 1 1 1 100 1 1 1 1 1 1 1 1 1 1 1 1 1 1 1 1 1 1 1 1 1 1 1 1 1 1 1 1 1 1 1 1 1 1 1 1 1 1 1 1 1 1 1 1 1 1 1 1 1 1 1 1 1 1 1 1 1 1 1 1 1 1 1 1 1 1 1 1 1 1 1 1 1 1 1 1 1 1 1 1 1 1 1 1 1 1 1 1 1 1 1 1 1 1 1 1 1 1 1 1 1 1 1 1 1 1 1 1 1 1 1 1 1 1 1 1 1 1 1 1 1 1 1 1 1 1 1 1 1 1 1 1 1 1 1 1 1 1 1 1 1 1 1 1 1 1 1 1 1 1 1 1 1 1 1 1 1 1 1 1 1 1 1 1 1 1 1 1 1 1 1 1 1 1 1 1 1 1 1 1 1 1 1 1 1 1 1 1 1 1 1 1 1 1 1 1 1 1 1 1 1 1 1 1 1 1 3 1 1 1 1 1 1 1 1 1 1 1 1 1 1 1 1 1 1 1 1 1
staticfield jdk/internal/misc/Unsafe theUnsafe Ljdk/internal/misc/Unsafe; jdk/internal/misc/Unsafe
staticfield jdk/internal/misc/Unsafe ARRAY_BOOLEAN_BASE_OFFSET I 16
staticfield jdk/internal/misc/Unsafe ARRAY_BYTE_BASE_OFFSET I 16
staticfield jdk/internal/misc/Unsafe ARRAY_SHORT_BASE_OFFSET I 16
staticfield jdk/internal/misc/Unsafe ARRAY_CHAR_BASE_OFFSET I 16
staticfield jdk/internal/misc/Unsafe ARRAY_INT_BASE_OFFSET I 16
staticfield jdk/internal/misc/Unsafe ARRAY_LONG_BASE_OFFSET I 16
staticfield jdk/internal/misc/Unsafe ARRAY_FLOAT_BASE_OFFSET I 16
staticfield jdk/internal/misc/Unsafe ARRAY_DOUBLE_BASE_OFFSET I 16
staticfield jdk/internal/misc/Unsafe ARRAY_OBJECT_BASE_OFFSET I 16
staticfield jdk/internal/misc/Unsafe ARRAY_BOOLEAN_INDEX_SCALE I 1
staticfield jdk/internal/misc/Unsafe ARRAY_BYTE_INDEX_SCALE I 1
staticfield jdk/internal/misc/Unsafe ARRAY_SHORT_INDEX_SCALE I 2
staticfield jdk/internal/misc/Unsafe ARRAY_CHAR_INDEX_SCALE I 2
staticfield jdk/internal/misc/Unsafe ARRAY_INT_INDEX_SCALE I 4
staticfield jdk/internal/misc/Unsafe ARRAY_LONG_INDEX_SCALE I 8
staticfield jdk/internal/misc/Unsafe ARRAY_FLOAT_INDEX_SCALE I 4
staticfield jdk/internal/misc/Unsafe ARRAY_DOUBLE_INDEX_SCALE I 8
staticfield jdk/internal/misc/Unsafe ARRAY_OBJECT_INDEX_SCALE I 4
staticfield jdk/internal/misc/Unsafe ADDRESS_SIZE I 8
instanceKlass jdk/internal/reflect/DelegatingClassLoader
instanceKlass java/security/SecureClassLoader
ciInstanceKlass java/lang/ClassLoader 1 1 1108 9 7 12 1 1 1 10 7 12 1 1 1 9 12 1 1 10 7 12 1 1 1 7 1 10 12 1 1 10 12 1 1 9 12 1 1 10 12 1 1 100 1 10 12 1 10 12 1 1 10 7 12 1 1 1 100 1 8 1 10 12 1 10 7 12 1 1 1 10 7 12 1 10 7 1 10 7 1 7 1 7 1 10 12 1 10 12 1 9 12 1 1 10 10 7 12 1 1 1 9 12 1 1 9 12 1 9 12 1 1 9 12 1 9 12 1 1 9 12 1 1 7 1 10 12 1 9 12 1 1 10 12 1 1 10 7 12 1 1 1 9 12 1 9 12 1 1 9 12 1 10 12 1 1 9 12 10 12 1 1 7 1 10 8 1 10 12 1 1 10 12 1 10 7 1 7 1 10 12 1 1 10 7 12 1 1 1 8 1 10 12 1 10 12 1 10 12 1 1 10 12 1 1 10 12 1 1 10 12 1 1 10 12 1 1 10 12 1 7 1 10 12 1 10 100 12 1 1 1 10 12 1 1 10 12 1 10 12 1 10 12 1 10 12 1 10 12 1 1 10 10 12 1 10 12 1 10 100 12 1 1 10 12 1 1 10 12 1 1 10 12 1 100 1 10 12 1 7 1 10 12 1 10 7 12 1 1 1 10 10 12 1 1 10 12 1 1 7 1 8 1 10 8 1 10 12 1 10 12 1 100 1 8 1 10 12 1 1 10 12 1 1 10 10 12 1 1 10 12 1 1 10 12 1 1 10 7 1 10 12 1 1 10 12 1 1 10 12 1 1 10 12 1 1 10 12 1 1 10 12 1 1 10 12 1 10 7 12 1 1 1 10 12 1 10 12 1 10 12 1 1 10 12 1 10 12 1 10 12 1 10 12 1 1 10 12 1 10 12 1 1 8 1 9 12 1 10 12 1 1 8 1 8 1 10 7 12 1 1 100 1 10 10 12 10 12 1 10 12 1 10 12 1 10 12 1 1 10 7 12 1 1 10 12 1 10 7 1 7 1 10 12 1 1 10 12 1 10 7 1 10 12 1 100 1 18 12 1 10 100 12 1 1 1 10 100 12 1 1 1 10 7 12 1 1 10 12 1 10 12 1 100 1 10 12 1 8 1 10 10 12 1 1 10 12 1 10 12 1 1 100 1 10 12 1 10 12 1 1 10 7 12 1 1 10 12 1 8 1 100 1 10 10 12 1 9 12 1 10 7 12 1 1 10 12 1 7 1 8 1 10 12 1 10 8 1 8 1 10 12 1 1 10 12 1 1 10 12 1 1 10 7 12 1 1 7 1 100 1 10 12 1 1 7 1 7 1 10 7 12 1 1 10 12 1 10 12 1 1 10 12 1 10 12 1 1 10 12 1 1 9 100 12 1 1 1 10 12 1 1 10 12 1 10 12 1 10 12 1 1 10 12 1 8 1 100 1 18 12 1 1 10 12 1 1 10 12 1 10 12 1 10 12 1 8 1 10 12 1 10 12 1 18 12 1 11 100 12 1 1 1 100 1 10 12 1 1 10 12 1 10 11 12 1 1 10 18 10 12 1 1 11 7 12 1 18 12 1 11 12 1 1 10 12 10 12 1 1 10 12 1 1 100 1 8 1 10 10 12 1 8 1 8 1 10 100 12 1 1 10 12 1 100 1 10 10 12 1 8 1 8 1 8 1 10 12 1 10 12 1 1 10 12 1 10 7 12 1 1 1 11 7 12 1 1 100 1 10 11 10 12 1 10 12 1 10 12 1 1 9 7 12 1 1 9 12 1 1 9 12 9 12 1 9 12 1 9 12 1 8 10 12 1 1 10 7 12 1 1 1 10 12 1 1 10 12 1 1 10 12 1 10 10 12 1 11 12 1 1 10 100 12 1 1 1 100 1 10 12 1 10 12 1 10 12 1 1 1 1 1 1 1 1 1 1 1 1 1 1 1 1 1 1 1 1 1 1 1 1 1 1 1 1 100 1 1 1 1 1 1 1 1 1 1 1 1 1 1 1 1 1 1 1 1 1 100 1 1 1 1 1 1 1 1 1 1 100 1 1 1 1 1 1 1 1 1 1 1 1 1 1 1 1 1 1 1 1 1 1 1 1 1 1 1 1 1 1 1 1 1 1 1 1 1 1 1 1 1 100 1 1 1 1 1 1 1 1 1 1 1 1 1 1 1 1 1 1 1 7 1 1 1 1 1 1 1 1 1 1 1 1 1 1 1 1 1 1 1 1 1 1 1 1 1 1 1 1 1 1 1 1 1 1 1 1 1 1 1 1 1 1 1 1 1 1 1 1 1 1 100 1 1 1 1 1 1 1 1 1 1 1 1 1 1 1 1 1 1 1 1 1 1 1 1 1 1 1 1 1 1 1 1 1 1 1 1 1 1 1 1 1 1 1 1 1 1 16 1 15 10 12 16 1 16 15 10 12 16 1 16 1 15 10 12 16 15 10 12 16 15 10 12 16 15 10 100 12 1 1 1 1 1 100 1 100 1 1
staticfield java/lang/ClassLoader nocerts [Ljava/security/cert/Certificate; 0 [Ljava/security/cert/Certificate;
staticfield java/lang/ClassLoader $assertionsDisabled Z 1
ciInstanceKlass java/lang/reflect/Constructor 1 1 439 10 100 12 1 1 1 10 100 12 1 1 9 7 12 1 1 1 10 12 1 1 10 12 1 1 10 100 12 1 1 9 12 1 1 10 7 12 1 1 1 9 12 1 1 9 12 1 1 9 12 1 9 12 1 1 9 12 1 9 12 1 1 9 12 1 1 9 12 1 100 1 8 1 10 12 1 10 12 1 9 12 1 1 10 7 12 1 1 10 7 12 1 1 1 10 12 1 1 10 12 1 1 10 12 1 7 1 100 1 8 1 10 10 12 1 10 12 1 10 12 1 1 10 12 1 1 9 100 12 1 1 1 10 7 12 1 1 10 12 1 1 10 12 1 10 12 1 1 10 7 12 1 1 1 10 100 12 1 1 10 12 1 1 10 12 1 10 7 12 1 1 1 8 1 10 10 12 1 100 1 8 1 10 12 1 10 12 1 1 10 12 1 1 10 12 1 10 12 1 10 12 1 1 10 12 1 1 9 12 1 1 10 12 1 1 10 12 1 1 10 12 1 1 11 7 12 1 1 1 10 12 1 1 10 12 1 10 12 1 10 12 1 8 1 9 12 1 1 10 7 12 1 1 1 10 7 12 1 1 10 12 1 1 10 12 1 1 10 12 1 1 10 12 1 1 10 12 1 9 7 12 1 1 10 12 1 10 12 1 10 12 1 100 1 8 1 10 10 12 1 1 10 12 1 10 10 12 1 1 10 12 1 1 10 100 12 1 1 1 11 100 12 1 1 1 10 12 1 1 9 100 12 1 1 1 10 100 12 1 1 1 10 12 1 1 1 1 1 1 1 1 1 1 1 1 1 1 1 1 1 1 1 1 1 1 1 1 1 1 1 1 1 1 1 1 1 1 1 1 1 1 1 1 1 1 1 1 1 1 1 1 1 1 1 1 100 1 100 1 100 1 100 1 1 1 1 1 1 1 1 1 1 1 1 1 1 1 1 1 1 1 1 1 1 1 1 1 1 1 1 1 1 1 1 1 100 1 1
instanceKlass java/lang/reflect/Executable
instanceKlass java/lang/reflect/Field
ciInstanceKlass java/lang/reflect/AccessibleObject 1 1 400 10 7 12 1 1 1 9 100 12 1 1 1 10 7 12 1 1 1 10 7 12 1 1 10 7 12 1 1 1 10 100 12 1 1 1 10 12 1 1 10 12 1 1 9 12 1 1 7 1 10 7 12 1 1 1 11 12 1 7 1 10 12 1 7 1 100 1 10 12 1 10 12 1 1 10 12 1 1 10 12 1 1 10 12 1 1 7 1 10 7 12 1 1 1 10 12 1 1 11 10 7 12 1 1 1 10 12 1 1 10 12 1 10 12 1 10 12 1 1 10 12 1 8 1 7 1 7 1 10 10 12 1 1 8 1 10 12 1 10 12 1 8 1 8 1 8 1 8 1 8 1 8 1 8 1 8 1 8 1 100 1 10 12 1 10 12 1 9 12 1 1 10 12 1 1 10 12 1 10 7 1 100 1 8 1 10 8 1 10 12 1 8 1 10 12 1 10 12 1 1 10 100 1 8 1 10 11 7 12 1 1 1 10 12 1 1 10 12 1 1 10 12 1 1 9 12 1 1 100 1 10 12 1 7 1 10 12 1 10 12 1 1 10 100 1 10 12 1 10 12 10 12 1 10 12 1 10 12 1 1 10 12 1 9 12 1 10 100 12 1 1 8 1 10 100 12 1 1 1 8 1 10 7 12 1 1 1 9 12 1 7 1 10 7 1 10 10 7 12 1 1 1 7 1 10 10 7 12 1 1 1 7 1 9 12 1 1 1 1 1 1 1 1 1 1 1 1 1 1 1 1 1 1 1 1 1 1 1 1 1 1 1 1 1 1 1 1 1 1 1 1 1 1 1 1 1 1 1 1 1 1 1 1 1 1 1 1 1 1 1 1 1 1 1 1 1 1 1 1 1 1 1 1 1 1 1 1 1 1 1 1 1 1 1 1 1 1 1 1
staticfield java/lang/reflect/AccessibleObject reflectionFactory Ljdk/internal/reflect/ReflectionFactory; jdk/internal/reflect/ReflectionFactory
instanceKlass java/lang/reflect/Constructor
instanceKlass java/lang/reflect/Method
ciInstanceKlass java/lang/reflect/Executable 1 1 581 10 7 12 1 1 1 10 7 12 1 1 1 10 7 12 1 1 1 11 7 12 1 1 1 10 7 12 1 1 1 10 12 1 1 10 100 12 1 1 1 10 7 12 1 1 1 10 12 1 8 1 10 10 12 1 1 10 12 1 1 10 100 12 1 1 1 18 12 1 1 11 100 12 1 1 1 8 1 8 1 8 1 10 100 12 1 1 1 11 12 1 1 7 1 8 1 8 1 10 12 1 7 1 8 1 10 12 1 8 1 11 100 12 1 1 1 7 1 11 7 12 1 1 1 11 12 1 8 1 18 8 1 10 12 1 10 12 1 1 18 8 1 10 12 1 100 1 10 12 1 10 12 1 11 12 1 10 12 1 1 8 1 8 1 10 12 1 1 10 12 1 1 10 10 12 1 9 100 12 1 1 1 10 100 12 1 1 1 10 12 1 10 12 1 1 10 100 12 1 1 10 12 1 10 12 1 10 12 1 10 7 12 1 1 7 1 10 100 12 1 1 1 10 12 1 1 10 7 12 1 1 10 12 1 10 12 1 1 9 100 12 1 1 1 10 100 10 12 1 8 1 10 12 1 10 12 1 3 100 1 8 1 10 12 1 10 12 1 10 10 12 1 10 12 1 1 8 1 8 1 8 1 9 12 1 1 9 12 1 10 12 1 100 1 8 1 10 12 1 10 12 1 10 12 1 1 10 12 1 1 10 12 1 10 12 10 12 1 100 1 10 12 1 10 12 1 1 100 1 10 7 12 1 1 1 7 1 10 7 12 1 1 1 10 12 1 1 11 7 12 1 1 10 12 1 10 100 12 1 1 1 10 12 1 1 9 12 1 10 12 1 1 10 12 1 10 12 1 1 9 100 12 1 1 1 10 100 12 1 1 1 10 12 1 10 12 1 1 9 12 1 10 10 10 10 100 12 1 1 1 10 12 1 9 12 1 10 12 1 1 9 12 1 7 1 7 1 1 1 1 1 1 1 1 1 1 1 1 1 1 1 1 1 1 1 1 1 1 1 1 1 1 1 1 1 1 1 1 1 1 1 1 100 1 1 1 1 1 1 1 1 1 1 1 1 1 1 1 1 1 1 1 100 1 1 1 1 1 1 1 1 1 1 1 1 1 1 1 1 1 1 1 1 1 1 1 1 1 1 1 1 1 1 1 1 1 1 1 1 1 1 1 1 1 1 1 7 1 1 1 1 1 1 1 1 1 1 1 1 1 1 1 1 1 1 1 1 1 1 7 1 1 16 15 16 1 16 1 15 10 12 16 15 10 100 12 1 1 1 1 1 1 100 1 1 100 1 100 1 1
ciInstanceKlass java/lang/reflect/Member 1 1 37 100 1 10 12 1 1 100 1 100 1 1 1 1 3 1 3 1 1 1 1 1 1 1 1 1 1 1 1 1 1 1 1 1 1 1 1
instanceKlass jdk/internal/misc/InnocuousThread
instanceKlass com/sun/tools/javac/file/BaseFileManager$1
instanceKlass java/util/concurrent/ForkJoinWorkerThread
instanceKlass java/lang/ref/Finalizer$FinalizerThread
instanceKlass java/lang/ref/Reference$ReferenceHandler
instanceKlass java/lang/BaseVirtualThread
ciInstanceKlass java/lang/Thread 1 1 870 10 7 12 1 1 1 9 12 1 1 10 100 12 1 1 10 12 1 10 100 12 1 1 100 1 8 1 10 12 1 1 9 12 1 9 12 1 1 9 12 1 1 7 1 10 12 1 1 10 12 1 10 100 12 1 1 1 10 12 9 12 1 1 10 12 1 7 1 10 12 1 100 1 8 1 10 9 100 12 1 1 1 10 12 1 1 10 12 1 1 10 12 1 1 10 12 1 10 12 1 1 3 8 1 7 1 5 0 10 7 12 1 1 1 9 12 1 10 12 1 1 10 7 12 1 1 1 10 7 12 1 1 1 10 12 1 1 10 12 1 1 9 12 1 1 10 7 1 8 1 10 7 1 10 12 1 9 12 1 1 10 7 12 1 1 1 10 10 12 1 1 9 100 12 1 1 1 10 12 1 1 10 12 1 1 10 7 12 1 1 10 12 1 10 12 1 10 7 12 1 1 9 12 1 10 7 12 1 1 1 10 12 1 1 9 12 1 1 9 12 1 1 10 7 12 1 1 1 9 12 1 1 10 100 12 1 1 10 100 12 1 1 1 10 12 1 10 12 1 10 7 12 1 1 9 12 1 8 1 9 7 12 1 1 9 12 1 1 5 0 100 1 10 100 1 10 100 1 10 7 1 10 8 1 10 12 1 1 10 100 12 1 10 12 1 10 12 1 100 1 8 1 10 10 12 1 10 12 1 1 10 100 12 1 1 1 10 100 12 1 1 1 10 12 1 7 1 9 12 1 1 100 1 10 10 12 1 9 12 1 1 10 12 1 1 10 12 1 1 10 12 1 10 12 1 9 12 1 1 10 10 12 1 1 10 12 1 1 11 7 12 1 1 10 7 12 1 1 9 12 1 9 12 1 1 9 12 1 1 10 100 12 1 1 10 12 1 1 9 100 12 1 1 1 10 100 12 1 1 10 12 1 10 12 1 100 1 10 10 12 9 12 1 1 10 12 1 11 100 12 1 1 10 12 1 10 12 1 10 12 1 9 12 1 10 10 12 1 10 12 1 1 9 12 1 9 12 10 12 1 8 1 10 12 1 10 12 1 10 12 1 10 12 1 10 12 1 1 10 12 1 10 12 1 1 10 12 1 10 12 1 10 12 1 10 12 1 10 12 1 1 9 7 12 1 1 1 8 1 10 9 12 1 10 12 1 7 1 8 1 10 10 12 1 8 1 10 12 1 1 9 12 10 12 8 1 10 10 12 1 10 12 1 8 1 10 12 1 10 8 1 10 100 12 1 1 10 12 1 1 100 1 8 1 10 9 12 1 9 12 1 1 10 12 1 1 10 10 12 1 10 12 1 100 10 7 12 1 1 1 9 12 1 10 12 1 1 10 12 1 1 10 100 12 1 1 1 11 7 12 1 1 1 9 100 12 1 1 1 10 100 12 1 1 1 7 1 10 12 1 100 1 10 12 1 10 12 1 1 10 12 1 1 8 1 9 12 1 10 12 1 10 12 1 1 11 7 12 1 1 1 10 12 1 1 1 1 3 1 3 1 3 1 3 1 1 1 1 1 1 1 1 1 1 1 1 1 1 1 1 1 1 1 1 1 7 1 1 1 1 1 1 1 1 1 1 1 1 1 1 1 1 1 1 1 1 1 1 100 1 1 1 1 1 1 1 1 1 1 1 1 1 1 1 1 7 1 7 1 1 1 1 1 1 1 1 1 1 1 1 1 1 1 1 1 1 1 1 1 1 1 1 1 1 1 1 1 1 1 1 1 1 1 1 1 1 1 1 1 1 1 1 1 1 1 1 1 1 1 1 1 1 1 1 1 1 1 1 1 1 1 1 1 1 1 1 1 1 1 1 1 1 1 1 100 100 1 1 1 1 1 1 1 1 1 1 1 1 1 1 1 1 1 1 1 1 1 1 1 1 1 1 100 1 100 1 100 1 100 1 100 1 1 100 1 1 1 1 1 1 1 1 1 1 1 1 1 1 1
staticfield java/lang/Thread NEW_THREAD_BINDINGS Ljava/lang/Object; java/lang/Class
staticfield java/lang/Thread EMPTY_STACK_TRACE [Ljava/lang/StackTraceElement; 0 [Ljava/lang/StackTraceElement;
ciInstanceKlass java/lang/Runnable 1 0 11 100 1 100 1 1 1 1 1 1 1
ciInstanceKlass java/net/URL 1 1 771 10 7 12 1 1 1 10 12 1 10 7 12 1 1 9 12 1 1 9 12 1 10 7 12 1 1 1 10 12 1 1 10 12 1 1 9 12 1 1 10 7 12 1 1 1 8 1 10 12 1 1 7 1 10 10 12 1 1 8 1 10 12 1 1 9 12 1 100 1 8 1 10 12 1 10 12 1 8 1 9 12 1 10 12 1 1 9 12 1 10 12 1 10 12 1 9 12 1 9 12 1 8 1 9 12 1 10 12 1 1 8 1 9 12 1 1 10 12 1 1 10 7 12 1 1 1 8 1 10 12 1 100 1 10 12 1 10 12 1 10 12 1 10 12 1 1 10 12 1 1 8 1 10 12 1 1 10 12 1 8 1 9 12 1 8 1 10 12 1 10 7 12 1 1 1 7 1 10 12 1 10 12 1 1 10 7 12 1 1 1 100 1 8 1 10 10 12 1 8 1 10 12 1 1 10 12 1 10 12 1 10 12 1 10 12 1 10 12 1 10 12 1 8 1 10 12 1 8 1 10 10 100 1 10 10 12 1 8 1 10 7 12 1 1 1 10 12 1 9 100 12 1 1 1 10 7 12 1 1 1 9 12 1 1 10 12 1 10 100 12 1 1 1 100 1 100 1 10 12 1 10 12 1 10 12 1 10 12 1 10 12 1 10 12 10 10 12 1 10 12 1 10 12 1 1 8 1 9 100 12 1 1 1 10 100 12 1 1 1 10 12 1 1 9 100 12 1 1 1 10 12 1 1 100 1 10 12 1 10 12 1 10 10 12 1 1 10 12 1 1 10 12 1 10 12 1 10 12 1 10 100 12 1 1 1 10 12 1 1 10 12 1 9 12 1 1 9 12 1 1 7 1 8 1 10 10 12 1 9 12 1 1 10 7 12 1 1 8 1 10 100 12 1 1 8 1 10 12 1 1 10 12 1 8 1 8 1 10 7 12 1 1 1 7 1 10 7 12 1 1 1 10 12 1 10 12 1 100 1 10 9 100 12 1 1 1 10 100 12 1 1 10 12 1 1 10 12 1 8 1 100 1 10 10 7 12 1 1 1 10 12 1 8 9 100 12 1 1 1 10 12 1 1 10 12 1 10 12 1 1 10 100 12 1 1 11 7 12 1 1 10 12 1 10 12 1 9 12 1 10 12 1 1 10 100 12 1 1 10 100 12 1 1 1 8 10 100 12 1 1 100 1 10 8 8 10 12 1 8 8 8 100 1 10 12 1 9 12 1 1 10 12 1 10 12 1 1 10 12 1 10 12 10 12 1 1 10 12 1 1 10 10 10 12 1 10 12 1 10 12 1 10 12 1 10 12 1 10 10 12 1 100 1 8 1 10 10 10 12 1 1 10 12 1 10 12 1 1 8 1 7 1 10 10 7 1 10 12 1 9 7 12 1 1 1 9 12 1 1 7 1 10 10 7 12 1 1 1 7 1 1 1 1 1 5 0 1 1 1 1 1 1 1 1 1 1 1 1 1 1 1 1 1 1 1 1 1 1 1 1 1 1 1 1 1 1 1 1 1 1 1 1 1 1 1 1 1 1 1 1 1 1 1 1 7 1 1 1 1 1 1 1 1 1 1 1 1 1 1 1 1 1 1 1 1 1 1 1 1 1 1 1 1 1 1 1 1 1 1 1 1 1 100 1 1 1 1 1 1 1 1 1 1 1 1 1 1 1 1 1 100 1 1 1 1 1 1 1 1 1 1 1 1 1 1 1 1 1 1 1
staticfield java/net/URL defaultFactory Ljava/net/URLStreamHandlerFactory; java/net/URL$DefaultFactory
staticfield java/net/URL streamHandlerLock Ljava/lang/Object; java/lang/Object
staticfield java/net/URL serialPersistentFields [Ljava/io/ObjectStreamField; 7 [Ljava/io/ObjectStreamField;
ciMethod java/lang/System arraycopy (Ljava/lang/Object;ILjava/lang/Object;II)V 256 0 128 0 -1
ciInstanceKlass java/lang/Module 1 1 1070 10 7 12 1 1 1 9 7 12 1 1 1 10 7 12 1 1 1 9 12 1 9 12 1 1 9 12 1 1 10 12 1 1 10 12 1 10 12 1 1 10 7 12 1 1 1 7 1 10 7 12 1 1 1 10 12 1 1 11 7 12 1 1 1 10 12 1 1 10 7 12 1 1 1 10 12 1 1 10 7 12 1 1 1 9 100 12 1 1 1 10 7 12 1 1 1 10 12 1 8 1 10 7 12 1 1 1 10 7 12 1 1 1 10 7 12 1 1 1 10 12 1 10 12 1 9 12 1 1 10 100 12 1 1 100 1 7 1 10 8 1 10 12 1 1 10 12 1 10 12 10 12 1 10 7 12 1 1 8 1 8 1 10 8 1 8 1 9 12 1 1 8 1 10 100 12 1 1 1 10 12 1 9 12 1 1 11 12 1 9 7 12 1 1 10 7 12 1 1 1 10 7 12 1 1 1 10 12 1 1 8 1 10 12 1 1 10 12 1 10 12 1 1 9 7 12 1 1 1 10 12 1 1 10 12 1 1 9 12 1 10 12 1 10 12 1 9 12 1 1 11 7 12 1 1 10 12 1 1 9 12 1 9 12 1 10 12 1 10 12 1 100 1 8 1 10 10 12 1 1 10 12 1 8 1 10 12 1 1 8 1 8 1 10 12 1 1 10 12 1 10 12 1 1 18 12 1 1 10 12 1 1 11 12 1 9 12 1 11 12 10 100 12 1 1 100 1 8 1 10 11 12 1 1 10 7 12 1 1 1 10 12 1 10 12 1 1 11 12 1 1 11 7 12 1 1 11 12 1 1 9 12 1 11 12 1 10 12 1 1 10 12 1 1 9 12 1 10 12 10 7 12 1 1 10 7 1 18 12 1 1 11 100 12 1 1 1 18 12 1 11 12 1 1 10 100 12 1 1 1 11 12 1 1 10 7 12 1 1 7 1 11 12 1 7 1 7 1 10 12 1 10 7 12 1 1 1 10 11 7 12 1 8 1 10 10 12 1 1 10 7 12 1 1 10 12 1 10 12 1 7 1 10 12 1 10 11 12 1 1 10 12 10 12 1 1 9 12 1 1 100 1 10 10 12 1 1 11 7 1 10 12 1 1 11 12 1 10 10 12 1 11 10 12 1 1 10 12 1 1 10 12 1 1 10 7 12 1 1 10 12 1 10 12 1 1 10 10 12 1 1 10 12 1 18 12 1 11 12 1 18 12 1 10 12 1 10 12 1 10 12 7 1 10 12 1 10 12 1 10 12 1 9 12 1 7 1 10 10 10 10 12 1 10 12 1 10 12 1 10 12 1 1 10 12 1 1 10 12 1 9 12 1 18 12 1 1 10 7 12 1 1 1 100 1 8 1 10 12 1 1 10 12 1 1 10 7 12 1 1 7 1 10 12 1 1 7 1 8 1 10 12 1 1 100 1 11 12 1 1 10 100 12 1 1 1 18 12 1 1 11 100 12 1 1 1 100 1 10 12 1 10 12 1 1 7 1 7 1 10 12 8 1 10 12 1 1 10 12 1 1 10 7 12 1 1 10 12 1 1 10 12 1 10 12 10 12 1 1 7 1 10 10 12 1 1 10 7 12 1 1 1 100 1 10 12 1 1 10 7 12 1 1 8 1 18 12 1 1 100 1 100 1 9 12 1 1 9 12 1 9 12 1 11 100 12 1 1 1 100 1 11 12 1 1 100 1 10 12 1 8 1 10 12 1 10 12 10 12 1 8 1 10 10 100 12 1 1 7 1 10 10 12 1 10 7 12 1 1 9 12 1 9 12 1 9 12 1 9 12 1 10 12 11 12 1 10 12 1 7 1 1 1 1 1 1 1 1 1 1 1 1 1 1 1 1 1 1 1 100 1 1 1 1 1 1 1 1 1 1 1 1 1 1 1 1 1 1 1 1 1 1 1 1 1 1 1 1 1 1 1 1 1 1 1 1 1 1 1 1 1 1 1 1 1 1 1 1 1 1 1 1 1 1 1 1 1 1 1 1 1 1 1 1 1 1 1 1 1 1 1 1 1 1 1 1 1 1 1 1 1 1 1 1 1 1 1 1 1 1 1 1 1 1 1 100 100 1 1 1 1 1 1 1 1 1 1 1 1 1 1 1 1 1 1 1 1 1 1 1 1 1 1 1 100 1 100 1 1 1 1 1 1 1 1 1 1 1 1 1 1 1 1 1 1 1 1 100 1 1 1 1 1 1 1 1 1 1 1 1 1 1 1 1 1 1 1 1 1 1 1 16 15 10 12 16 16 15 10 12 16 16 15 10 16 1 15 10 12 16 1 15 10 12 16 1 16 15 10 12 16 16 1 15 10 12 16 15 10 100 12 1 1 1 15 10 100 12 1 1 1 1 1 1 1 1 1 1 1 100 1 100 1 1 100 1 100 1 1
staticfield java/lang/Module ALL_UNNAMED_MODULE Ljava/lang/Module; java/lang/Module
staticfield java/lang/Module ALL_UNNAMED_MODULE_SET Ljava/util/Set; java/util/ImmutableCollections$Set12
staticfield java/lang/Module EVERYONE_MODULE Ljava/lang/Module; java/lang/Module
staticfield java/lang/Module EVERYONE_SET Ljava/util/Set; java/util/ImmutableCollections$Set12
staticfield java/lang/Module $assertionsDisabled Z 1
ciInstanceKlass java/lang/StringLatin1 1 1 395 7 1 10 7 12 1 1 1 10 12 1 1 10 7 12 1 1 1 10 7 12 1 1 1 10 12 1 10 7 12 1 1 1 10 12 1 1 10 7 12 1 1 1 10 7 12 1 1 1 10 12 1 1 10 12 1 1 10 10 12 1 10 12 1 10 9 7 12 1 1 1 10 12 1 1 10 7 12 1 1 1 10 12 10 12 1 1 10 12 1 1 10 12 1 10 12 1 1 10 12 1 1 10 12 1 10 7 12 1 1 1 10 12 1 10 12 1 1 9 12 1 1 100 1 10 10 12 1 1 10 7 12 1 1 1 10 12 1 10 12 1 100 1 7 1 8 1 10 12 1 8 1 10 12 1 1 100 1 10 10 12 10 100 12 1 1 1 8 1 8 1 8 1 10 12 1 1 10 100 12 1 1 10 12 1 10 12 1 1 10 12 1 1 10 12 1 1 10 12 1 10 12 10 12 10 12 1 10 12 10 10 12 1 10 12 1 10 12 1 10 100 12 1 1 1 10 100 12 1 1 1 10 12 1 1 10 12 1 1 10 10 7 12 1 1 1 1 1 1 1 1 1 1 1 1 1 1 1 1 1 1 1 1 1 1 1 1 1 1 1 1 1 1 1 1 1 1 1 1 1 1 1 1 1 1 1 1 1 1 1 1 1 1 1 1 100 1 1 1 1 1 1 1 1 1 1 1 1 1 1 1 1 1 1 1 1 1 1 1 1 1 1 1 1 1 1 1 1 1 1 1 1 1 1 1 1 1 1 100 1 1 1 1 1 1 1 1 1 1 1 1 1 1 1 1 1 1 1 1 1 1 1 100 1 1 1 1 1 1 1 1 1 1 1 1 1 1 1 1 1 1 1 1 1 1 1 1 1 1 100 1 1 1 1
staticfield java/lang/StringLatin1 $assertionsDisabled Z 1
ciInstanceKlass java/lang/Math 1 1 460 7 1 10 7 12 1 1 1 10 7 12 1 1 1 10 12 1 10 12 1 10 12 1 10 12 1 10 12 1 6 0 6 0 10 12 1 10 12 1 10 12 1 10 12 1 10 12 1 10 12 1 1 10 12 1 10 12 1 10 12 1 10 12 1 10 12 1 10 7 12 1 1 1 100 1 3 3 3 10 7 12 1 1 1 100 1 5 0 5 0 5 0 5 0 5 0 9 100 12 1 1 1 10 100 12 1 1 1 100 1 8 1 10 12 1 8 1 10 12 1 1 10 12 1 1 7 1 5 0 5 0 7 1 3 5 0 3 5 0 10 12 1 10 12 1 10 12 1 10 12 1 10 12 1 8 1 10 12 1 8 1 10 12 1 1 10 12 1 1 9 12 1 1 9 12 1 100 1 7 1 10 10 12 1 1 8 1 10 12 1 10 12 1 1 10 10 12 1 10 12 1 10 12 1 10 12 1 1 8 1 8 1 10 12 1 1 10 12 1 10 12 10 12 10 12 1 10 12 1 10 12 1 10 12 1 10 12 6 0 10 12 1 9 12 1 1 100 1 10 10 12 1 100 1 10 12 1 10 12 1 1 10 12 1 10 12 1 10 12 10 12 1 1 10 12 1 1 10 12 1 1 10 12 6 0 10 12 1 1 10 12 10 12 1 4 10 12 1 10 12 1 10 12 10 12 1 10 12 1 10 12 1 10 12 1 10 12 1 10 12 1 5 0 6 0 4 6 0 4 6 0 4 10 12 1 9 12 1 1 10 12 9 12 1 10 7 12 1 1 1 4 6 0 1 1 6 0 1 6 0 1 6 0 1 1 1 1 1 1 1 1 1 1 1 1 1 1 1 1 1 1 1 1 1 1 1 1 1 1 1 1 1 1 1 1 1 1 1 1 1 1 1 1 1 1 1 1 1 1 1 1 1 1 1 1 1 1 1 1 1 1 1 1 1 1 1 1 1 1 1 1 1 1 1 1 1 1 1 1 1 1 1 1 1 1 1 1 1 1 1 1 1 1 1 1 1 1 1 1
staticfield java/lang/Math negativeZeroFloatBits J -2147483648
staticfield java/lang/Math negativeZeroDoubleBits J -9223372036854775808
staticfield java/lang/Math $assertionsDisabled Z 1
ciInstanceKlass java/lang/Character 1 1 604 7 1 7 1 100 1 9 12 1 1 8 1 9 12 1 1 7 1 9 12 1 1 10 7 12 1 1 1 10 100 12 1 1 1 10 100 12 1 1 1 10 7 12 1 1 1 9 7 12 1 1 1 10 12 1 10 12 1 1 10 12 1 1 10 7 12 1 1 10 12 1 1 3 3 3 3 3 10 12 1 1 10 12 1 3 11 7 12 1 1 1 11 12 1 1 10 12 1 1 10 12 1 1 100 1 10 10 12 1 3 10 12 1 1 10 12 1 10 12 1 1 100 1 8 1 10 12 1 1 10 12 1 10 12 1 10 12 1 10 100 12 1 1 1 10 12 1 10 12 1 10 12 1 1 10 12 1 10 7 12 1 1 10 10 12 1 10 10 12 1 10 12 1 1 10 12 1 10 10 12 1 10 12 1 10 12 1 10 12 1 10 12 1 10 12 1 10 12 1 10 12 10 10 12 10 10 12 1 10 10 12 1 10 10 12 1 10 10 12 1 10 12 1 10 12 1 10 12 1 10 12 1 10 12 1 10 12 1 10 10 12 1 10 10 12 1 10 10 12 1 1 10 10 12 1 10 5 0 10 12 1 10 12 1 10 10 12 1 10 10 12 1 1 10 10 12 1 10 10 12 1 9 12 1 1 100 1 10 10 12 1 10 12 1 1 3 10 100 12 1 1 1 10 12 1 10 100 12 1 1 7 1 10 10 12 1 1 10 12 1 1 10 12 1 1 8 1 10 12 1 9 100 12 1 1 1 10 12 1 10 10 12 1 10 12 1 1 10 12 1 10 10 12 1 1 10 10 12 1 1 7 1 8 1 10 12 1 1 10 7 12 1 1 1 8 1 10 12 1 1 9 12 1 1 7 1 7 1 7 1 1 1 1 3 1 3 1 3 1 3 1 1 1 1 1 3 1 1 3 1 3 1 3 1 3 1 3 1 3 1 3 1 3 1 3 1 3 1 3 1 3 1 3 1 3 1 3 1 3 1 3 1 3 1 3 1 3 1 3 1 3 1 3 1 3 1 3 1 3 1 3 1 3 1 1 1 1 1 1 1 1 1 1 1 1 1 1 1 1 1 1 1 3 1 1 1 1 1 1 1 3 1 1 3 1 1 1 1 1 3 1 1 5 0 1 1 1 1 1 1 1 1 1 1 1 1 1 1 1 1 1 1 1 1 1 1 1 1 1 1 1 1 1 1 1 1 1 1 1 1 1 1 1 1 1 1 1 1 1 1 1 1 1 1 1 1 1 1 1 1 1 1 1 1 1 1 1 1 1 1 1 1 1 1 1 1 1 1 1 1 1 1 1 1 1 1 1 1 1 1 1 1 1 1 100 1 100 1 1 1 1 1 1
staticfield java/lang/Character TYPE Ljava/lang/Class; java/lang/Class
staticfield java/lang/Character $assertionsDisabled Z 1
ciInstanceKlass java/util/Arrays 1 1 1029 10 7 12 1 1 1 10 100 12 1 1 1 10 7 12 1 1 1 10 12 1 10 12 1 10 12 1 10 12 1 10 12 1 10 12 1 10 100 12 1 1 1 100 1 7 1 10 8 1 10 12 1 1 10 12 1 8 1 8 1 10 12 1 1 10 12 1 100 1 10 12 1 9 100 12 1 1 1 10 7 12 1 1 100 1 10 12 1 1 10 7 12 1 1 10 7 12 1 1 1 100 1 10 12 1 10 12 1 1 7 1 9 7 12 1 1 1 10 12 1 1 10 100 12 1 1 10 12 1 10 12 1 1 10 12 1 10 12 1 1 7 1 11 12 1 1 10 12 1 10 7 12 1 1 1 10 12 10 12 1 10 12 1 10 12 10 12 1 11 100 12 1 1 1 10 7 12 1 1 1 100 1 10 12 1 10 100 1 10 12 1 10 100 1 10 12 1 10 100 1 10 12 1 10 10 12 1 1 10 12 1 10 12 1 10 12 1 10 12 1 10 12 1 10 7 12 1 1 1 10 12 1 10 7 12 1 1 1 10 12 1 10 12 1 10 100 12 1 1 1 10 12 1 10 12 1 10 12 1 10 12 1 10 12 1 10 12 1 10 12 1 10 12 1 10 12 1 10 12 1 10 12 1 10 12 1 10 12 1 10 12 1 10 12 1 10 12 1 1 10 12 1 1 10 7 12 1 1 1 10 7 1 10 100 1 10 100 1 10 100 1 10 100 1 10 100 1 10 100 1 10 100 1 10 12 1 8 1 10 12 1 1 10 12 1 1 10 12 1 1 10 12 1 1 10 12 1 1 10 12 1 1 10 12 1 1 10 12 1 1 10 12 1 1 7 1 10 12 10 12 1 1 10 12 1 10 12 1 1 10 12 1 1 9 7 12 1 1 1 10 12 1 9 7 1 10 12 1 9 7 1 10 12 1 9 7 1 10 12 1 9 7 1 10 12 1 9 7 1 10 12 1 9 10 12 1 10 12 1 10 12 1 9 12 1 100 1 10 10 12 1 1 10 12 1 10 12 1 10 12 1 10 12 1 10 12 1 10 12 1 10 12 1 10 12 1 10 12 1 8 1 8 1 10 12 1 10 12 1 8 1 10 12 1 10 12 1 10 12 1 10 7 12 1 1 1 3 10 100 1 10 10 12 1 1 11 100 12 1 1 10 12 1 1 10 12 1 10 12 1 10 12 1 10 12 1 10 12 1 10 12 1 10 12 1 10 12 1 11 12 1 8 1 10 11 12 1 11 100 12 1 1 1 11 100 12 1 1 1 11 12 1 1 18 12 1 1 11 12 1 1 11 100 12 1 1 1 18 12 1 11 100 12 1 1 1 18 12 1 11 100 12 1 1 1 18 12 1 100 1 10 7 12 1 1 1 10 12 1 10 12 1 10 12 1 10 12 1 10 12 1 10 12 1 10 12 1 10 12 1 1 10 12 1 10 7 12 1 1 10 12 1 10 12 1 10 12 1 1 10 12 1 10 12 1 10 12 1 1 10 12 1 10 12 1 10 12 1 1 10 12 1 10 12 1 10 12 1 10 12 1 10 12 10 12 1 10 12 10 12 10 12 1 10 12 10 12 1 10 12 1 10 12 1 1 1 1 3 1 3 1 1 1 1 1 1 1 1 1 1 1 1 1 1 1 1 1 1 1 1 1 1 1 1 1 1 1 1 1 1 1 1 1 1 1 1 1 1 1 1 1 1 1 1 1 1 1 1 1 1 1 1 1 1 1 1 1 1 1 1 1 1 1 1 1 1 1 1 1 1 1 1 1 1 1 1 1 1 1 1 1 1 1 1 1 1 1 1 1 1 1 1 1 1 1 1 1 1 1 1 1 1 1 1 1 1 1 1 1 1 1 1 1 1 1 1 1 1 1 1 1 1 1 1 1 1 1 1 1 1 1 1 1 1 1 1 1 1 1 1 1 1 1 1 1 1 1 1 1 1 1 1 1 1 1 1 1 1 1 1 1 1 1 1 1 1 1 1 1 1 1 1 1 1 1 1 1 1 1 1 1 1 1 1 1 1 1 1 1 1 1 1 1 1 1 1 1 1 1 1 1 1 1 1 1 1 1 1 1 1 1 1 1 1 1 1 1 1 1 1 1 1 1 1 1 1 1 1 1 1 1 1 1 1 1 1 1 1 1 1 1 1 1 1 1 1 1 1 1 1 1 1 1 1 100 1 1 16 15 10 12 15 10 12 15 10 12 15 10 12 15 10 100 12 1 1 1 1 1 100 1 100 1 1 1 1 100 1 1 1 1 1 1 100 1 1 100 1 1 100 1 1 1 100 1 100 1 1
staticfield java/util/Arrays $assertionsDisabled Z 1
ciInstanceKlass java/lang/OutOfMemoryError 1 1 26 10 100 12 1 1 1 10 12 1 100 1 1 1 1 5 0 1 1 1 1 1 1 1 1 1
ciMethod java/lang/StringLatin1 newString ([BII)Ljava/lang/String; 780 0 12596 0 -1
ciInstanceKlass java/lang/StringUTF16 1 1 635 7 1 7 1 10 7 12 1 1 1 10 7 12 1 1 1 100 1 10 3 7 1 7 1 10 8 1 10 12 1 1 10 12 1 8 1 10 12 1 1 10 12 1 9 12 1 1 10 12 1 1 100 1 8 1 10 12 1 9 12 1 1 9 12 1 10 10 12 1 1 10 12 1 1 10 7 12 1 1 1 10 12 1 10 12 1 1 10 12 1 1 10 12 1 1 10 12 1 1 10 12 1 10 12 1 1 10 12 1 1 10 12 1 1 10 12 1 1 10 12 1 1 10 12 1 10 7 12 1 1 1 10 12 1 1 10 100 12 1 1 1 10 12 1 1 10 12 1 10 12 1 1 10 12 1 1 10 12 1 1 10 12 1 10 12 1 100 1 10 12 1 10 10 12 1 10 12 1 1 10 12 1 10 100 12 1 1 1 10 12 1 1 10 12 10 12 1 1 10 12 1 10 12 1 1 10 12 1 10 12 1 10 12 1 10 12 1 100 1 10 12 1 1 10 12 1 3 10 12 1 1 10 12 1 10 12 1 10 12 1 10 12 1 10 12 1 10 12 1 1 9 12 1 10 12 1 10 12 10 12 1 1 10 12 1 10 12 1 10 12 1 10 10 12 10 12 10 10 12 1 1 10 12 1 10 12 1 10 12 1 100 1 8 1 8 1 10 12 1 1 100 1 10 10 7 12 1 1 1 10 100 12 1 1 8 1 8 1 8 1 10 12 1 1 10 12 1 1 10 12 10 100 12 1 1 10 12 1 1 10 12 1 1 10 12 1 10 12 10 12 10 12 1 10 12 10 12 1 10 12 1 10 12 1 10 12 1 10 100 12 1 1 1 10 100 12 1 1 1 10 12 1 1 10 12 1 1 11 7 12 1 1 10 12 1 10 12 1 10 12 1 1 9 12 1 1 9 12 1 5 0 5 0 10 12 1 10 12 10 12 10 7 12 1 1 1 10 12 1 1 1 1 1 1 1 1 1 1 1 1 1 1 1 1 1 1 1 1 1 1 1 1 1 1 1 1 1 100 1 1 1 1 1 1 1 1 1 1 1 1 1 1 1 1 1 1 1 1 1 1 1 1 1 1 1 1 1 1 1 1 1 1 1 1 1 1 1 1 1 1 1 1 1 1 1 1 1 1 1 1 1 1 1 1 1 1 1 1 1 1 1 1 1 1 1 1 1 1 1 1 1 1 1 1 1 1 1 1 1 1 1 1 1 1 1 1 1 1 100 1 1 1 1 1 1 1 1 1 1 1 1 1 1 1 1 1 100 1 1 1 1 1 1 1 1 1 1 1 1 1 1 1 1 1 1 1 1 1 1 1 1 1 1 1 1 1 1 1 1 1 1 1 1 1 1 1 1 1 1 1 1 1 1 1 1 1 1 1 1 1 1 1 1 1 1 1 100 1 100 1 1 1 1 1
staticfield java/lang/StringUTF16 HI_BYTE_SHIFT I 0
staticfield java/lang/StringUTF16 LO_BYTE_SHIFT I 8
staticfield java/lang/StringUTF16 $assertionsDisabled Z 1
ciInstanceKlass java/lang/Integer 1 1 453 7 1 7 1 7 1 7 1 10 12 1 1 9 12 1 1 9 12 1 1 10 100 12 1 1 1 10 12 1 1 10 100 12 1 1 1 10 10 12 1 1 10 7 12 1 1 1 10 12 1 10 12 1 1 10 7 12 1 1 1 10 12 1 1 10 12 1 1 10 12 1 10 12 1 10 12 1 1 10 10 12 1 9 12 1 1 9 12 1 100 1 8 1 10 12 1 7 1 10 12 1 8 1 10 12 1 1 10 12 1 8 1 10 12 1 8 1 10 12 1 1 3 10 12 1 1 3 10 12 1 1 10 12 1 1 10 7 12 1 1 1 11 7 1 10 12 1 1 11 10 12 1 1 8 1 10 12 1 1 8 1 7 1 10 12 1 1 10 12 1 1 5 0 8 1 10 12 1 10 12 1 10 12 1 10 12 1 1 7 1 9 12 1 1 9 12 1 1 10 12 1 10 7 1 9 12 1 10 12 1 10 12 1 10 12 1 1 10 7 12 1 1 1 100 1 100 1 10 12 1 1 10 12 1 1 8 1 8 1 10 12 1 1 8 1 8 1 8 1 8 1 8 1 8 1 10 12 1 10 12 1 5 0 3 3 3 3 10 12 1 10 12 1 3 10 12 1 10 100 12 1 1 1 10 12 1 1 10 12 1 1 8 1 10 7 12 1 1 1 9 12 1 1 7 1 7 1 7 1 1 1 1 3 1 1 1 3 1 3 1 1 5 0 1 1 1 1 1 1 1 1 1 100 1 1 1 1 1 1 1 1 1 1 1 1 1 1 1 1 1 1 1 1 1 1 1 1 1 1 1 1 1 1 1 1 1 1 1 1 1 1 1 1 3 1 1 1 1 1 1 1 1 1 1 1 1 1 1 1 1 7 1 1 1 1 1 1 1 1 1 1 1 1 1 1 1 1 1 1 1 1 1 1 1 1 1 1 1 1 1 1 1 1 1 1 1 1 1 1 1 1 1 1 1 1 1 1 7 1 1 1 1 1 1 1 1 1 100 1 100 1 1
staticfield java/lang/Integer TYPE Ljava/lang/Class; java/lang/Class
staticfield java/lang/Integer digits [C 36
staticfield java/lang/Integer DigitTens [B 100
staticfield java/lang/Integer DigitOnes [B 100
instanceKlass java/util/concurrent/atomic/AtomicLong
instanceKlass java/util/concurrent/atomic/AtomicInteger
instanceKlass java/lang/Long
instanceKlass java/lang/Integer
instanceKlass java/lang/Short
instanceKlass java/lang/Byte
instanceKlass java/lang/Double
instanceKlass java/lang/Float
ciInstanceKlass java/lang/Number 1 1 37 10 7 12 1 1 1 10 100 12 1 1 1 100 1 1 1 1 5 0 1 1 1 1 1 1 1 1 1 1 1 1 1 1 1 1 1
ciMethod java/lang/StringUTF16 newString ([BII)Ljava/lang/String; 0 0 1 0 -1
ciInstanceKlass java/lang/Thread$FieldHolder 1 1 48 10 7 12 1 1 1 9 7 12 1 1 1 9 12 1 1 9 12 1 1 9 12 1 1 9 12 1 1 1 1 1 1 1 1 1 1 100 1 100 1 1 1 1 100 1 1 1
ciInstanceKlass java/lang/Thread$Constants 0 0 59 7 1 10 7 12 1 1 1 100 1 10 10 7 12 1 1 1 7 1 8 1 10 12 1 9 7 12 1 1 1 7 1 7 1 10 12 1 10 12 1 9 12 1 1 1 1 1 1 1 1 1 1 1 1 1 1 1 1
ciInstanceKlass java/lang/ThreadGroup 1 1 411 10 7 12 1 1 1 9 7 12 1 1 1 8 1 9 12 1 1 7 1 9 12 1 1 9 12 1 1 10 7 12 1 1 1 10 12 1 1 10 12 1 10 12 1 10 12 1 10 12 1 1 10 12 1 1 10 12 1 10 12 1 1 10 12 1 10 12 1 10 100 12 1 1 1 10 12 1 1 18 12 1 1 11 7 12 1 1 1 10 7 12 1 1 1 10 7 12 1 10 12 1 1 10 12 1 1 10 12 1 1 10 100 12 1 1 1 10 12 1 11 12 1 1 11 7 12 1 1 11 12 1 1 10 12 1 1 10 12 1 10 12 1 11 12 1 11 12 1 1 100 1 10 10 12 1 100 1 10 18 12 1 1 11 7 12 1 1 1 11 12 1 1 9 12 1 1 10 12 1 1 8 1 10 7 12 1 1 1 10 100 12 1 1 1 10 12 1 1 11 12 10 12 1 1 10 12 1 1 11 7 1 9 12 1 7 1 10 8 1 10 12 1 1 10 12 1 1 8 1 10 12 1 10 7 12 1 1 1 10 12 1 1 10 7 1 8 1 10 8 1 10 12 1 10 12 1 8 1 9 12 1 1 9 12 1 10 100 12 1 1 1 100 9 12 1 1 7 1 9 12 1 10 12 10 12 1 1 100 10 12 9 12 1 10 12 1 100 1 10 11 12 1 1 7 1 10 10 12 1 10 12 1 1 1 1 1 1 1 1 1 1 1 1 1 1 1 1 1 1 3 1 1 1 1 1 1 1 1 1 1 1 1 100 1 1 1 1 1 1 1 1 1 1 1 1 1 1 1 1 1 1 1 1 1 1 1 1 1 1 1 1 1 1 1 1 1 1 1 1 1 1 1 1 1 1 1 16 15 10 12 16 16 15 10 12 16 15 10 100 12 1 1 1 1 1 100 1 100 1 1
staticfield java/lang/ThreadGroup $assertionsDisabled Z 1
ciInstanceKlass java/lang/Thread$UncaughtExceptionHandler 1 0 16 100 1 100 1 1 1 1 1 1 1 1 100 1 1 1
ciInstanceKlass java/security/AccessControlContext 1 1 374 9 7 12 1 1 1 9 12 1 1 10 100 12 1 1 1 8 1 10 100 12 1 1 1 10 7 12 1 1 1 9 12 1 9 12 1 1 9 12 1 1 10 7 12 1 1 7 1 10 12 1 11 7 12 1 1 1 11 12 1 11 12 1 11 12 1 1 7 1 11 12 1 1 10 12 1 10 7 12 1 1 1 9 100 12 1 1 1 10 7 12 1 1 1 11 100 12 1 1 1 10 7 1 100 1 8 1 10 12 1 10 12 1 1 7 1 10 7 12 1 1 1 9 12 1 9 12 1 9 12 1 9 12 1 1 9 12 1 1 9 12 1 9 12 1 10 7 12 1 1 1 9 12 1 10 12 1 1 10 12 1 1 8 1 10 12 1 1 10 12 1 1 10 7 12 1 1 1 7 1 10 10 12 1 1 10 7 12 1 1 1 10 8 1 10 7 12 1 1 8 1 10 7 12 1 1 8 1 8 1 10 12 1 8 1 10 12 1 8 1 10 12 1 10 12 1 10 12 1 1 8 1 8 1 100 1 10 12 1 10 12 1 1 100 1 10 12 1 8 1 10 12 1 10 12 1 10 8 1 10 12 1 1 10 12 1 1 10 12 1 1 10 12 1 1 10 12 1 10 12 1 11 10 12 1 10 12 1 1 10 10 10 12 1 1 1 1 1 1 1 1 1 1 1 1 1 1 1 1 1 1 1 1 1 1 1 1 100 1 1 1 1 1 1 1 1 1 1 1 1 1 1 1 1 1 1 1 1 1 1 1 1 1 1 1 1 1 1 1 1 1 1 1 1 1 1 1 1 1 1 1 1 1 1 1 1 1 1 1 1 3 1 1
instanceKlass java/lang/ThreadBuilders$BoundVirtualThread
instanceKlass java/lang/VirtualThread
ciInstanceKlass java/lang/BaseVirtualThread 0 0 36 10 100 12 1 1 1 100 1 1 1 1 1 1 1 1 1 1 1 1 1 1 1 1 1 1 1 1 100 1 100 1 1 100 1 1
ciInstanceKlass java/lang/VirtualThread 0 0 907 9 7 12 1 1 1 10 7 12 1 1 1 10 100 12 1 1 1 10 7 12 1 1 1 9 12 1 1 9 12 1 1 100 1 10 12 1 9 12 1 1 18 12 1 1 9 12 1 1 10 12 1 1 100 1 10 12 1 10 12 1 1 10 12 1 1 10 12 1 1 10 12 1 10 7 12 1 10 12 1 10 12 1 10 12 1 10 12 1 11 100 12 1 1 1 100 1 10 12 1 1 10 100 12 1 1 1 10 100 12 1 1 1 10 12 1 100 1 10 10 12 1 10 12 1 1 9 12 1 1 10 12 1 1 9 12 1 1 10 12 1 9 12 1 1 9 12 1 100 1 10 10 12 1 10 100 12 1 1 10 9 10 10 12 1 1 10 12 1 1 10 100 12 1 1 10 100 1 10 9 10 10 12 1 7 1 10 12 1 1 10 12 1 10 12 1 10 12 1 1 9 12 1 10 12 1 10 12 1 9 12 1 1 10 12 1 10 12 1 9 12 1 1 10 12 1 10 12 1 10 12 1 11 100 12 1 1 10 12 1 1 10 12 1 1 10 12 1 1 9 12 1 10 100 1 10 12 1 1 10 12 1 1 10 12 1 10 12 1 10 12 1 10 12 9 12 1 1 10 100 12 1 1 10 12 1 10 12 1 1 10 100 12 1 1 10 12 1 100 1 8 1 10 12 1 10 12 1 1 10 12 1 10 12 1 10 100 12 1 1 10 12 1 10 12 1 1 10 12 1 10 12 1 1 10 7 12 1 1 10 12 1 1 10 12 1 1 100 1 10 10 12 1 7 1 9 12 1 1 10 7 12 1 1 10 9 12 1 1 18 9 100 12 1 1 1 11 100 12 1 1 1 11 100 1 11 12 10 12 1 10 12 1 1 10 12 1 100 1 10 10 12 1 10 12 1 1 10 12 1 1 10 12 1 10 12 1 10 12 1 9 12 1 1 11 100 12 1 1 10 12 9 100 12 1 1 1 9 12 1 10 12 1 1 9 12 1 9 12 1 9 12 1 7 1 10 10 12 1 1 10 12 1 10 12 7 1 7 1 10 8 1 10 12 1 1 10 12 1 10 12 1 10 10 12 1 8 1 10 10 12 1 10 12 1 10 7 12 1 1 8 1 8 1 10 9 100 12 1 1 1 10 12 1 1 10 12 1 10 10 10 12 9 12 1 10 12 1 1 9 12 1 10 12 1 1 9 12 1 10 12 1 1 18 12 1 1 18 12 1 10 7 12 1 1 1 8 1 10 100 12 1 1 1 10 7 12 1 1 1 18 12 1 10 100 12 1 1 1 100 1 10 12 1 8 1 10 12 1 8 1 10 12 1 1 8 1 8 1 10 100 12 1 1 8 1 10 12 1 8 1 8 1 10 100 12 1 1 1 10 12 1 10 12 1 1 10 12 1 18 12 1 1 18 12 1 1 5 0 9 12 1 10 12 1 18 12 1 100 1 10 12 10 7 12 1 1 10 12 1 1 7 1 8 1 10 10 12 1 10 12 1 1 10 12 1 9 12 1 8 10 12 1 1 8 8 9 12 1 8 10 12 1 1 3 1 3 1 3 1 3 1 3 1 3 1 3 1 3 1 3 1 3 1 3 1 3 3 1 3 1 1 1 1 1 1 1 1 1 1 1 1 1 1 7 1 1 1 1 1 1 1 1 1 1 1 1 1 1 7 1 1 1 1 1 1 1 1 1 1 1 7 1 1 1 1 1 1 1 1 1 1 1 1 1 1 1 1 1 1 1 1 1 1 1 1 1 1 1 1 1 1 1 1 1 1 1 1 1 1 1 100 1 1 1 1 1 1 1 1 1 1 1 1 1 1 1 1 1 1 1 1 1 1 1 1 1 1 1 1 1 1 1 1 1 1 1 100 1 1 1 1 1 1 1 1 1 1 1 1 1 1 100 1 1 16 15 10 12 15 16 15 10 12 16 15 10 12 16 16 15 10 12 16 15 10 12 16 15 10 12 16 15 10 12 16 1 15 10 100 12 1 1 1 1 1 1 1 7 1 1 100 1 100 1 1
ciInstanceKlass java/lang/ThreadBuilders$BoundVirtualThread 0 0 132 10 7 12 1 1 1 9 7 12 1 1 1 10 7 12 1 1 1 9 12 1 1 10 12 1 1 10 12 1 1 9 12 1 1 10 7 12 1 1 1 10 12 1 1 7 1 8 1 10 12 1 10 12 1 1 10 12 1 1 10 12 1 1 10 7 12 1 1 1 8 1 10 12 1 8 1 10 12 1 1 10 100 12 1 1 9 100 12 1 1 1 10 12 1 1 10 10 12 1 1 1 1 1 1 1 1 1 1 1 1 1 1 1 1 1 1 1 1 1 1 1 1 1 1 1 1 100 1 1 1 1
ciInstanceKlass jdk/internal/vm/ContinuationScope 0 0 50 10 100 12 1 1 1 10 100 12 1 1 1 100 1 9 100 12 1 1 1 10 12 1 1 10 100 12 1 1 1 10 12 1 1 10 12 1 1 1 1 1 1 1 1 1 1 1 1 1
ciInstanceKlass jdk/internal/vm/StackChunk 0 0 32 10 100 12 1 1 1 9 100 12 1 1 1 9 12 1 1 9 12 1 1 1 1 1 1 1 1 1 1 1 1 1
ciInstanceKlass java/lang/Float 1 1 279 7 1 7 1 10 100 12 1 1 1 10 100 12 1 1 1 4 7 1 10 12 1 1 10 12 1 1 8 1 8 1 10 7 12 1 1 1 10 12 1 1 10 12 1 1 10 7 1 4 10 7 12 1 1 9 12 1 1 10 12 1 1 10 12 1 10 10 12 1 1 10 12 1 10 12 1 3 3 100 1 4 4 4 3 10 12 1 1 9 12 1 1 100 1 10 3 3 4 4 10 12 1 3 3 3 10 12 1 1 10 12 1 1 10 12 1 10 100 12 1 1 1 10 12 1 1 10 12 1 1 10 7 12 1 1 1 8 1 10 12 1 1 9 12 1 1 7 1 7 1 7 1 1 1 1 4 1 4 1 1 1 4 1 1 3 1 3 1 3 1 3 1 3 1 1 1 1 5 0 1 1 1 1 1 1 1 1 1 1 100 1 1 1 1 1 1 1 1 1 1 1 1 1 3 1 1 1 1 1 1 1 1 1 1 1 1 1 1 1 1 1 1 1 1 1 1 1 1 1 1 1 1 1 1 1 1 1 1 1 1 1 1 1 1 1 1 1 1 1 1 1 1 1 1 1 1 1 1 1 1 1 1 1 1 1 7 1 1 1 1 1 1 1 100 1 100 1 1
staticfield java/lang/Float TYPE Ljava/lang/Class; java/lang/Class
staticfield java/lang/Float $assertionsDisabled Z 1
ciInstanceKlass java/lang/Double 1 1 290 7 1 7 1 10 100 12 1 1 1 10 12 1 1 10 7 1 10 12 1 1 10 100 12 1 1 1 6 0 8 1 10 12 1 1 8 1 10 12 1 1 8 1 6 0 10 12 1 1 100 1 5 0 5 0 8 1 8 1 10 7 12 1 1 1 10 7 12 1 1 1 8 1 10 12 1 1 8 1 8 1 8 1 10 12 1 1 10 12 1 10 12 1 1 10 12 1 10 12 1 10 12 1 1 10 12 1 10 7 1 6 0 10 7 12 1 1 9 12 1 1 10 12 1 10 12 1 10 12 1 10 12 1 10 12 1 5 0 10 12 1 1 10 12 1 10 12 1 10 100 12 1 1 1 10 12 1 1 10 12 1 1 8 1 10 7 12 1 1 1 9 12 1 1 7 1 7 1 7 1 1 1 6 0 1 6 0 1 6 0 1 1 1 6 0 1 1 3 1 3 1 3 1 3 1 3 1 1 1 1 5 0 1 1 1 1 1 1 1 1 1 1 1 1 1 1 1 1 100 1 1 1 1 1 1 1 1 1 1 1 1 3 1 1 1 1 1 1 1 1 1 1 1 1 1 1 1 1 1 1 1 1 1 1 1 1 1 1 1 1 1 1 1 1 1 1 7 1 1 1 1 1 1 1 100 1 100 1 1
staticfield java/lang/Double TYPE Ljava/lang/Class; java/lang/Class
ciInstanceKlass java/lang/Byte 1 1 213 7 1 100 1 10 7 12 1 1 1 9 12 1 1 8 1 9 12 1 1 7 1 10 12 1 1 10 12 1 1 10 100 12 1 1 1 10 100 12 1 1 1 9 100 12 1 1 1 10 12 1 1 100 1 7 1 10 12 1 1 8 1 10 12 1 1 8 1 10 12 1 10 12 1 10 12 1 10 12 1 1 10 12 1 10 12 1 10 12 1 1 10 8 1 8 1 10 7 1 9 12 1 1 10 12 1 1 10 12 1 1 10 12 1 1 10 12 1 5 0 10 12 1 1 8 1 10 7 12 1 1 1 9 12 1 1 7 1 7 1 1 1 3 1 3 1 1 1 1 3 1 3 1 1 5 0 1 1 1 1 1 1 1 1 1 1 1 1 1 1 1 1 1 1 1 1 1 1 1 1 1 1 1 1 1 1 1 1 1 1 1 1 1 1 1 1 1 1 1 1 1 1 1 1 1 1 1 1 1 1 1 1
staticfield java/lang/Byte TYPE Ljava/lang/Class; java/lang/Class
ciInstanceKlass java/lang/Short 1 1 222 7 1 7 1 100 1 10 7 12 1 1 1 10 12 1 1 100 1 7 1 10 12 1 1 8 1 10 12 1 1 8 1 10 12 1 10 12 1 10 12 1 10 12 1 1 10 12 1 1 10 12 1 9 12 1 1 8 1 9 12 1 1 7 1 10 12 1 1 10 12 1 10 100 12 1 1 1 10 100 12 1 1 1 9 100 12 1 1 1 10 12 1 10 12 1 1 10 8 1 8 1 10 7 1 9 12 1 1 10 12 1 1 10 12 1 1 10 12 1 1 10 12 1 3 3 5 0 10 12 1 1 8 1 10 7 12 1 1 1 9 12 1 1 7 1 7 1 1 1 3 1 3 1 1 1 1 3 1 3 1 1 5 0 1 1 1 1 1 1 1 1 1 1 1 1 1 1 1 1 1 1 1 1 1 1 1 1 1 1 1 3 1 1 1 1 1 1 1 1 1 1 1 1 1 1 1 1 1 1 1 1 1 1 1 1 1 1 1 1 1 1
staticfield java/lang/Short TYPE Ljava/lang/Class; java/lang/Class
ciInstanceKlass java/lang/Long 1 1 524 7 1 7 1 7 1 7 1 10 12 1 1 9 12 1 1 9 7 12 1 1 1 10 100 12 1 1 1 10 12 1 1 10 100 12 1 1 1 10 10 12 10 12 1 10 12 1 10 12 1 5 0 5 0 7 1 10 12 1 1 10 12 1 1 10 12 1 10 12 1 10 12 1 10 12 1 1 10 100 12 1 1 10 12 1 10 12 1 1 10 12 1 1 10 12 1 1 10 12 1 1 10 100 12 1 1 1 10 12 1 1 10 12 1 10 12 1 10 12 1 10 12 1 1 10 10 12 1 5 0 5 0 9 12 1 1 9 12 1 5 0 100 1 8 1 10 12 1 8 1 10 12 1 8 1 8 1 10 12 1 1 5 0 10 12 1 1 5 0 10 12 1 1 10 12 1 1 10 100 12 1 1 1 11 7 1 10 12 1 1 11 10 12 1 1 8 1 10 12 1 1 8 1 7 1 10 12 1 1 10 12 1 8 1 8 1 11 12 1 1 10 12 1 10 12 1 10 12 1 5 0 5 0 9 7 12 1 1 1 10 12 1 10 12 1 1 8 1 8 1 10 12 1 1 8 1 8 1 8 1 8 1 8 1 8 1 10 12 1 10 7 1 9 12 1 1 10 12 1 10 12 1 1 10 12 1 1 10 7 12 1 1 1 100 1 100 1 10 12 1 1 10 12 1 1 5 0 10 12 1 10 12 1 5 0 5 0 5 0 10 12 1 1 10 12 1 5 0 5 0 10 12 1 10 12 1 10 100 12 1 1 1 10 12 1 1 10 12 1 1 8 1 10 7 12 1 1 1 9 12 1 1 7 1 7 1 7 1 1 1 1 5 0 1 1 1 1 3 1 3 1 5 0 1 1 1 1 1 1 1 1 1 100 1 1 1 1 1 1 1 1 1 1 1 1 1 1 1 1 1 1 1 1 1 1 1 1 1 1 1 1 1 1 1 1 1 1 1 1 1 1 1 1 1 1 1 1 1 1 1 1 1 1 1 1 1 1 1 3 1 1 1 1 1 1 1 1 1 1 1 1 1 1 1 7 1 1 1 1 1 1 1 1 1 1 1 1 1 1 1 1 1 1 1 1 1 1 1 1 1 1 1 1 1 1 1 1 1 1 1 1 1 1 1 1 1 1 1 7 1 1 1 1 1 1 1 1 1 100 1 100 1 1
staticfield java/lang/Long TYPE Ljava/lang/Class; java/lang/Class
ciInstanceKlass jdk/internal/vm/vector/VectorSupport 0 0 573 100 1 10 100 12 1 1 1 9 12 1 1 10 12 1 1 100 1 10 12 1 11 100 12 1 1 1 11 100 12 1 1 1 11 100 12 1 1 11 100 12 1 1 11 100 12 1 1 1 11 100 12 1 1 11 100 12 1 1 11 100 12 1 1 11 100 12 1 1 11 100 12 1 1 11 100 12 1 1 11 100 12 1 1 1 11 100 12 1 1 11 100 12 1 1 1 11 100 12 1 1 1 11 100 12 1 1 11 100 12 1 1 1 11 100 12 1 1 100 1 10 12 1 1 11 100 12 1 1 11 100 12 1 1 11 100 12 1 1 11 100 12 1 1 11 100 12 1 1 11 100 12 1 1 9 12 1 1 10 100 12 1 1 11 100 12 1 1 10 12 1 1 10 100 12 1 1 1 10 12 1 10 12 1 1 10 12 1 1 1 1 1 3 1 3 1 3 1 3 1 3 1 3 1 3 1 3 1 3 1 3 1 3 1 3 1 3 1 3 1 3 1 3 1 3 1 3 1 3 1 3 1 3 1 3 1 3 1 3 1 3 1 3 1 3 1 3 1 3 1 3 1 3 1 3 1 3 1 3 1 3 1 3 1 3 1 3 1 3 1 3 1 3 1 3 1 3 1 3 1 3 1 3 1 3 1 3 1 3 1 3 1 3 1 3 1 3 1 1 1 1 1 1 1 1 1 1 1 1 1 1 1 1 1 1 1 1 1 1 1 1 1 1 1 1 1 1 1 1 1 1 1 1 1 1 1 1 1 1 1 1 1 1 1 1 1 1 1 1 1 1 1 1 1 1 1 1 1 1 1 1 1 1 1 1 1 1 1 1 1 1 1 1 1 1 1 1 1 1 1 1 1 1 1 1 1 1 1 1 1 1 1 1 1 1 1 1 1 1 1 1 1 1 1 1 1 1 1 1 1 1 1 1 1 1 1 1 1 1 1 1 1 1 1 1 1 1 1 1 1 1 1 1 1 1 1 1 1 1 1 1 1 1 1 1 1 1 1 1 1 1 1 1 1 1 1 1 1 1 1 1 1 1 1 1 1 1 1 1 1 1 1 1 1 1 1 1 1 1 1 1 1 1 1 1 1 1 1 1 1 1 1 1 1 1 1 1 1 1 1 1 1 1 1 1 1 1 1 1 1 1 1 1 1 1 1 1 1 1 1 1 1 1 1 1 1 1 1 1 1 1 1 100 1 100 1 100 1 100 1 100 1 1 1 1 1 1 1 1 1 1 1 1 1 1 1 1 1 1 1 1 1 1 1 1 1 1 1 1 1 1 1
instanceKlass jdk/internal/vm/vector/VectorSupport$VectorShuffle
instanceKlass jdk/internal/vm/vector/VectorSupport$VectorMask
instanceKlass jdk/internal/vm/vector/VectorSupport$Vector
ciInstanceKlass jdk/internal/vm/vector/VectorSupport$VectorPayload 0 0 32 10 100 12 1 1 1 9 100 12 1 1 1 10 100 12 1 1 1 1 1 1 1 1 1 1 1 1 1 1 1 1
ciInstanceKlass jdk/internal/vm/vector/VectorSupport$Vector 0 0 28 10 100 12 1 1 1 100 1 1 1 1 1 1 1 1 1 1 1 1 1 1 1 100 1 1 1 1
ciInstanceKlass jdk/internal/vm/vector/VectorSupport$VectorMask 0 0 28 10 100 12 1 1 1 100 1 1 1 1 1 1 1 1 1 1 1 1 1 1 1 100 1 1 1 1
ciInstanceKlass jdk/internal/vm/vector/VectorSupport$VectorShuffle 0 0 28 10 100 12 1 1 1 100 1 1 1 1 1 1 1 1 1 1 1 1 1 1 1 100 1 1 1 1
ciInstanceKlass jdk/internal/vm/FillerObject 0 0 16 10 100 12 1 1 1 100 1 1 1 1 1 1 1 1
instanceKlass java/lang/ref/PhantomReference
instanceKlass java/lang/ref/FinalReference
instanceKlass java/lang/ref/WeakReference
instanceKlass java/lang/ref/SoftReference
ciInstanceKlass java/lang/ref/Reference 1 1 190 9 7 12 1 1 1 9 7 12 1 1 10 12 1 1 10 12 1 1 9 12 1 1 10 12 1 1 9 12 1 1 9 12 1 1 7 1 10 12 1 10 7 12 1 1 10 12 1 10 12 1 1 10 12 1 7 1 8 1 10 12 1 1 7 1 10 12 1 1 10 12 1 1 10 12 1 9 12 1 10 12 1 1 10 12 1 10 12 1 9 12 1 7 1 100 1 10 12 9 12 1 9 12 1 100 1 10 10 12 1 10 10 7 12 1 1 7 1 10 10 7 12 1 1 1 1 1 1 1 1 1 1 1 1 1 1 1 1 1 1 1 7 1 1 1 100 1 1 1 1 1 1 1 1 1 1 1 1 1 1 1 1 1 1 1 1 1 1 1 1 1 1 1 1 1 1 1 1 1 1 1 7 1 7 1 7 1 1 1
staticfield java/lang/ref/Reference processPendingLock Ljava/lang/Object; java/lang/Object
staticfield java/lang/ref/Reference $assertionsDisabled Z 1
instanceKlass java/util/ResourceBundle$BundleReference
instanceKlass sun/util/locale/LocaleObjectCache$CacheEntry
instanceKlass java/lang/invoke/LambdaFormEditor$Transform
ciInstanceKlass java/lang/ref/SoftReference 1 1 47 10 7 12 1 1 1 9 7 12 1 1 1 9 12 1 10 12 1 10 12 1 1 1 1 1 1 1 1 1 1 1 1 1 1 1 1 1 1 1 1 100 1 1 1 1 1
instanceKlass java/lang/ClassValue$Entry
instanceKlass java/lang/ThreadLocal$ThreadLocalMap$Entry
instanceKlass java/util/ResourceBundle$KeyElementReference
instanceKlass jdk/internal/util/WeakReferenceKey
instanceKlass java/util/WeakHashMap$Entry
ciInstanceKlass java/lang/ref/WeakReference 1 1 31 10 7 12 1 1 1 10 12 1 100 1 1 1 1 1 1 1 1 1 1 1 1 1 1 1 1 1 1 1 1
instanceKlass java/lang/ref/Finalizer
ciInstanceKlass java/lang/ref/FinalReference 1 1 50 10 7 12 1 1 1 10 7 12 1 1 1 10 12 1 1 7 1 8 1 10 12 1 1 1 1 1 1 1 1 1 1 1 1 1 1 1 1 1 1 1 1 1 1 1 1 1 7 1
instanceKlass jdk/internal/ref/PhantomCleanable
instanceKlass jdk/internal/ref/Cleaner
ciInstanceKlass java/lang/ref/PhantomReference 1 1 39 10 100 12 1 1 1 10 7 12 1 1 1 1 1 1 1 1 1 1 1 1 1 1 1 1 1 1 1 1 1 1 1 1 1 1 1 1 1
ciInstanceKlass java/lang/ref/Finalizer 1 1 155 9 7 12 1 1 1 10 7 12 1 1 1 9 12 1 1 9 12 1 1 9 12 1 9 12 1 9 12 1 1 10 12 1 7 1 8 1 10 12 1 10 12 1 1 9 12 1 100 1 10 12 1 7 1 11 100 12 1 1 10 12 1 7 1 10 12 1 100 1 10 12 1 10 7 12 1 1 1 10 100 12 1 1 1 100 1 10 10 12 1 7 1 10 12 1 7 1 10 12 1 1 10 12 1 1 10 12 1 10 7 12 1 1 1 7 1 10 7 1 10 10 12 1 1 1 1 1 1 1 1 1 1 1 1 1 1 1 1 1 1 1 1 1 1 1 1 1 1 1 1 1 1 1 1
staticfield java/lang/ref/Finalizer lock Ljava/lang/Object; java/lang/Object
staticfield java/lang/ref/Finalizer ENABLED Z 1
staticfield java/lang/ref/Finalizer $assertionsDisabled Z 1
instanceKlass com/sun/tools/javac/comp/Infer$IncorporationBinaryOpKind
instanceKlass com/sun/tools/javac/comp/Infer$InferenceStep
instanceKlass com/sun/tools/javac/comp/Infer$GraphInferenceSteps
instanceKlass com/sun/tools/javac/code/Type$UndetVar$InferenceBound
instanceKlass com/sun/tools/javac/code/Type$UndetVar$Kind
instanceKlass java/lang/invoke/MethodHandleImpl$ArrayAccess
instanceKlass com/sun/tools/javac/tree/JCTree$JCOperatorExpression$OperandPos
instanceKlass com/sun/tools/javac/comp/Operators$ComparisonKind
instanceKlass com/sun/tools/javac/code/Symbol$OperatorSymbol$AccessCode
instanceKlass com/sun/tools/javac/util/Bits$BitsState
instanceKlass com/sun/tools/javac/comp/Flow$FlowKind
instanceKlass com/sun/tools/javac/comp/Flow$BaseAnalyzer$JumpKind
instanceKlass com/sun/tools/javac/comp/Flow$Liveness
instanceKlass com/sun/tools/javac/comp/Resolve$MethodCheckDiag
instanceKlass com/sun/tools/javac/comp/Resolve$InterfaceLookupPhase
instanceKlass com/sun/tools/javac/code/TypeAnnotations$AnnotationType
instanceKlass com/sun/tools/javac/code/TargetType
instanceKlass com/sun/tools/javac/code/Attribute$RetentionPolicy
instanceKlass javax/lang/model/element/NestingKind
instanceKlass javax/lang/model/element/ElementKind
instanceKlass com/sun/tools/javac/comp/DeferredAttr$AttributionMode
instanceKlass com/sun/tools/javac/code/Scope$LookupKind
instanceKlass com/sun/tools/javac/code/Directive$OpensFlag
instanceKlass java/util/stream/MatchOps$MatchKind
instanceKlass com/sun/tools/javac/code/Directive$ExportsFlag
instanceKlass com/sun/tools/javac/parser/UnicodeReader$UnicodeEscapeResult
instanceKlass com/sun/tools/javac/parser/JavacParser$EnumeratorEstimate
instanceKlass com/sun/source/tree/MemberReferenceTree$ReferenceMode
instanceKlass com/sun/tools/javac/tree/JCTree$JCLambda$ParameterKind
instanceKlass com/sun/tools/javac/tree/JCTree$JCPolyExpression$PolyKind
instanceKlass com/sun/tools/javac/parser/JavacParser$ParensResult
instanceKlass com/sun/tools/javac/code/BoundKind
instanceKlass com/sun/source/tree/CaseTree$CaseKind
instanceKlass com/sun/tools/javac/parser/JavacParser$PatternResult
instanceKlass com/sun/tools/javac/parser/Tokens$Comment$CommentStyle
instanceKlass javax/lang/model/type/TypeKind
instanceKlass com/sun/tools/javac/util/RichDiagnosticFormatter$RichConfiguration$RichFormatterFeature
instanceKlass com/sun/tools/javac/util/RichDiagnosticFormatter$WhereClauseKind
instanceKlass com/sun/tools/javac/comp/CompileStates$CompileState
instanceKlass com/sun/tools/javac/main/JavaCompiler$ImplicitSourcePolicy
instanceKlass com/sun/tools/javac/jvm/ClassFile$Version
instanceKlass com/sun/tools/javac/comp/Attr$CheckMode
instanceKlass com/sun/tools/javac/comp/Analyzer$AnalyzerMode
instanceKlass com/sun/tools/javac/jvm/Code$StackMapFormat
instanceKlass com/sun/tools/javac/comp/Operators$OperatorType
instanceKlass com/sun/tools/javac/tree/JCTree$Tag
instanceKlass com/sun/tools/javac/jvm/Profile
instanceKlass com/sun/tools/javac/comp/Resolve$VerboseResolutionMode
instanceKlass com/sun/tools/javac/comp/DeferredAttr$AttrMode
instanceKlass com/sun/tools/javac/main/Option$PkgInfo
instanceKlass com/sun/tools/javac/parser/Tokens$Token$Tag
instanceKlass com/sun/tools/javac/parser/Tokens$TokenKind
instanceKlass com/sun/tools/javac/util/Dependencies$CompletionCause
instanceKlass com/sun/tools/javac/comp/Resolve$ReferenceLookupResult$StaticKind
instanceKlass com/sun/tools/javac/comp/Resolve$MethodResolutionPhase
instanceKlass com/sun/tools/javac/util/Convert$Validation
instanceKlass com/sun/tools/javac/code/Symbol$ModuleResolutionFlags
instanceKlass com/sun/tools/javac/code/Symbol$ModuleFlags
instanceKlass com/sun/tools/javac/code/Directive$RequiresFlag
instanceKlass com/sun/tools/javac/code/Kinds$KindName
instanceKlass com/sun/tools/javac/code/Kinds$Kind$Category
instanceKlass com/sun/tools/javac/code/Kinds$Kind
instanceKlass com/sun/tools/javac/code/TypeTag
instanceKlass com/sun/tools/javac/jvm/ClassReader$AttributeKind
instanceKlass com/sun/tools/javac/main/JavaCompiler$CompilePolicy
instanceKlass com/sun/tools/javac/code/Source$Feature$DiagKind
instanceKlass com/sun/tools/javac/util/JCDiagnostic$DiagnosticType
instanceKlass com/sun/tools/javac/code/Source$Feature
instanceKlass javax/lang/model/SourceVersion
instanceKlass javax/tools/StandardLocation
instanceKlass java/nio/file/AccessMode
instanceKlass java/nio/file/LinkOption
instanceKlass jdk/javadoc/internal/doclint/Env$AccessKind
instanceKlass jdk/javadoc/internal/doclint/Messages$Group
instanceKlass com/sun/tools/javac/main/Arguments$ErrorMode
instanceKlass com/sun/tools/javac/jvm/Target
instanceKlass com/sun/tools/javac/util/BasicDiagnosticFormatter$BasicConfiguration$SourcePosition
instanceKlass com/sun/tools/javac/util/BasicDiagnosticFormatter$BasicConfiguration$BasicFormatKind
instanceKlass com/sun/tools/javac/api/DiagnosticFormatter$Configuration$MultilineLimit
instanceKlass com/sun/tools/javac/api/DiagnosticFormatter$Configuration$DiagnosticPart
instanceKlass java/util/concurrent/TimeUnit
instanceKlass com/sun/tools/javac/util/JCDiagnostic$DiagnosticFlag
instanceKlass com/sun/tools/javac/util/Log$WriterKind
instanceKlass java/nio/file/FileVisitOption
instanceKlass javax/tools/JavaFileObject$Kind
instanceKlass com/sun/tools/javac/code/Source
instanceKlass com/sun/tools/javac/code/Lint$LintCategory
instanceKlass com/sun/tools/javac/main/Option$ChoiceKind
instanceKlass java/util/regex/Pattern$Qtype
instanceKlass com/sun/tools/javac/main/Option$ArgKind
instanceKlass com/sun/tools/javac/main/Option$OptionGroup
instanceKlass com/sun/tools/javac/main/Option$OptionKind
instanceKlass com/sun/tools/javac/main/Option
instanceKlass java/io/File$PathStatus
instanceKlass sun/nio/fs/WindowsPathType
instanceKlass java/nio/file/StandardOpenOption
instanceKlass java/util/stream/Collector$Characteristics
instanceKlass java/util/stream/StreamShape
instanceKlass java/lang/invoke/MethodHandles$Lookup$ClassOption
instanceKlass java/lang/invoke/VarHandle$AccessType
instanceKlass java/lang/invoke/VarHandle$AccessMode
instanceKlass java/lang/invoke/MethodHandleImpl$Intrinsic
instanceKlass java/lang/invoke/LambdaForm$BasicType
instanceKlass java/lang/invoke/LambdaForm$Kind
instanceKlass sun/invoke/util/Wrapper
instanceKlass java/util/stream/StreamOpFlag$Type
instanceKlass java/util/stream/StreamOpFlag
instanceKlass java/lang/module/ModuleDescriptor$Requires$Modifier
instanceKlass java/lang/reflect/AccessFlag$Location
instanceKlass java/lang/reflect/AccessFlag
instanceKlass java/lang/module/ModuleDescriptor$Modifier
instanceKlass java/lang/reflect/ClassFileFormatVersion
instanceKlass java/lang/Thread$State
ciInstanceKlass java/lang/Enum 1 1 204 9 7 12 1 1 1 9 12 1 1 10 7 12 1 1 1 9 12 1 10 7 12 1 1 1 100 1 10 10 12 1 1 10 12 1 7 1 10 10 7 12 1 1 10 12 1 1 18 12 1 1 10 100 12 1 1 1 10 12 1 1 11 7 12 1 1 1 100 1 8 1 10 12 1 100 1 7 1 10 8 1 10 12 1 1 10 12 1 1 8 1 10 12 1 10 100 1 8 1 10 10 12 1 1 10 100 12 1 1 1 7 1 7 1 7 1 1 1 1 1 1 1 1 1 1 1 1 1 1 1 1 1 1 1 1 1 1 1 1 1 1 1 1 1 1 1 1 1 1 1 1 1 1 1 1 1 1 1 1 1 1 1 3 1 1 1 1 100 1 7 1 1 100 1 1 1 1 1 1 1 1 1 1 1 16 15 10 12 16 15 10 100 12 1 1 1 1 1 100 1 100 1 1
ciInstanceKlass java/lang/reflect/Method 1 1 472 9 7 12 1 1 1 10 100 12 1 1 1 10 100 12 1 1 9 12 1 1 10 12 1 1 10 12 1 1 10 100 12 1 1 10 7 12 1 1 1 9 12 1 1 9 12 1 9 12 1 1 9 12 1 9 12 1 9 12 1 1 9 12 1 9 12 1 1 9 12 1 9 12 1 9 12 1 1 100 1 8 1 10 12 1 10 12 1 9 12 1 1 8 1 10 7 12 1 1 10 7 12 1 1 1 10 12 1 1 10 12 1 1 10 12 1 10 12 1 1 10 12 1 1 9 100 12 1 1 1 10 12 1 1 10 12 10 100 12 1 1 10 12 1 1 10 12 1 10 12 1 10 12 1 10 7 12 1 1 1 10 12 1 1 10 7 1 10 7 12 1 1 1 10 100 12 1 1 10 12 1 1 10 12 1 1 10 12 1 10 7 12 1 1 1 10 12 1 10 8 1 10 12 1 10 12 1 100 1 8 1 8 1 8 1 10 12 1 10 12 1 1 10 12 1 1 10 10 12 1 1 10 12 1 11 7 1 10 12 1 9 12 1 1 10 12 1 1 10 12 1 10 12 1 1 10 12 1 1 11 7 12 1 1 1 11 12 1 9 12 1 1 10 12 1 10 12 1 10 12 1 10 12 1 10 12 1 10 12 1 9 12 1 1 10 7 12 1 1 1 10 7 12 1 1 10 12 1 1 10 100 12 1 1 1 10 100 12 1 1 1 10 100 12 1 1 1 11 100 12 1 1 1 10 100 12 1 1 1 100 1 100 1 100 1 10 12 1 10 12 1 1 10 12 1 100 1 8 1 10 12 1 10 10 12 1 1 10 12 1 1 10 12 1 1 10 12 1 1 8 1 10 12 1 1 1 1 1 1 1 1 1 1 1 1 1 1 1 1 1 1 1 1 1 1 1 1 1 1 1 1 1 1 1 1 1 1 1 1 1 1 1 1 1 1 1 1 1 1 1 1 1 1 1 1 1 100 1 100 1 100 1 1 1 1 1 1 1 1 1 1 1 1 1 1 1 1 1 1 1 1 1 1 1 1 1 1 1 1 1 1
ciInstanceKlass java/lang/reflect/Field 0 0 457 9 7 12 1 1 1 10 12 1 1 10 100 12 1 1 1 10 100 12 1 1 9 12 1 1 10 12 1 1 10 12 1 1 10 100 12 1 1 10 7 12 1 1 1 9 12 1 1 9 12 1 9 12 1 9 12 1 1 9 12 1 1 9 12 1 9 12 1 1 9 12 1 1 100 1 8 1 10 12 1 10 12 1 9 12 1 1 9 12 1 10 12 1 10 100 12 1 1 10 12 1 1 10 12 1 1 10 12 1 10 12 1 1 9 100 12 1 1 1 10 100 12 1 1 1 100 1 10 12 1 1 10 12 1 1 10 12 1 1 10 12 1 10 12 1 10 7 1 10 7 12 1 1 7 1 10 8 1 10 12 1 1 10 12 1 1 8 1 10 12 10 12 1 8 1 8 1 10 11 7 1 9 12 1 10 12 1 1 10 12 1 1 11 7 12 1 1 1 10 12 1 11 12 1 1 11 12 1 1 11 12 1 1 11 12 1 1 11 12 1 1 11 12 1 1 11 12 1 1 11 12 1 1 11 12 1 1 11 12 1 1 11 12 1 1 11 12 1 1 11 12 1 1 11 12 1 1 11 12 1 1 11 12 1 1 11 12 1 1 10 12 1 10 7 12 1 1 10 12 1 10 12 1 10 12 1 9 12 1 1 10 100 12 1 1 1 10 12 1 1 10 12 1 10 100 12 1 1 10 12 1 1 11 7 1 10 12 1 7 1 10 100 12 1 1 1 10 100 12 1 1 1 9 12 1 10 100 12 1 1 1 11 100 12 1 1 1 10 12 1 1 10 12 1 1 9 100 12 1 1 10 100 12 1 1 1 10 12 1 1 7 1 1 1 1 1 1 1 1 1 1 1 1 1 1 1 1 1 1 1 1 1 1 1 1 1 1 1 1 1 1 1 1 1 1 1 1 1 1 1 100 1 1 1 1 1 1 1 1 1 1 1 1 1 1 1 1 1 1 1 1 1 1 1 1 1 1 1 1 1 1 1 1 7 1 1 1 1 1 1 1 1 1 100 1 1
ciInstanceKlass java/lang/reflect/Parameter 0 0 243 10 7 12 1 1 1 9 7 12 1 1 1 9 12 1 1 9 12 1 1 9 12 1 10 12 1 1 10 12 1 1 10 7 12 1 1 1 7 1 10 10 12 1 1 11 7 12 1 1 1 10 12 1 10 100 12 1 1 1 10 12 1 1 10 12 1 10 12 1 8 1 8 1 10 7 12 1 1 1 10 12 1 10 12 9 100 12 1 1 1 10 100 12 1 1 1 10 12 1 8 1 10 12 1 9 12 1 1 10 12 1 1 9 12 1 1 10 12 1 1 10 12 1 1 10 12 1 1 10 12 1 10 10 12 1 10 100 12 1 1 1 10 12 1 1 11 7 12 1 1 10 7 12 1 1 7 1 10 100 12 1 1 1 10 12 1 1 10 12 1 1 10 12 1 1 10 12 1 1 9 12 1 100 1 10 11 12 1 1 11 12 1 1 7 1 1 1 1 1 1 1 1 1 1 1 1 1 1 1 1 1 1 1 1 1 1 1 1 1 1 1 1 1 1 1 1 1 1 1 1 1 1 1 1 1 100 1 1 1 1 1 1
ciInstanceKlass java/lang/reflect/RecordComponent 0 0 196 10 7 12 1 1 1 9 7 12 1 1 1 9 12 1 1 9 12 1 10 12 1 1 10 12 1 1 10 100 12 1 1 1 10 12 1 1 9 12 1 1 10 12 1 1 10 12 1 1 10 12 1 10 100 12 1 1 10 100 12 1 1 9 12 1 1 10 100 12 1 1 1 11 100 12 1 1 1 10 9 100 12 1 1 1 10 100 12 1 1 1 9 12 1 1 10 100 12 1 1 1 10 12 1 1 11 7 12 1 1 10 7 12 1 1 7 1 9 12 1 9 12 1 1 9 12 1 10 100 12 1 1 1 10 12 1 1 10 12 1 1 7 1 10 10 12 1 10 12 1 1 8 1 10 12 1 10 12 1 9 12 1 7 1 1 1 1 1 1 1 1 1 1 1 1 1 1 1 1 1 1 1 1 1 1 7 1 1 1 1 1 1 100 1 1
ciInstanceKlass java/lang/StringBuffer 0 0 483 10 7 12 1 1 1 10 12 1 10 12 1 10 12 1 1 9 7 12 1 1 1 10 12 1 1 10 12 1 10 12 1 1 9 12 1 1 10 12 1 10 12 1 1 10 12 1 1 10 12 1 10 12 1 1 10 12 1 10 12 1 1 10 12 1 1 10 7 12 1 1 1 10 12 1 1 10 12 1 10 12 1 10 12 1 10 12 1 10 12 1 10 12 1 10 12 1 10 12 1 10 12 1 10 12 1 10 12 1 10 12 1 10 12 1 10 12 1 1 10 12 1 10 12 1 1 10 12 1 1 10 10 12 1 1 10 12 1 10 12 1 10 12 1 10 12 1 10 12 1 10 12 1 10 12 10 12 1 10 12 1 10 12 1 10 12 1 1 10 12 1 10 12 1 10 10 12 1 1 10 12 1 10 12 1 10 12 1 10 10 100 12 1 1 1 10 10 12 1 1 9 12 1 1 10 100 12 1 1 10 100 1 8 10 100 12 1 1 1 8 10 12 1 8 1 10 12 1 10 12 1 10 100 12 1 1 1 10 100 12 1 1 1 100 1 10 12 100 1 8 1 10 10 12 1 1 10 12 1 1 10 12 1 10 12 1 10 12 1 1 10 12 1 10 12 1 10 12 1 10 12 1 10 12 1 10 12 10 12 1 10 12 1 10 12 1 10 12 1 10 12 1 10 12 1 10 12 1 10 12 1 10 12 1 10 12 1 10 12 10 12 10 12 1 10 12 1 10 12 1 10 12 10 12 1 10 12 1 10 12 1 10 12 1 10 12 1 10 12 1 10 12 1 10 12 1 10 12 1 10 12 1 10 12 1 100 1 10 12 1 9 7 12 1 1 1 9 7 1 9 12 1 1 7 1 7 1 7 1 7 1 1 1 1 5 0 1 1 1 1 1 1 1 1 1 1 1 1 1 1 1 1 1 1 1 1 1 1 1 1 1 1 1 1 1 1 1 1 1 1 1 1 1 1 1 1 1 1 1 1 1 1 1 1 1 1 1 1 1 1 1 1 1 1 1 1 1 100 1 1 1 1 1 7 1 1 1 1 1 1 1 1 1 1 1 1 1 1 1 1 1 1
instanceKlass java/net/URLClassLoader
instanceKlass jdk/internal/loader/BuiltinClassLoader
ciInstanceKlass java/security/SecureClassLoader 1 1 102 10 7 12 1 1 1 7 1 10 12 1 9 7 12 1 1 1 10 12 1 10 12 1 10 12 1 1 10 12 1 1 10 12 1 7 1 10 7 1 10 12 1 7 1 10 12 1 11 7 12 1 1 1 7 1 11 12 1 10 12 1 1 1 1 1 1 1 1 1 1 1 1 1 1 1 1 1 1 1 1 1 1 1 1 1 1 1 1 1 1 1 1 1 1 1 1 100 1 1 1 1
ciInstanceKlass java/util/jar/Manifest 0 0 339 10 7 12 1 1 1 100 1 10 9 7 12 1 1 1 100 1 10 9 12 1 1 9 12 1 1 10 12 1 10 12 1 1 10 12 1 1 10 12 1 1 10 12 1 1 11 7 1 11 12 1 1 10 12 1 1 10 100 12 1 1 1 100 1 7 1 10 8 1 10 12 1 1 10 12 1 1 10 12 1 10 12 1 11 100 1 10 12 1 10 12 1 1 11 12 1 1 10 12 1 11 12 1 1 11 100 12 1 1 1 11 7 12 1 1 11 12 1 1 100 1 10 12 1 8 1 11 12 1 7 1 10 12 1 1 11 12 1 10 12 1 10 12 1 10 7 12 1 1 1 8 1 10 12 1 1 10 9 100 12 1 1 1 10 12 1 1 10 100 12 1 10 12 1 10 12 1 9 100 12 1 1 1 8 1 10 12 1 8 1 8 1 100 1 10 12 1 10 12 1 10 12 1 1 100 1 8 1 10 12 1 1 8 1 10 10 12 1 1 8 1 10 12 1 1 10 7 12 1 1 1 10 12 1 10 11 12 1 1 10 12 1 10 100 12 1 1 1 10 12 1 1 10 12 1 10 12 1 1 11 10 12 1 11 10 12 1 7 1 1 1 1 1 1 1 1 1 1 1 1 1 1 1 1 1 1 1 1 1 1 1 1 1 1 1 1 1 1 1 1 1 1 1 1 1 1 1 1 1 1 1 100 1 1 1 1 1 1 1 1 1 1 1 1 1 1 7 1 1 1 1 1 1 1 1 1 1 1
ciInstanceKlass java/io/ByteArrayInputStream 1 1 117 10 7 12 1 1 1 9 7 12 1 1 1 9 12 1 1 9 12 1 9 12 1 10 7 12 1 1 1 10 7 12 1 1 1 10 7 12 1 1 1 10 100 12 1 1 1 10 12 1 1 3 10 100 1 10 100 12 1 1 1 9 12 1 1 100 1 10 10 7 12 1 1 1 1 1 1 1 1 1 1 1 1 1 1 1 1 1 1 1 1 1 1 1 1 1 1 1 1 1 1 1 100 1 1 1 1 1 1 1 1 1 1 1 1 1 1
staticfield java/io/ByteArrayInputStream $assertionsDisabled Z 1
instanceKlass java/nio/CharBuffer
instanceKlass java/nio/IntBuffer
instanceKlass java/nio/ByteBuffer
ciInstanceKlass java/nio/Buffer 1 1 256 100 1 10 7 12 1 1 1 9 7 12 1 1 1 9 12 1 9 12 1 1 9 12 1 9 12 1 1 10 12 1 1 10 12 1 1 10 12 100 1 7 1 10 8 1 10 12 1 1 10 12 1 8 1 8 1 10 12 1 1 10 12 1 8 1 9 12 1 1 100 1 8 1 10 12 1 8 1 8 1 9 12 10 12 1 8 1 8 1 8 1 10 12 1 8 1 8 1 8 1 100 1 10 100 1 10 100 1 10 9 12 1 1 10 7 12 1 1 1 100 1 10 12 1 1 10 12 1 10 100 12 1 1 10 7 12 1 1 1 10 7 12 1 1 1 9 12 1 1 10 7 12 1 1 1 9 12 1 1 7 1 10 10 12 1 1 7 1 10 10 7 12 1 1 1 1 1 3 1 1 1 1 1 1 1 1 1 1 1 1 1 1 100 1 1 1 1 1 1 1 7 1 1 1 1 1 1 1 1 1 1 1 1 1 1 1 1 1 1 1 1 1 1 1 1 1 1 1 1 1 1 1 1 1 1 1 1 1 1 1 100 1 100 1 100 1 100 1 100 1 100 1 100 1 1
staticfield java/nio/Buffer UNSAFE Ljdk/internal/misc/Unsafe; jdk/internal/misc/Unsafe
staticfield java/nio/Buffer SCOPED_MEMORY_ACCESS Ljdk/internal/misc/ScopedMemoryAccess; jdk/internal/misc/ScopedMemoryAccess
staticfield java/nio/Buffer IOOBE_FORMATTER Ljava/util/function/BiFunction; jdk/internal/util/Preconditions$4
staticfield java/nio/Buffer $assertionsDisabled Z 1
ciInstanceKlass java/util/Objects 1 1 184 10 7 12 1 1 1 100 1 8 1 10 12 1 10 12 1 1 10 7 12 1 1 1 10 12 1 1 10 12 1 10 7 12 1 1 1 10 12 1 1 10 7 12 1 1 1 7 1 10 10 12 1 1 10 7 12 1 1 10 12 1 1 8 1 10 7 12 1 1 1 10 7 12 1 1 1 10 11 100 12 1 1 1 100 1 10 10 12 1 8 1 10 12 1 8 1 100 1 11 12 1 1 8 1 10 7 12 1 1 1 10 12 1 1 10 12 1 10 12 1 10 12 1 10 12 1 1 1 1 1 1 1 1 1 1 1 1 1 1 1 1 1 1 1 1 1 1 1 1 1 1 1 1 1 1 1 1 1 1 1 1 1 1 1 1 1 1 1 1 1 1 1 1 1 1 1 1 1 1 1 1 1 1
ciMethod java/util/Objects requireNonNull (Ljava/lang/Object;)Ljava/lang/Object; 686 0 92452 0 -1
instanceKlass java/util/Collections$CopiesList
instanceKlass com/sun/tools/javac/model/FilteredMemberList
instanceKlass java/util/Collections$SingletonList
instanceKlass java/util/AbstractSequentialList
instanceKlass java/util/ArrayList$SubList
instanceKlass java/util/Arrays$ArrayList
instanceKlass java/util/Collections$EmptyList
instanceKlass java/util/ArrayList
ciInstanceKlass java/util/AbstractList 1 1 218 10 7 12 1 1 1 9 7 12 1 1 1 10 12 1 1 10 12 1 1 100 1 10 10 12 1 1 11 100 12 1 1 1 11 12 1 1 11 12 1 10 7 12 1 1 1 10 12 1 11 12 1 11 12 1 11 12 1 10 12 1 1 10 12 1 1 11 7 12 1 1 1 11 7 1 11 100 1 10 12 1 100 1 10 12 1 10 12 1 1 7 1 100 1 10 12 1 100 1 10 100 1 7 1 10 8 1 10 12 1 1 10 12 1 10 12 1 1 10 12 1 8 1 100 1 8 1 8 1 8 1 10 7 1 11 10 10 12 1 11 12 1 10 12 1 1 8 1 8 1 1 1 1 1 1 1 1 1 1 1 1 1 1 1 1 1 1 1 1 1 1 1 1 1 1 1 1 1 1 1 1 1 1 1 1 1 1 1 1 1 1 1 1 1 1 1 1 1 1 1 1 1 1 1 1 1 1 100 1 100 1 1 1 1 1 1 1
ciInstanceKlass java/util/List 1 1 251 10 100 12 1 1 1 11 100 12 1 1 1 11 100 12 1 1 1 11 12 1 1 11 100 12 1 1 11 12 1 1 11 12 1 1 10 100 12 1 1 1 7 1 100 1 10 12 1 1 100 1 10 7 12 1 1 1 11 12 1 1 11 12 1 11 12 1 100 1 10 12 1 11 12 1 1 11 12 1 1 11 12 1 10 100 12 1 1 1 9 7 12 1 1 1 7 1 10 12 10 12 1 7 1 10 12 1 1 10 12 1 10 12 1 1 11 12 1 1 100 1 1 1 1 1 1 1 1 1 1 1 1 1 1 1 1 1 1 1 1 1 1 1 1 1 1 1 1 1 1 1 1 1 1 1 1 1 1 1 1 1 1 1 1 100 1 100 1 1 1 1 1 1 1 1 1 1 1 1 1 1 1 1 1 1 1 1 1 1 1 1 1 1 1 1 1 1 1 1 1 1 1 1 1 1 1 1 1 1 1 1 1 1 1 1 1 1 1 1 1 1 1 1 1 1 1 1 1 1 1 1 1 1 1 1 1 1 1 1 1 1 1 1 100 1 1 100 1 1 1
ciInstanceKlass java/util/SequencedCollection 1 1 109 100 1 10 12 1 1 11 7 12 1 1 1 11 7 12 1 1 1 11 12 1 1 11 12 1 7 1 7 1 1 1 1 1 1 1 1 1 1 1 1 1 1 1 1 1 1 1 1 1 1 1 1 1 1 1 1 1 100 1 8 1 1 12 10 1 1 1 8 1 1 1 8 1 1 1 8 1 1 1 8 1 1 8 1 1 1 8 1 1 8 1 1 1 8 1 1 8 1 1 1 8 1 1 8 1 1 8 1
ciInstanceKlass java/util/Collection 1 1 115 11 100 12 1 1 1 100 1 11 7 12 1 1 1 10 100 12 1 1 1 11 12 1 1 11 100 12 1 1 1 11 12 1 1 11 100 12 1 1 1 11 12 1 1 10 7 12 1 1 1 11 12 1 10 7 12 1 1 1 100 1 100 1 1 1 1 1 1 1 1 1 1 1 1 1 1 1 1 1 1 1 1 1 1 1 1 1 1 1 1 1 1 1 1 1 1 1 1 1 1 1 1 1 1 1 1 1 1 1 1 1 1 1 1
ciInstanceKlass java/lang/Iterable 1 1 62 10 7 12 1 1 1 11 7 12 1 1 1 11 7 12 1 1 1 11 12 1 1 11 7 12 1 1 1 10 100 12 1 1 1 100 1 1 1 1 1 1 1 1 1 1 1 1 1 1 1 1 1 1 1 1 1 1 1 1 1 1
ciMethod java/util/List spliterator ()Ljava/util/Spliterator; 456 0 1745 0 0
ciMethod java/util/Collection stream ()Ljava/util/stream/Stream; 838 0 1960 0 0
instanceKlass java/util/LinkedHashMap$LinkedValues
instanceKlass java/util/AbstractQueue
instanceKlass com/sun/tools/javac/util/List
instanceKlass java/util/HashMap$Values
instanceKlass java/util/ArrayDeque
instanceKlass java/util/AbstractSet
instanceKlass java/util/ImmutableCollections$AbstractImmutableCollection
instanceKlass java/util/AbstractList
ciInstanceKlass java/util/AbstractCollection 1 1 160 10 7 12 1 1 1 10 7 12 1 1 1 10 12 1 1 11 7 12 1 1 1 11 12 1 1 10 12 1 1 10 100 12 1 1 1 10 12 1 1 10 12 1 1 10 7 12 1 1 10 100 12 1 1 1 100 1 10 7 12 1 1 1 10 100 12 1 1 1 100 1 10 11 12 1 11 7 1 10 12 1 10 12 1 10 100 12 1 1 1 11 8 1 7 1 10 10 12 1 1 8 1 10 12 1 10 12 1 1 1 1 1 1 1 1 1 1 1 1 1 1 1 1 1 1 1 1 1 1 1 1 1 1 1 1 1 1 1 1 1 1 1 1 1 1 1 1 1 1 1 1 1 1 1 1 1 1 1 1
ciMethod java/util/Collection spliterator ()Ljava/util/Spliterator; 72 0 36 0 -1
ciMethod java/util/AbstractCollection <init> ()V 888 0 61009 0 0
ciMethod java/util/AbstractList <init> ()V 3296 0 10410 0 0
ciInstanceKlass java/lang/AssertionStatusDirectives 0 0 24 10 100 12 1 1 1 100 1 1 1 1 1 1 1 1 1 1 1 1 1 1 1 1
instanceKlass java/nio/file/FileSystemAlreadyExistsException
instanceKlass com/sun/tools/javac/jvm/Gen$CodeSizeOverflow
instanceKlass com/sun/tools/javac/code/Types$SignatureGenerator$InvalidSignatureException
instanceKlass com/sun/tools/javac/comp/Infer$GraphStrategy$NodeNotFoundException
instanceKlass com/sun/tools/javac/code/Types$AdaptFailure
instanceKlass com/sun/tools/javac/comp/Attr$BreakAttr
instanceKlass com/sun/tools/javac/code/Types$FunctionDescriptorLookupError
instanceKlass com/sun/tools/javac/comp/Resolve$InapplicableMethodException
instanceKlass com/sun/tools/javac/jvm/ClassWriter$StringOverflow
instanceKlass com/sun/tools/javac/jvm/ClassWriter$PoolOverflow
instanceKlass com/sun/tools/javac/code/Symbol$CompletionFailure
instanceKlass java/nio/file/FileSystemNotFoundException
instanceKlass java/util/NoSuchElementException
instanceKlass java/lang/IndexOutOfBoundsException
instanceKlass java/util/MissingResourceException
instanceKlass java/lang/SecurityException
instanceKlass java/nio/file/ProviderNotFoundException
instanceKlass java/io/UncheckedIOException
instanceKlass java/lang/UnsupportedOperationException
instanceKlass java/lang/IllegalStateException
instanceKlass com/sun/tools/javac/util/PropagatedException
instanceKlass com/sun/tools/javac/util/ClientCodeException
instanceKlass java/lang/IllegalArgumentException
instanceKlass java/lang/ArithmeticException
instanceKlass java/lang/NullPointerException
instanceKlass java/lang/IllegalMonitorStateException
instanceKlass java/lang/ArrayStoreException
instanceKlass java/lang/ClassCastException
ciInstanceKlass java/lang/RuntimeException 1 1 40 10 7 12 1 1 1 10 12 1 10 12 1 10 12 1 10 12 1 100 1 1 1 1 5 0 1 1 1 1 1 1 1 1 1 1 1 1 1 1
instanceKlass com/sun/tools/javac/jvm/PoolConstant$Dynamic$PoolKey
instanceKlass com/sun/tools/javac/code/TypeMetadata$Annotations
instanceKlass com/sun/tools/javac/code/TypeMetadata$ConstantValue
instanceKlass com/sun/tools/javac/code/Symbol$ClassSymbol$PermittedClassWithPos
instanceKlass java/nio/DirectByteBuffer$Deallocator
instanceKlass java/security/SecureClassLoader$CodeSourceKey
instanceKlass jdk/internal/module/ModuleReferenceImpl$CachedHash
instanceKlass java/util/stream/Collectors$CollectorImpl
instanceKlass jdk/internal/reflect/ReflectionFactory$Config
instanceKlass jdk/internal/foreign/abi/UpcallLinker$CallRegs
instanceKlass jdk/internal/foreign/abi/VMStorage
ciInstanceKlass java/lang/Record 1 1 22 10 7 12 1 1 1 100 1 1 1 1 1 1 1 1 1 1 1 1 1 1
ciInstanceKlass java/lang/invoke/MethodType 1 1 780 7 1 10 7 12 1 1 1 9 12 1 1 9 12 1 1 9 12 1 1 10 7 12 1 1 1 9 7 12 1 1 8 1 10 100 12 1 1 1 9 7 1 9 7 1 10 12 1 1 7 1 10 8 1 10 12 1 1 10 12 1 10 12 1 1 7 1 8 1 10 12 1 100 1 10 10 12 1 10 12 1 1 10 12 1 1 11 7 12 1 1 1 9 12 1 11 12 1 1 7 10 12 1 1 10 12 1 1 7 1 7 1 10 7 12 1 1 1 10 12 1 10 12 1 9 12 1 1 10 7 12 1 1 10 12 1 1 10 7 12 1 1 1 10 7 12 1 1 1 10 12 1 9 12 1 1 10 12 1 1 10 12 1 1 10 12 1 1 10 12 1 1 10 12 1 1 10 12 1 10 12 1 10 12 1 1 10 12 1 8 1 8 1 10 12 1 1 9 12 1 1 100 1 10 10 12 1 1 10 12 1 10 12 1 1 10 12 1 1 10 12 1 10 12 1 10 12 1 8 1 10 12 1 1 10 7 12 1 1 1 10 12 1 10 12 1 1 10 12 1 10 12 1 10 12 1 1 10 12 1 10 12 1 9 12 1 10 12 1 10 10 12 1 1 10 12 1 9 12 1 1 10 12 1 1 11 12 1 1 10 12 1 1 10 12 1 10 12 1 100 1 8 1 8 1 8 1 10 12 1 10 12 1 10 12 1 1 10 10 12 1 11 12 1 1 11 12 1 10 100 12 1 1 1 9 12 1 10 12 1 10 12 1 1 10 12 1 1 10 12 1 10 12 1 10 100 12 1 1 1 10 12 1 1 10 12 1 10 12 1 10 12 1 10 9 12 1 1 7 1 10 12 1 10 12 1 1 9 100 12 1 1 1 10 7 12 1 1 1 10 7 12 1 1 1 10 12 1 1 10 7 12 1 1 1 10 12 1 1 8 1 10 7 12 1 1 1 11 12 1 1 9 12 1 1 10 12 1 1 10 12 1 10 12 1 1 10 12 1 1 10 100 12 1 1 100 1 10 12 1 1 11 100 12 1 1 18 12 1 1 11 12 1 1 18 12 1 11 12 1 100 1 11 100 12 1 1 10 12 1 100 1 10 12 1 10 100 12 1 1 10 12 1 1 9 12 1 1 9 100 12 1 1 1 10 7 12 1 1 1 9 12 1 10 100 12 1 1 10 12 1 100 10 12 1 1 10 12 1 7 1 10 10 12 1 1 7 1 7 1 9 12 1 1 7 1 7 1 7 1 1 1 5 0 1 1 1 1 1 1 1 3 1 3 1 3 1 1 1 1 1 1 1 1 1 1 1 1 1 1 1 1 1 1 1 1 1 1 1 1 1 1 1 1 1 1 1 1 1 1 1 1 1 1 1 1 1 1 1 1 1 1 1 1 1 1 1 1 1 1 1 1 1 1 1 1 1 1 1 1 1 1 1 1 1 1 1 1 1 1 1 1 1 1 1 1 1 1 1 1 1 1 1 1 1 1 1 1 1 1 1 1 1 1 1 1 1 1 1 1 1 1 1 1 1 1 1 1 1 1 1 1 1 1 1 1 1 1 1 1 1 1 1 1 1 1 100 1 100 1 1 1 1 1 1 1 1 1 1 1 1 1 100 1 1 1 7 1 1 1 1 1 1 1 1 1 1 1 1 1 1 1 1 1 1 1 1 1 1 16 15 10 12 16 16 15 10 12 16 15 10 100 12 1 1 1 1 1 7 1 1 7 1 1 100 1 100 1 1
staticfield java/lang/invoke/MethodType internTable Ljdk/internal/util/ReferencedKeySet; jdk/internal/util/ReferencedKeySet
staticfield java/lang/invoke/MethodType NO_PTYPES [Ljava/lang/Class; 0 [Ljava/lang/Class;
staticfield java/lang/invoke/MethodType objectOnlyTypes [Ljava/lang/invoke/MethodType; 20 [Ljava/lang/invoke/MethodType;
staticfield java/lang/invoke/MethodType METHOD_HANDLE_ARRAY [Ljava/lang/Class; 1 [Ljava/lang/Class;
staticfield java/lang/invoke/MethodType serialPersistentFields [Ljava/io/ObjectStreamField; 0 [Ljava/io/ObjectStreamField;
staticfield java/lang/invoke/MethodType $assertionsDisabled Z 1
ciInstanceKlass java/lang/invoke/TypeDescriptor$OfMethod 1 0 43 100 1 100 1 100 1 1 1 1 1 1 1 1 1 1 1 1 1 1 1 1 1 1 1 1 1 1 1 1 1 1 1 1 1 1 1 1 1 1 100 1 1
instanceKlass java/lang/NoSuchFieldException
instanceKlass java/lang/NoSuchMethodException
instanceKlass java/lang/ClassNotFoundException
ciInstanceKlass java/lang/ReflectiveOperationException 1 1 34 10 7 12 1 1 1 10 12 1 10 12 1 10 12 1 100 1 1 1 1 5 0 1 1 1 1 1 1 1 1 1 1 1
instanceKlass java/lang/invoke/DelegatingMethodHandle
instanceKlass java/lang/invoke/BoundMethodHandle
instanceKlass java/lang/invoke/DirectMethodHandle
ciInstanceKlass java/lang/invoke/MethodHandle 1 1 733 100 1 9 7 12 1 1 1 10 7 12 1 1 1 10 7 12 1 1 1 7 1 7 1 10 12 1 1 9 12 1 1 10 12 1 10 12 1 1 10 12 1 1 10 100 12 1 1 1 10 12 1 1 10 12 1 1 11 7 12 1 1 1 10 12 1 1 10 12 1 10 12 1 10 12 1 1 9 12 1 1 9 12 1 1 10 7 12 1 1 1 10 12 1 1 10 12 1 10 12 1 100 1 7 1 10 8 1 10 12 1 1 10 12 1 8 1 10 12 1 1 10 12 1 10 7 12 1 1 1 10 12 1 1 10 12 1 1 10 12 1 1 10 7 12 1 1 1 10 12 1 1 10 12 1 1 10 12 1 10 12 1 1 10 7 12 1 1 10 7 12 1 1 10 12 1 10 12 1 10 12 1 1 10 12 1 1 10 12 1 1 10 12 1 1 10 7 12 1 1 1 10 7 12 1 1 1 10 12 1 1 10 12 1 1 10 12 1 1 8 1 10 7 12 1 1 1 8 1 10 12 1 10 12 1 1 10 12 1 1 10 12 1 8 1 10 12 1 1 8 1 10 12 1 8 1 10 7 12 1 1 1 9 12 1 1 100 1 10 9 7 12 1 1 1 9 7 1 8 1 10 12 1 1 10 12 1 10 12 1 1 10 12 1 10 12 1 1 10 12 1 10 12 1 1 10 12 1 10 12 1 1 10 12 1 1 8 1 10 12 1 1 8 1 10 12 1 10 12 1 1 10 12 1 10 12 1 10 12 1 1 9 100 12 1 1 1 10 12 1 1 11 12 1 10 12 1 10 12 1 1 10 100 12 1 1 100 1 11 12 1 10 100 1 11 12 1 7 1 10 12 1 11 12 1 9 100 12 1 1 1 11 12 1 1 11 100 12 1 1 1 10 12 1 1 9 12 1 11 12 1 9 12 1 9 12 1 9 12 1 11 12 1 1 9 12 1 9 12 1 9 12 1 9 12 1 9 12 1 9 12 1 9 12 1 8 1 10 12 1 10 12 1 8 1 10 12 1 10 12 1 10 12 1 1 10 10 10 7 12 1 1 10 12 1 1 100 1 100 1 8 1 8 1 10 10 12 1 1 10 12 1 10 12 1 7 1 10 100 12 1 1 1 10 9 7 12 1 1 1 10 12 1 1 10 12 1 1 8 1 8 1 10 7 12 1 1 9 12 1 9 12 1 1 9 12 1 1 10 12 1 7 1 10 12 1 10 12 1 1 9 12 1 1 9 12 1 1 10 7 12 1 1 1 11 7 12 1 1 9 12 1 10 12 1 1 9 12 1 10 12 1 8 10 12 1 1 8 1 1 1 1 1 1 1 1 7 1 1 1 1 1 1 1 1 1 1 1 1 1 1 1 1 1 1 1 1 1 1 1 1 1 1 1 1 1 1 100 1 1 1 1 1 1 1 1 1 1 1 1 1 1 1 1 1 1 1 1 1 1 1 1 1 1 1 1 1 1 1 1 1 1 1 1 1 1 1 1 1 1 1 1 1 1 1 1 1 1 1 1 1 1 1 1 1 1 1 1 1 1 1 1 1 1 1 1 1 1 1 1 1 1 1 1 1 1 1 1 1 1 1 1 1 1 100 1 1 100 1 7 1 100 1 1 100 1 1 100 1 1 1 1
staticfield java/lang/invoke/MethodHandle FORM_OFFSET J 20
staticfield java/lang/invoke/MethodHandle UPDATE_OFFSET J 13
staticfield java/lang/invoke/MethodHandle $assertionsDisabled Z 1
ciInstanceKlass java/util/concurrent/ConcurrentHashMap 1 1 1210 7 1 7 1 3 10 12 1 1 3 7 1 10 7 12 1 1 1 7 1 10 7 12 1 1 1 100 1 11 12 1 1 11 12 1 11 12 1 1 9 12 1 1 9 12 1 1 9 12 1 10 7 12 1 1 1 7 1 10 12 1 1 10 12 1 1 10 7 12 1 1 1 4 10 12 1 9 12 1 10 12 1 1 100 1 10 5 0 10 12 1 10 12 1 1 5 0 10 12 1 1 10 12 1 9 12 1 1 10 12 1 1 9 12 1 9 12 1 1 10 12 1 1 9 12 1 10 12 1 1 9 12 1 1 10 12 1 1 100 1 10 100 1 10 12 1 10 12 1 1 10 12 1 1 10 12 1 1 10 12 1 10 12 1 1 10 12 1 1 100 1 10 12 1 1 7 1 100 1 8 1 10 12 1 10 12 1 1 10 12 1 1 11 7 12 1 1 10 12 1 1 11 12 1 1 11 7 12 1 1 1 11 7 12 1 1 1 11 12 1 7 1 11 12 1 11 12 1 10 12 1 1 10 12 1 1 9 12 1 1 10 100 12 1 1 1 9 10 12 1 1 9 12 1 10 12 1 1 5 0 9 12 1 1 7 1 10 12 1 9 12 1 1 7 1 10 12 1 9 12 1 7 1 10 7 1 10 10 12 1 1 8 1 10 12 1 10 12 1 1 11 100 1 10 12 1 10 100 12 1 1 1 8 1 10 100 12 1 1 1 8 1 10 12 1 8 1 10 12 1 10 12 1 1 10 100 12 1 1 10 12 1 10 12 1 10 12 1 9 12 1 9 10 12 1 9 12 1 1 11 100 12 1 1 1 11 7 12 1 1 1 100 1 10 12 11 100 12 1 1 10 11 7 12 1 10 12 1 100 1 10 12 1 100 1 10 10 9 7 12 1 1 1 10 12 3 10 7 12 1 1 9 12 1 10 12 1 1 9 12 1 1 9 12 1 10 12 1 1 10 100 12 1 1 9 12 1 9 7 12 1 1 10 12 1 1 10 12 1 3 9 12 1 9 12 1 10 12 1 1 7 1 9 3 9 12 1 7 1 10 12 1 9 12 1 10 12 1 9 12 1 10 12 1 9 12 1 10 100 12 1 1 1 100 10 12 1 7 1 5 0 10 100 12 1 1 100 1 10 12 1 1 10 12 1 10 12 1 100 1 10 12 1 10 100 1 100 1 10 10 12 1 10 100 1 10 12 1 10 100 1 10 12 1 10 7 1 10 12 1 1 100 1 10 12 1 10 10 12 1 100 1 10 12 1 10 10 12 1 100 1 10 12 1 10 100 1 10 12 1 10 100 1 10 12 1 10 100 1 10 12 1 10 100 1 10 12 1 10 100 1 10 12 1 10 100 1 10 12 1 10 100 1 10 12 1 10 100 1 10 10 100 1 10 10 100 1 10 10 100 1 10 12 1 10 100 1 10 12 1 10 100 1 10 12 1 10 100 1 10 12 1 10 100 1 10 12 1 10 100 1 10 10 100 1 10 10 100 1 10 10 100 1 10 12 1 10 100 1 10 12 1 10 100 1 10 12 1 10 100 1 10 12 1 10 100 1 10 12 1 10 10 12 1 10 7 12 1 1 1 10 12 1 7 1 7 1 10 12 1 9 12 1 1 9 12 1 1 10 12 1 1 8 10 12 1 1 8 8 8 8 7 10 12 1 1 10 12 1 100 1 8 1 10 7 1 7 1 7 1 1 1 5 0 1 1 3 1 3 1 1 1 1 3 1 3 1 3 1 1 1 1 1 3 1 3 1 3 1 1 1 1 1 1 1 1 1 1 1 1 1 1 1 1 1 1 1 1 1 1 1 1 1 100 1 1 1 1 1 1 1 1 1 1 1 1 1 1 1 1 1 1 1 1 1 1 1 1 1 1 1 1 1 1 1 1 1 1 1 1 1 1 1 1 1 1 1 1 1 1 1 1 1 1 1 1 1 1 1 1 1 1 1 1 1 1 1 1 1 1 1 1 1 1 1 1 1 1 1 1 1 1 1 1 1 1 1 1 100 1 1 1 1 1 1 1 1 1 1 1 7 1 1 1 1 1 1 1 1 1 1 1 1 1 1 1 1 1 1 1 1 1 1 1 1 1 1 1 1 1 1 1 1 1 1 1 1 1 1 1 1 1 1 1 1 1 1 1 1 1 1 1 1 1 1 1 1 1 1 1 1 1 1 1 1 1 1 1 1 1 1 1 1 1 1 1 1 1 1 1 1 1 1 1 1 1 1 1 1 1 1 1 1 1 1 1 1 1 1 1 1 1 1 1 1 1 1 1 1 1 1 1 1 1 1 1 1 1 1 1 1 1 1 1 1 1 1 1 1 1 1 1 1 1 1 1 1 1 1 1 1 1 1 1 1 1 1 1 1 1 1 1 1 1 1 1 1 1 1 1 1 1 1 1 1 1 1 1 1 1 1 1 1 1 1 1 1 1 1 1 1 1 1 1 1 1 1 1 1 1 1 1 1 1 1 1 1 1 1 1 1 1 1 1 1 1 1 1 1 1 1 1 1 1 1 1 1 1 1 1 1 1 1 1 100 1 100 1 100 1 100 1 100 1 100 1 100 1 100 1 100 1 1 1 1 1 1 1 1 1 1 1 1 1 1 1 1 1 1 1 1 1 1 1 1 1 1 1 1 1 1 1 1 1 1 1 1 1 1 1 1 1 1 1 1 1 1 1 1 1 1 1 1 1 1 1 1 1 1
staticfield java/util/concurrent/ConcurrentHashMap NCPU I 12
staticfield java/util/concurrent/ConcurrentHashMap serialPersistentFields [Ljava/io/ObjectStreamField; 3 [Ljava/io/ObjectStreamField;
staticfield java/util/concurrent/ConcurrentHashMap U Ljdk/internal/misc/Unsafe; jdk/internal/misc/Unsafe
staticfield java/util/concurrent/ConcurrentHashMap SIZECTL J 20
staticfield java/util/concurrent/ConcurrentHashMap TRANSFERINDEX J 32
staticfield java/util/concurrent/ConcurrentHashMap BASECOUNT J 24
staticfield java/util/concurrent/ConcurrentHashMap CELLSBUSY J 36
staticfield java/util/concurrent/ConcurrentHashMap CELLVALUE J 144
staticfield java/util/concurrent/ConcurrentHashMap ABASE I 16
staticfield java/util/concurrent/ConcurrentHashMap ASHIFT I 2
instanceKlass java/util/Collections$SingletonMap
instanceKlass java/util/IdentityHashMap
instanceKlass java/util/TreeMap
instanceKlass java/util/EnumMap
instanceKlass java/util/WeakHashMap
instanceKlass java/util/Collections$EmptyMap
instanceKlass sun/util/PreHashedMap
instanceKlass java/util/HashMap
instanceKlass java/util/ImmutableCollections$AbstractImmutableMap
instanceKlass java/util/concurrent/ConcurrentHashMap
ciInstanceKlass java/util/AbstractMap 1 1 196 10 7 12 1 1 1 10 7 12 1 1 1 11 7 12 1 1 1 10 11 12 1 1 11 7 12 1 1 1 11 12 1 1 7 1 11 12 1 10 12 1 1 11 12 1 100 1 10 11 12 1 11 7 1 10 12 1 1 11 12 1 9 12 1 1 100 1 10 12 1 9 12 1 1 100 1 10 11 11 12 1 1 11 12 1 7 1 100 1 11 12 1 8 1 7 1 10 10 12 1 1 8 1 10 12 1 10 12 1 1 10 12 1 1 1 1 1 1 1 1 1 1 1 1 1 1 1 1 1 1 1 1 1 1 1 1 1 1 1 1 1 1 1 1 1 1 1 1 1 1 1 1 7 1 1 1 1 1 1 1 7 1 1 1 1 1 1 1 1 1 100 1 1 1 1 1 1 1 1 1 100 1 100 1 100 1 100 1 100 1 1 1 1 1 1
ciInstanceKlass java/util/concurrent/ConcurrentMap 1 1 208 11 7 12 1 1 1 10 100 12 1 1 11 12 1 1 11 100 12 1 1 1 11 7 12 1 1 1 11 12 1 1 100 1 11 12 1 11 12 1 100 1 11 100 12 1 1 1 18 12 1 11 12 1 1 11 100 12 1 1 11 12 1 1 11 100 12 1 11 12 1 1 11 12 1 1 7 1 7 1 1 1 1 1 1 1 1 1 1 1 1 1 1 1 1 1 1 1 1 1 1 1 1 1 1 1 1 1 1 1 1 1 1 1 1 1 1 1 1 1 1 1 1 1 1 1 1 1 1 1 1 1 1 1 1 1 1 1 1 16 15 11 12 15 10 100 12 1 1 1 1 1 100 1 100 1 1 1 100 1 8 1 1 12 10 1 1 1 8 1 1 1 8 1 1 8 1 1 1 8 1 1 1 8 1 1 1 8 1 1 1 8 1 1 1 8 1 1 1 8 1 1 1 8 1 1 8 1
ciInstanceKlass jdk/internal/loader/ClassLoaders 1 1 183 10 7 12 1 1 1 10 7 12 1 1 1 10 12 1 1 10 100 12 1 1 1 9 7 12 1 1 1 9 12 1 1 9 12 1 1 7 1 11 100 12 1 1 1 100 1 11 12 1 1 11 12 1 1 10 100 12 1 1 1 10 100 12 1 1 1 100 1 100 1 10 7 12 1 1 1 9 12 1 1 10 12 1 1 7 1 10 12 1 1 10 12 1 7 1 8 1 10 7 12 1 1 1 10 12 1 1 7 1 10 12 1 10 12 1 10 12 1 8 1 10 7 12 1 1 8 1 8 1 10 12 1 7 1 10 12 1 10 12 1 10 12 1 1 1 1 1 1 1 1 1 1 1 1 1 1 1 1 1 1 1 1 7 1 1 1 1 1 1 1 1 1 1 1 1 1 1 1 1 1 1 1
staticfield jdk/internal/loader/ClassLoaders JLA Ljdk/internal/access/JavaLangAccess; java/lang/System$2
staticfield jdk/internal/loader/ClassLoaders BOOT_LOADER Ljdk/internal/loader/ClassLoaders$BootClassLoader; jdk/internal/loader/ClassLoaders$BootClassLoader
staticfield jdk/internal/loader/ClassLoaders PLATFORM_LOADER Ljdk/internal/loader/ClassLoaders$PlatformClassLoader; jdk/internal/loader/ClassLoaders$PlatformClassLoader
staticfield jdk/internal/loader/ClassLoaders APP_LOADER Ljdk/internal/loader/ClassLoaders$AppClassLoader; jdk/internal/loader/ClassLoaders$AppClassLoader
instanceKlass jdk/internal/loader/ClassLoaders$BootClassLoader
instanceKlass jdk/internal/loader/ClassLoaders$PlatformClassLoader
instanceKlass jdk/internal/loader/ClassLoaders$AppClassLoader
ciInstanceKlass jdk/internal/loader/BuiltinClassLoader 1 1 737 9 7 12 1 1 1 10 7 12 1 1 1 10 7 12 1 1 1 9 12 1 1 9 12 1 1 7 1 10 12 1 9 12 1 10 12 1 9 12 1 10 7 12 1 1 1 10 7 12 1 1 1 10 7 12 1 1 1 11 7 12 1 1 1 7 1 7 1 10 10 12 1 1 8 1 10 12 1 10 12 7 1 10 12 1 10 12 1 1 11 7 12 1 1 1 11 7 12 1 1 1 11 12 1 1 7 1 8 1 8 1 10 9 12 1 1 10 7 12 1 1 11 12 1 1 10 12 1 1 10 12 1 1 10 12 1 1 10 7 12 1 1 1 10 12 1 10 7 12 1 1 1 10 12 1 1 11 7 12 1 1 1 10 7 12 1 1 7 1 10 7 12 1 1 1 10 12 1 100 1 8 1 10 12 1 1 10 8 1 10 12 1 1 10 12 1 1 10 12 1 1 11 7 12 1 1 11 12 1 7 1 10 11 12 1 1 11 10 12 1 1 7 1 10 12 1 10 7 12 1 10 12 1 7 1 10 12 1 10 7 12 1 1 1 100 1 10 12 1 1 11 12 1 100 1 100 1 10 12 1 10 12 1 1 100 1 100 1 10 12 1 10 12 1 18 12 1 1 10 12 1 10 12 1 1 18 100 1 10 7 12 1 1 1 7 1 10 10 12 1 1 10 12 1 1 10 12 1 1 10 12 1 9 12 1 1 100 1 10 10 12 1 1 10 12 1 1 10 12 1 10 12 10 12 1 1 10 12 1 1 10 12 1 1 10 12 1 10 12 1 1 18 12 1 7 1 10 12 1 1 10 12 1 10 12 1 1 10 12 1 100 1 10 12 1 7 1 10 12 1 10 100 12 1 1 1 10 12 1 11 12 1 7 1 10 12 1 7 1 100 1 10 12 1 10 12 1 11 12 1 1 10 12 1 1 10 12 1 1 10 12 1 1 10 12 1 1 10 12 1 10 12 1 10 12 1 10 12 1 8 1 10 12 1 1 10 100 12 1 1 10 12 1 100 1 8 1 8 1 10 10 12 1 8 1 8 1 10 100 12 1 1 1 11 100 12 1 1 1 9 100 12 1 1 1 10 100 12 1 1 1 9 12 1 9 12 1 9 12 1 9 12 1 9 12 1 9 12 1 10 7 12 1 1 1 8 1 10 12 1 7 1 10 12 1 1 10 12 1 7 1 10 11 12 1 1 10 12 10 12 1 10 12 1 100 1 10 12 1 10 12 1 10 10 12 1 10 7 12 1 1 8 1 10 7 12 1 1 10 12 1 1 1 1 1 1 1 1 1 1 1 1 1 1 1 1 1 1 1 1 1 1 1 1 1 1 1 1 1 1 1 1 1 1 1 1 1 1 1 1 1 1 1 1 1 1 1 1 1 1 1 1 1 1 1 1 7 1 1 1 1 1 1 1 1 1 1 1 1 1 1 1 1 1 1 7 1 7 1 1 1 1 1 1 1 1 1 1 1 1 1 1 1 1 1 1 1 1 1 1 1 1 1 1 1 1 1 1 1 1 1 1 1 1 1 1 1 1 1 1 1 1 1 1 1 1 1 1 1 100 1 1 16 15 10 12 16 15 10 12 16 15 10 12 16 1 15 10 100 12 1 1 1 1 1 100 1 1 1 1 1 100 1 100 1 1
staticfield jdk/internal/loader/BuiltinClassLoader packageToModule Ljava/util/Map; java/util/concurrent/ConcurrentHashMap
staticfield jdk/internal/loader/BuiltinClassLoader $assertionsDisabled Z 1
ciInstanceKlass jdk/internal/loader/ClassLoaders$AppClassLoader 1 1 119 8 1 10 7 12 1 1 1 10 7 12 1 1 1 10 7 12 1 1 1 10 12 1 1 10 7 12 1 1 1 10 12 1 1 10 12 1 1 7 1 8 1 10 12 10 7 12 1 1 1 10 7 12 1 1 10 12 1 1 10 12 1 1 10 7 12 1 1 1 7 1 10 12 1 1 1 1 1 1 1 1 1 1 1 1 1 1 1 1 1 1 1 1 1 7 1 1 1 1 1 1 1 1 1 1 1 1 1 1 1 1 1 1 1 7 1 1 1
ciInstanceKlass jdk/internal/loader/ClassLoaders$PlatformClassLoader 1 1 42 8 1 10 7 12 1 1 1 10 7 12 1 1 1 7 1 10 12 1 7 1 1 1 1 1 1 1 1 1 1 1 1 1 1 7 1 1 1 100 1 1
ciInstanceKlass java/lang/ArithmeticException 1 1 26 10 100 12 1 1 1 10 12 1 100 1 1 1 1 5 0 1 1 1 1 1 1 1 1 1
ciInstanceKlass java/lang/ArrayStoreException 1 1 26 10 100 12 1 1 1 10 12 1 100 1 1 1 1 5 0 1 1 1 1 1 1 1 1 1
ciInstanceKlass java/lang/ClassCastException 1 1 26 10 100 12 1 1 1 10 12 1 100 1 1 1 1 5 0 1 1 1 1 1 1 1 1 1
ciInstanceKlass java/lang/ClassNotFoundException 1 1 96 7 1 10 7 12 1 1 1 10 12 1 10 12 1 1 10 100 12 1 1 1 8 1 10 100 12 1 1 1 10 7 12 1 1 10 100 12 1 1 1 10 100 12 1 1 1 10 12 1 1 7 1 10 12 1 9 12 1 1 1 1 1 5 0 1 1 1 1 1 1 1 1 1 1 1 1 1 1 1 1 1 1 100 1 1 1 1 1 1 1 1 1 1 1 1
staticfield java/lang/ClassNotFoundException serialPersistentFields [Ljava/io/ObjectStreamField; 1 [Ljava/io/ObjectStreamField;
ciInstanceKlass java/lang/IllegalMonitorStateException 1 1 26 10 100 12 1 1 1 10 12 1 100 1 1 1 1 5 0 1 1 1 1 1 1 1 1 1
ciInstanceKlass java/lang/BootstrapMethodError 0 0 45 10 100 12 1 1 1 10 12 1 10 12 1 10 100 12 1 1 1 10 100 12 1 1 1 1 1 1 5 0 1 1 1 1 1 1 1 1 1 1 1 100 1 1 1
instanceKlass java/lang/ClassFormatError
instanceKlass java/lang/IncompatibleClassChangeError
instanceKlass java/lang/BootstrapMethodError
instanceKlass java/lang/NoClassDefFoundError
ciInstanceKlass java/lang/LinkageError 1 1 31 10 7 12 1 1 1 10 12 1 10 12 1 100 1 1 1 1 5 0 1 1 1 1 1 1 1 1 1 1 1
ciInstanceKlass java/lang/NullPointerException 1 1 52 10 100 12 1 1 1 10 12 1 9 100 12 1 1 1 10 12 1 1 9 12 1 1 10 12 1 1 10 12 1 1 1 1 5 0 1 1 1 1 1 1 1 1 100 1 100 1 100 1 1 1
ciMethod java/lang/NullPointerException <init> ()V 0 0 1 0 -1
ciInstanceKlass java/lang/NoClassDefFoundError 0 0 26 10 100 12 1 1 1 10 12 1 100 1 1 1 1 5 0 1 1 1 1 1 1 1 1 1
ciInstanceKlass java/lang/StackOverflowError 1 1 26 10 100 12 1 1 1 10 12 1 100 1 1 1 1 5 0 1 1 1 1 1 1 1 1 1
ciInstanceKlass java/lang/StackTraceElement 0 0 235 10 7 12 1 1 1 10 7 12 1 1 9 12 1 1 9 12 1 1 9 12 1 9 12 1 8 1 10 100 12 1 1 1 7 1 9 12 1 8 1 9 12 1 9 12 1 9 12 1 1 10 12 1 1 10 12 1 8 1 10 100 12 1 1 1 7 1 10 12 1 10 12 1 1 10 12 1 10 12 1 1 10 12 1 10 12 1 10 10 12 1 8 1 10 12 1 10 12 1 1 10 12 1 1 10 12 1 10 12 1 10 12 1 9 12 1 1 10 7 12 1 1 1 10 12 1 1 7 1 10 12 1 1 10 100 12 1 1 10 100 12 1 1 1 10 7 12 1 1 10 100 12 1 1 10 10 12 1 1 10 12 1 1 10 12 1 1 10 12 1 7 1 1 1 1 1 1 1 3 1 3 1 1 5 0 1 1 1 1 1 1 1 1 1 1 1 1 1 1 1 1 1 1 1 1 1 1 1 1 1 1 1 1 1 7 1 7 1 1 1 1 1 1 1 100 1 1 1 1 1 1 1 1 1
instanceKlass java/util/concurrent/locks/AbstractQueuedSynchronizer
ciInstanceKlass java/util/concurrent/locks/AbstractOwnableSynchronizer 1 1 32 10 7 12 1 1 1 9 7 12 1 1 1 100 1 1 1 1 5 0 1 1 1 1 1 1 1 1 1 1 1 1
ciInstanceKlass jdk/internal/vm/Continuation 0 0 549 9 100 12 1 1 1 9 12 1 9 12 1 100 1 7 1 10 12 1 1 8 1 10 12 1 1 10 12 1 10 12 1 1 10 12 1 9 7 12 1 1 1 11 100 12 1 1 1 10 7 1 9 12 1 1 9 12 1 1 10 8 1 10 12 1 9 12 1 1 10 11 12 1 1 100 1 10 100 12 1 1 1 10 12 1 1 10 12 1 10 12 1 1 11 12 1 1 9 12 1 1 10 12 1 1 18 12 1 1 10 7 12 1 1 1 100 1 10 12 1 11 100 12 1 1 1 10 12 1 9 12 1 10 12 1 1 100 1 8 1 10 12 1 10 12 1 1 9 12 1 1 11 12 1 1 9 12 1 1 8 1 10 11 12 1 1 11 12 1 1 10 12 1 1 10 12 1 1 9 12 1 10 12 1 10 10 12 1 8 1 10 12 1 8 1 8 1 10 7 12 1 1 1 10 7 12 1 1 1 10 12 1 9 12 1 11 12 1 7 1 10 12 1 10 12 1 1 9 12 1 1 7 1 10 12 1 1 9 12 1 1 10 12 1 10 12 1 11 7 12 1 1 10 7 1 10 12 1 8 1 9 12 1 10 12 1 1 9 12 1 1 10 7 12 1 1 8 1 8 1 8 1 8 1 10 12 1 1 10 12 1 10 12 1 10 12 1 10 12 1 1 10 12 1 1 8 1 10 12 1 1 9 12 1 1 10 12 1 1 9 12 1 8 1 10 7 12 1 1 1 10 12 1 8 1 100 1 8 1 10 9 12 1 1 8 1 10 7 12 1 1 10 100 12 1 1 8 1 8 1 10 12 10 100 12 1 1 1 10 7 1 10 7 12 1 1 1 18 11 100 12 1 1 1 18 12 1 11 12 1 1 7 1 10 7 12 1 1 10 12 1 1 8 10 12 1 1 10 100 12 1 1 1 10 100 12 1 1 10 12 1 8 1 10 12 1 7 1 7 1 10 12 1 1 1 1 1 1 1 1 1 1 1 1 1 1 1 1 1 1 1 1 1 1 1 1 1 1 1 1 1 1 1 1 1 1 1 1 1 1 1 1 1 1 1 1 1 1 1 1 1 1 1 1 1 1 1 1 1 1 1 1 1 1 1 1 1 1 1 1 1 1 1 1 1 1 1 100 1 1 16 1 15 10 12 16 15 11 7 12 1 1 1 16 1 16 1 15 10 12 16 15 10 100 12 1 1 1 1 1 1 1 1 100 1 100 1 1
ciInstanceKlass jdk/internal/misc/UnsafeConstants 1 1 34 10 100 12 1 1 1 9 7 12 1 1 1 9 12 1 9 12 1 1 9 12 1 9 12 1 1 1 1 1 1 1 1 1
staticfield jdk/internal/misc/UnsafeConstants ADDRESS_SIZE0 I 8
staticfield jdk/internal/misc/UnsafeConstants PAGE_SIZE I 4096
staticfield jdk/internal/misc/UnsafeConstants BIG_ENDIAN Z 0
staticfield jdk/internal/misc/UnsafeConstants UNALIGNED_ACCESS Z 1
staticfield jdk/internal/misc/UnsafeConstants DATA_CACHE_LINE_FLUSH_SIZE I 0
ciInstanceKlass java/lang/invoke/MethodHandleStatics 1 1 320 10 7 12 1 1 1 9 7 12 1 1 1 9 12 1 1 10 7 12 1 1 1 9 12 1 9 12 1 9 12 1 9 12 1 9 7 12 1 1 1 7 1 10 8 1 10 12 1 1 10 7 12 1 1 1 8 1 10 7 12 1 1 1 10 12 1 1 8 1 8 1 10 12 1 10 100 12 1 1 1 10 7 12 1 1 8 1 10 12 1 1 8 1 8 1 8 1 8 1 10 12 1 1 7 1 10 12 10 12 1 10 12 1 100 1 10 10 12 1 1 100 1 10 10 12 1 7 1 7 1 8 1 8 1 10 12 1 8 1 10 7 12 1 1 1 9 12 1 1 10 7 12 1 1 1 10 12 1 1 9 12 1 1 10 7 12 1 1 1 8 1 10 7 12 1 1 10 7 12 1 1 1 8 1 8 1 8 1 8 1 8 1 10 12 1 10 7 12 1 1 1 9 12 1 8 1 8 1 8 1 8 1 9 12 1 8 1 9 12 1 8 1 8 1 9 12 1 8 1 8 1 9 12 1 8 1 9 12 1 8 1 9 12 1 8 1 8 1 9 12 1 8 1 8 1 10 12 1 1 8 1 10 12 1 1 1 1 1 1 1 1 1 1 1 1 1 1 1 1 1 1 1 1 1 1 1 7 1 7 1 7 1 1 1 1 1 1 1 1 1 1 1 1 1 1 1 1 1 1 1 1 1 1 1 1 1 1 1 1
staticfield java/lang/invoke/MethodHandleStatics UNSAFE Ljdk/internal/misc/Unsafe; jdk/internal/misc/Unsafe
staticfield java/lang/invoke/MethodHandleStatics CLASSFILE_VERSION I 65
staticfield java/lang/invoke/MethodHandleStatics DEBUG_METHOD_HANDLE_NAMES Z 0
staticfield java/lang/invoke/MethodHandleStatics TRACE_INTERPRETER Z 0
staticfield java/lang/invoke/MethodHandleStatics TRACE_METHOD_LINKAGE Z 0
staticfield java/lang/invoke/MethodHandleStatics TRACE_RESOLVE Z 0
staticfield java/lang/invoke/MethodHandleStatics COMPILE_THRESHOLD I 0
staticfield java/lang/invoke/MethodHandleStatics LOG_LF_COMPILATION_FAILURE Z 0
staticfield java/lang/invoke/MethodHandleStatics DONT_INLINE_THRESHOLD I 30
staticfield java/lang/invoke/MethodHandleStatics PROFILE_LEVEL I 0
staticfield java/lang/invoke/MethodHandleStatics PROFILE_GWT Z 1
staticfield java/lang/invoke/MethodHandleStatics CUSTOMIZE_THRESHOLD I 127
staticfield java/lang/invoke/MethodHandleStatics VAR_HANDLE_GUARDS Z 1
staticfield java/lang/invoke/MethodHandleStatics MAX_ARITY I 255
staticfield java/lang/invoke/MethodHandleStatics VAR_HANDLE_IDENTITY_ADAPT Z 0
staticfield java/lang/invoke/MethodHandleStatics DUMP_CLASS_FILES Ljdk/internal/util/ClassFileDumper; jdk/internal/util/ClassFileDumper
instanceKlass com/sun/tools/javac/comp/CompileStates
instanceKlass java/lang/ProcessEnvironment
instanceKlass java/util/LinkedHashMap
ciInstanceKlass java/util/HashMap 1 1 629 10 7 12 1 1 1 7 1 10 12 1 1 7 1 10 7 12 1 1 1 100 1 11 12 1 1 11 12 1 11 12 1 1 10 7 12 1 1 1 7 1 3 10 7 12 1 1 1 100 1 7 1 10 8 1 10 12 1 1 10 12 1 10 12 1 1 10 12 1 10 7 12 1 1 1 8 1 10 12 1 9 12 1 1 10 12 1 9 12 1 1 4 10 12 1 10 12 1 1 11 7 12 1 1 9 12 1 1 10 7 12 1 1 1 6 0 10 12 1 1 11 12 1 1 11 7 12 1 1 1 11 7 12 1 1 1 11 12 1 1 7 1 11 12 1 11 12 1 10 12 1 10 12 1 1 9 12 10 12 1 1 9 7 12 1 1 1 9 12 9 12 1 10 12 1 1 9 12 1 7 1 10 12 1 1 10 12 1 1 10 12 1 1 10 12 1 1 10 12 1 1 9 12 1 10 12 1 1 3 4 10 12 1 1 10 12 1 1 9 12 1 1 9 10 12 1 1 10 12 1 1 10 12 1 1 10 12 1 9 12 1 1 7 1 10 12 1 10 12 1 10 100 12 1 1 1 100 1 9 12 1 1 7 1 10 9 12 7 1 10 100 1 10 11 7 12 1 1 1 100 1 10 11 100 12 1 1 11 100 12 1 1 1 10 12 1 100 1 7 1 10 12 1 10 12 1 10 12 1 10 100 12 1 1 10 12 1 1 10 12 1 1 10 100 12 1 1 1 8 10 100 12 1 1 1 100 1 10 4 4 10 12 1 1 10 100 12 1 1 1 10 12 1 8 1 6 0 10 100 12 1 1 1 100 1 11 100 12 1 1 1 10 12 1 10 12 1 10 10 12 1 1 6 0 8 1 10 12 1 10 12 7 1 7 1 1 1 1 5 0 1 3 1 1 1 3 1 3 1 3 1 1 1 1 1 1 1 1 1 1 1 1 1 1 1 1 1 1 1 1 1 1 100 1 1 1 1 1 1 1 1 1 1 1 1 1 1 1 1 1 1 1 1 1 1 1 1 1 1 1 1 1 1 1 1 1 100 1 1 1 1 1 1 1 1 1 1 1 1 1 1 1 1 1 1 1 1 1 1 1 1 1 1 1 1 1 1 1 1 1 1 1 1 1 1 1 1 1 1 1 1 1 1 1 1 1 1 1 7 1 1 1 1 1 1 1 1 1 1 1 1 1 1 1 1 1 1 1 1 1 1 1 1 1 1 1 1 1 1 1 1 1 1 1 1 1 1 1 1 1 1 1 1 1 1 1 1 100 1 1 1 1 1 1 1 1 7 1 1 1 1 1 1 1 1 1 1 1 1 1 1 1 1 1 1 100 1 100 1 100 1 100 1 100 1 100 1 100 1 100 1 1 1 1 1 1 1 1 1 1 1 1 1 1 1 1 1 1
ciMethod java/util/HashMap get (Ljava/lang/Object;)Ljava/lang/Object; 1024 0 23337 0 920
ciMethod java/util/HashMap getOrDefault (Ljava/lang/Object;Ljava/lang/Object;)Ljava/lang/Object; 4160 0 7514 0 752
ciInstanceKlass java/lang/invoke/LambdaForm 1 1 1059 7 1 100 1 10 7 12 1 1 1 9 12 1 1 9 12 1 9 12 1 9 12 1 1 9 12 1 1 9 12 1 1 9 12 1 1 9 12 1 1 9 12 1 10 7 12 1 1 9 12 1 10 12 1 1 100 1 10 10 12 1 1 10 12 1 10 12 1 10 12 1 1 10 12 1 9 12 1 9 12 1 10 12 1 1 10 7 12 1 1 1 10 12 1 1 9 100 12 1 1 1 10 12 1 1 9 7 12 1 1 10 12 1 10 12 1 1 10 12 1 1 10 12 1 1 7 1 10 7 12 1 1 1 10 12 1 1 10 12 1 10 12 1 1 9 12 1 1 9 12 1 9 12 1 1 10 12 1 9 12 1 10 100 12 1 1 1 10 12 1 1 7 1 10 12 1 9 12 1 1 10 7 12 1 1 1 10 12 1 10 12 1 7 1 10 12 1 10 12 1 10 12 1 1 10 12 1 1 10 12 1 10 12 1 10 12 1 10 12 1 1 8 1 10 12 1 10 12 1 10 10 12 1 8 1 8 1 9 12 1 9 12 1 1 10 12 1 1 10 12 1 9 12 1 10 12 1 1 10 7 12 1 1 1 10 12 1 1 10 12 1 10 12 1 10 100 12 1 1 1 9 12 1 10 12 1 8 1 8 1 8 1 8 1 8 1 8 1 8 1 8 1 10 12 1 9 12 1 7 1 10 12 1 1 9 12 1 10 12 1 10 12 1 1 10 12 10 12 1 10 12 1 1 10 12 1 1 10 10 12 1 1 10 12 1 1 7 1 8 1 10 12 1 1 10 12 1 10 12 1 1 10 8 1 10 12 1 1 8 1 8 1 8 1 10 12 1 10 12 1 10 12 1 1 100 1 10 12 1 1 10 12 1 1 10 7 12 1 1 1 10 12 1 1 9 12 1 1 8 1 10 100 12 1 1 1 10 7 12 1 1 10 12 10 12 1 1 10 12 1 1 9 12 1 8 10 12 1 1 100 1 10 12 1 1 10 12 1 9 7 12 1 1 9 7 12 1 1 1 8 1 10 100 12 1 1 10 12 1 1 7 1 7 1 10 10 12 1 1 10 12 1 1 8 1 8 1 7 1 8 1 10 12 10 12 1 10 12 1 10 12 1 1 8 1 8 1 10 12 1 10 12 1 1 8 1 8 1 8 1 7 1 8 1 7 1 8 1 7 1 8 1 10 12 1 8 1 9 10 7 12 1 1 1 10 12 1 9 12 1 1 10 12 1 10 10 12 1 10 12 1 10 12 1 10 12 1 1 10 12 1 10 12 1 1 10 12 1 1 10 12 1 1 10 12 1 1 8 1 100 10 12 1 10 12 1 9 12 1 1 10 7 12 1 1 8 1 8 1 7 1 8 1 8 1 8 1 8 1 8 1 8 1 8 1 8 1 10 12 1 1 10 12 1 1 10 12 1 10 12 1 10 12 1 10 12 1 8 1 8 1 8 1 10 12 1 8 1 10 12 1 8 1 8 1 8 1 8 1 8 1 10 12 1 10 12 1 10 12 1 1 10 7 12 1 1 1 10 12 1 10 12 1 10 12 1 10 12 1 10 12 1 10 12 1 10 12 1 9 12 1 1 8 1 10 12 1 1 9 12 1 1 10 12 1 1 9 12 1 9 12 1 1 9 12 1 9 12 1 1 7 1 10 7 12 1 1 1 9 12 1 10 12 1 10 12 1 8 1 10 12 1 9 12 1 1 7 1 10 7 12 1 1 1 8 1 100 1 10 12 1 9 12 1 9 12 1 10 12 1 10 12 1 10 7 12 1 1 1 10 12 1 9 7 12 1 1 10 12 1 1 10 12 1 10 12 1 10 12 1 9 12 10 12 1 10 10 12 1 9 12 1 9 9 12 1 7 9 12 1 1 10 12 1 1 9 12 1 10 12 1 10 7 1 9 1 1 1 1 3 1 3 1 1 3 1 3 1 1 1 1 1 1 1 1 1 1 1 1 1 1 1 1 1 1 1 1 1 1 1 1 1 1 1 1 1 1 1 1 1 1 1 1 1 1 1 1 1 1 1 1 1 1 1 1 1 1 1 100 1 1 1 1 1 1 1 1 1 1 1 1 1 1 1 1 1 1 1 1 1 1 1 1 1 1 1 1 1 1 1 1 1 1 1 1 1 1 1 1 1 1 1 1 1 1 1 1 1 1 1 1 1 1 1 1 1 1 1 1 1 1 100 1 1 1 1 1 1 1 1 1 1 1 1 1 1 1 1 1 1 1 1 1 1 1 1 1 1 1 1 1 1 1 1 1 1 7 1 1 1 1 1 1 1 1 1 1 1 1 1 1 1 1 1 1 1 1 1 1 100 1 1 1 100 1 1 7 1 1 1 1 1 1 1 1 1 1 1
staticfield java/lang/invoke/LambdaForm DEFAULT_CUSTOMIZED Ljava/lang/invoke/MethodHandle; 
staticfield java/lang/invoke/LambdaForm DEFAULT_KIND Ljava/lang/invoke/LambdaForm$Kind; java/lang/invoke/LambdaForm$Kind
staticfield java/lang/invoke/LambdaForm COMPILE_THRESHOLD I 0
staticfield java/lang/invoke/LambdaForm INTERNED_ARGUMENTS [[Ljava/lang/invoke/LambdaForm$Name; 5 [[Ljava/lang/invoke/LambdaForm$Name;
staticfield java/lang/invoke/LambdaForm IMPL_NAMES Ljava/lang/invoke/MemberName$Factory; java/lang/invoke/MemberName$Factory
staticfield java/lang/invoke/LambdaForm LF_identity [Ljava/lang/invoke/LambdaForm; 6 [Ljava/lang/invoke/LambdaForm;
staticfield java/lang/invoke/LambdaForm LF_zero [Ljava/lang/invoke/LambdaForm; 6 [Ljava/lang/invoke/LambdaForm;
staticfield java/lang/invoke/LambdaForm NF_identity [Ljava/lang/invoke/LambdaForm$NamedFunction; 6 [Ljava/lang/invoke/LambdaForm$NamedFunction;
staticfield java/lang/invoke/LambdaForm NF_zero [Ljava/lang/invoke/LambdaForm$NamedFunction; 6 [Ljava/lang/invoke/LambdaForm$NamedFunction;
staticfield java/lang/invoke/LambdaForm createFormsLock Ljava/lang/Object; java/lang/Object
staticfield java/lang/invoke/LambdaForm DEBUG_NAME_COUNTERS Ljava/util/HashMap; 
staticfield java/lang/invoke/LambdaForm DEBUG_NAMES Ljava/util/HashMap; 
staticfield java/lang/invoke/LambdaForm TRACE_INTERPRETER Z 0
staticfield java/lang/invoke/LambdaForm $assertionsDisabled Z 1
ciInstanceKlass java/lang/invoke/MemberName 1 1 724 7 1 7 1 100 1 9 12 1 1 10 7 12 1 1 1 9 12 1 1 10 12 1 1 10 12 1 1 10 12 1 1 10 12 1 10 12 1 1 10 7 12 1 1 1 10 12 1 9 7 12 1 1 10 12 1 7 1 7 1 10 12 1 8 1 10 12 1 1 10 12 1 10 12 1 1 10 12 1 9 12 1 1 8 1 10 100 12 1 1 1 7 1 10 10 12 1 1 100 1 100 1 10 12 1 9 12 1 1 100 1 8 1 10 12 1 10 12 1 10 12 1 10 12 1 10 12 1 1 10 12 1 10 12 1 10 12 1 1 8 1 8 1 10 12 1 8 1 9 12 1 1 3 10 12 1 10 12 1 10 12 1 10 10 7 12 1 1 1 10 12 1 10 12 1 10 12 1 10 12 1 7 1 8 10 12 1 1 10 12 1 1 8 1 9 7 1 8 9 7 1 10 12 1 1 10 12 1 10 12 1 8 1 10 12 1 1 10 12 1 10 12 1 10 12 1 10 12 1 1 7 1 10 12 1 1 10 12 1 8 1 10 12 1 10 12 1 8 1 10 12 1 1 10 12 1 1 7 1 10 12 1 1 10 12 8 1 8 1 7 1 10 12 1 10 100 12 1 1 1 100 1 10 12 10 12 1 10 12 1 10 12 1 10 12 1 10 10 12 1 10 12 1 10 12 1 3 10 12 1 3 10 12 1 3 3 3 3 3 3 10 12 1 3 9 12 1 10 12 1 1 3 10 12 1 10 10 7 12 1 1 1 10 12 1 1 10 7 12 1 1 10 10 12 1 10 12 1 1 10 12 1 10 10 12 1 1 10 12 1 10 12 1 10 12 1 7 1 10 10 10 12 100 1 10 10 10 12 1 1 10 12 1 1 10 10 12 1 8 10 7 1 10 12 1 10 7 1 10 12 1 10 12 1 10 12 1 10 10 12 1 10 12 1 1 10 12 1 1 10 12 1 10 12 1 10 12 1 100 1 10 12 1 1 100 1 8 1 10 7 1 10 12 1 10 12 10 12 1 1 10 12 1 10 12 1 8 1 8 1 8 1 8 1 10 12 1 10 12 1 10 7 12 1 1 1 8 1 8 1 10 12 1 8 1 10 10 10 12 1 10 12 1 8 1 8 1 10 10 12 1 8 1 10 100 12 1 1 1 8 1 100 1 10 12 1 10 12 1 1 10 12 1 8 1 8 1 8 1 8 1 100 1 10 8 1 8 1 8 1 8 1 10 12 1 100 1 100 1 100 1 10 100 1 10 7 1 10 7 12 1 1 1 9 7 12 1 1 1 7 1 7 1 1 1 1 1 1 1 3 1 3 1 3 1 3 1 3 1 3 1 1 1 1 1 1 1 1 3 1 3 1 1 1 1 1 1 1 1 1 1 1 1 1 1 1 1 1 1 1 1 1 1 1 1 1 1 1 1 1 1 1 1 1 1 1 1 1 1 1 1 1 1 1 1 1 1 1 1 1 1 1 1 1 1 1 1 1 1 1 1 1 1 1 1 1 1 1 1 1 1 1 1 1 1 1 1 1 1 1 1 1 1 1 1 1 1 1 1 1 1 1 1 1 1 1 1 7 1 1 1 1 1 1 1 1 1 1 1 1 1 1 1
staticfield java/lang/invoke/MemberName $assertionsDisabled Z 1
instanceKlass java/lang/invoke/VarHandleByteArrayAsDoubles$ByteArrayViewVarHandle
instanceKlass java/lang/invoke/VarHandleByteArrayAsLongs$ByteArrayViewVarHandle
instanceKlass java/lang/invoke/VarHandleByteArrayAsFloats$ByteArrayViewVarHandle
instanceKlass java/lang/invoke/VarHandleByteArrayAsInts$ByteArrayViewVarHandle
instanceKlass java/lang/invoke/VarHandleByteArrayAsChars$ByteArrayViewVarHandle
instanceKlass java/lang/invoke/VarHandleByteArrayAsShorts$ByteArrayViewVarHandle
ciInstanceKlass java/lang/invoke/VarHandle 1 1 474 10 7 12 1 1 1 10 7 12 1 1 9 12 1 1 9 12 1 1 100 1 10 8 1 10 12 1 1 10 7 12 1 1 1 10 12 1 1 10 7 12 1 1 1 9 100 12 1 1 1 10 12 1 1 10 7 12 1 1 1 10 12 1 1 9 12 1 10 12 1 9 12 1 1 10 100 12 1 1 10 12 1 9 100 12 1 1 1 9 12 1 1 10 12 1 1 100 1 7 1 10 8 1 10 12 1 1 10 12 1 8 1 10 12 1 10 12 1 9 12 1 1 9 12 1 10 12 1 10 12 1 1 10 12 1 10 10 100 12 1 1 1 10 12 1 1 10 12 1 1 10 7 12 1 1 1 10 100 12 1 1 1 10 100 12 1 1 1 9 12 1 1 9 10 12 1 10 12 1 1 10 12 1 1 10 12 1 10 7 12 1 1 1 9 12 1 1 10 12 1 1 9 12 1 10 12 1 10 12 1 10 7 12 1 1 100 1 10 9 7 12 1 1 1 9 12 1 1 10 7 12 1 1 1 10 12 1 10 12 1 10 12 1 10 12 1 10 12 1 10 12 1 1 8 10 12 1 1 7 1 10 12 1 1 7 1 1 1 1 1 1 1 1 1 1 1 1 1 1 1 1 1 1 1 1 1 1 1 1 1 1 1 1 1 1 1 1 1 1 1 1 1 1 1 1 1 1 1 1 1 1 1 1 1 1 1 1 1 1 1 1 1 1 1 1 1 1 1 1 1 1 1 1 100 1 1 1 1 1 1 1 1 100 1 1 1 1 1 1 1 1 1 1 1 1 100 1 100 1 1 100 1 100 1 100 1 100 1 100 1 100 1 100 1 100 1 100 1 100 1 100 1 100 1 100 1 100 1 100 1 100 1 100 1 100 1 100 1 100 1 100 1 100 1 100 1 100 1 100 1 100 1 100 1 100 1 100 1 100 1 100 1 100 1 100 1 100 1 100 1 1 1 1 1 1 100 1 1 1 100 1 1 100 1 100 1 100 1 100 1 100 1 100 1 1 1 1 100 1 100 1 100 1 100 1 100 1 100 1 100 1 100 1
staticfield java/lang/invoke/VarHandle VFORM_OFFSET J 16
staticfield java/lang/invoke/VarHandle $assertionsDisabled Z 1
ciInstanceKlass java/util/Collections 1 1 933 10 7 12 1 1 1 11 7 12 1 1 1 7 1 11 12 1 1 7 1 10 12 1 1 10 12 1 11 12 1 1 7 1 11 12 1 1 11 12 1 1 10 12 1 11 100 12 1 1 11 12 1 1 11 12 1 10 12 1 10 12 1 10 12 11 100 12 1 1 1 10 12 1 1 11 12 1 11 12 1 1 9 12 1 1 100 1 10 10 12 1 1 10 12 1 11 100 12 1 1 1 11 12 1 1 10 12 1 11 12 1 100 1 8 1 10 12 1 11 7 12 1 1 1 11 7 1 11 12 1 1 10 12 1 1 10 12 1 10 12 1 1 10 12 1 11 12 1 1 10 12 1 1 10 12 1 1 10 12 1 1 11 12 1 1 7 1 10 12 1 11 7 1 100 1 10 12 1 11 7 1 7 1 10 12 1 11 100 1 100 1 10 12 1 11 100 1 100 1 10 12 1 11 100 1 100 1 10 12 1 11 7 1 11 7 1 10 12 10 11 7 1 7 1 10 12 1 11 100 1 100 1 10 11 100 1 100 1 10 12 1 11 100 1 100 1 10 12 1 100 1 10 10 12 1 7 1 10 10 12 1 100 1 10 100 1 10 100 1 10 100 1 10 10 12 1 10 7 1 10 100 1 10 100 1 10 100 1 10 12 1 10 100 12 1 1 1 100 1 100 1 10 12 1 100 1 10 12 1 100 1 10 12 1 100 1 10 12 1 100 1 10 12 1 100 1 10 100 1 10 12 1 100 1 10 12 1 100 1 10 12 1 9 7 12 1 1 1 9 100 12 1 1 9 7 12 1 1 1 9 12 1 1 9 12 1 1 9 12 1 1 9 12 1 1 9 12 1 1 7 1 10 12 7 1 10 100 1 10 7 1 10 7 1 10 12 1 100 1 7 1 10 8 1 10 12 1 1 10 12 1 10 12 1 1 10 7 1 10 12 1 9 100 12 1 1 1 9 100 12 1 1 1 100 1 9 12 1 1 10 12 100 1 10 7 1 10 11 100 12 1 1 11 12 1 10 12 1 11 11 12 1 11 11 12 1 8 1 7 1 10 11 100 1 10 12 1 100 1 10 100 12 1 1 1 100 1 10 12 1 7 1 10 7 1 10 7 1 10 1 1 1 3 1 3 1 3 1 3 1 3 1 3 1 3 1 3 1 1 1 1 1 1 1 1 1 1 1 1 1 1 1 1 1 1 1 1 1 1 1 1 1 1 1 1 1 1 1 1 1 1 1 1 1 1 1 1 1 1 1 1 1 1 1 1 1 1 1 1 1 1 1 1 1 1 1 1 1 1 1 1 1 1 1 1 1 1 1 1 1 1 1 1 1 1 1 1 1 1 1 1 1 1 1 1 1 1 1 1 1 1 1 1 1 1 1 1 1 1 1 1 1 1 1 1 1 1 1 1 1 1 1 1 1 1 1 1 1 1 1 1 1 1 1 1 1 1 1 1 1 1 1 1 1 1 1 1 1 1 1 1 1 1 1 1 1 1 1 1 1 1 1 1 1 1 1 1 1 1 1 1 1 1 1 1 1 1 1 1 1 1 1 1 1 1 1 1 1 1 1 1 1 1 1 1 1 1 1 1 1 1 1 1 1 1 1 1 1 1 1 1 1 1 1 1 1 1 1 1 1 1 1 1 1 1 1 1 1 1 1 1 1 1 1 1 1 1 1 1 1 1 1 1 1 1 1 1 1 1 1 1 1 1 1 1 1 1 1 1 1 1 1 1 1 1 1 1 1 1 1 1 1 1 1 1 1 1 1 1 1 1 1 1 1 1 1 1 1 1 1 1 1 1 1 1 1 1 1 1 1 1 1 1 1 1 1 1 1 1 1 1 1 1 1 1 1 1 1 1 1 1 1 1 1 1 1 1 1 1 1 1 1 1 1 1 1 1 1 1 100 1 100 1 100 1 100 1 100 1 100 1 100 1 100 1 100 1 100 1 100 1 100 1 100 1 1 1 1 1 1 1 1 1 1 1 1 1 1 1 1 1 1 1 1 1 1 1 1 1 1 1 1 1 1 1 1 1 1 1 1 1 1 1 1 1 1 100 1 1 1 1 1 1 1 1 1 1 1 1 1 1 1
staticfield java/util/Collections EMPTY_SET Ljava/util/Set; java/util/Collections$EmptySet
staticfield java/util/Collections EMPTY_LIST Ljava/util/List; java/util/Collections$EmptyList
staticfield java/util/Collections EMPTY_MAP Ljava/util/Map; java/util/Collections$EmptyMap
instanceKlass jdk/internal/reflect/FieldAccessorImpl
instanceKlass jdk/internal/reflect/ConstructorAccessorImpl
instanceKlass jdk/internal/reflect/MethodAccessorImpl
ciInstanceKlass jdk/internal/reflect/MagicAccessorImpl 1 1 16 10 7 12 1 1 1 100 1 1 1 1 1 1 1 1
instanceKlass jdk/internal/reflect/DirectMethodHandleAccessor
ciInstanceKlass jdk/internal/reflect/MethodAccessorImpl 1 1 38 10 7 12 1 1 1 10 100 12 1 1 1 100 1 1 1 1 1 1 1 100 1 100 1 1 1 1 1 1 1 1 1 1 1 1 1 1
ciInstanceKlass jdk/internal/reflect/MethodAccessor 1 0 17 100 1 100 1 1 1 1 100 1 100 1 1 1 1 1 1
instanceKlass jdk/internal/reflect/DirectConstructorHandleAccessor$NativeAccessor
instanceKlass jdk/internal/reflect/DirectConstructorHandleAccessor
instanceKlass jdk/internal/reflect/NativeConstructorAccessorImpl
ciInstanceKlass jdk/internal/reflect/ConstructorAccessorImpl 1 1 27 10 7 12 1 1 1 100 1 100 1 1 1 1 1 1 1 1 1 100 1 100 1 100 1 1 1
ciInstanceKlass jdk/internal/reflect/ConstructorAccessor 1 0 16 100 1 100 1 1 1 1 100 1 100 1 100 1 1 1
ciInstanceKlass jdk/internal/reflect/DelegatingClassLoader 0 0 18 10 100 12 1 1 1 100 1 1 1 1 1 1 1 1 1 1
ciInstanceKlass jdk/internal/reflect/CallerSensitive 0 0 17 100 1 100 1 100 1 1 1 1 1 1 1 1 1 1 1
ciInstanceKlass jdk/internal/reflect/NativeConstructorAccessorImpl 0 0 125 10 7 12 1 1 1 9 7 12 1 1 1 100 1 10 12 1 9 12 1 1 9 12 1 1 10 100 12 1 1 1 10 7 12 1 1 1 10 7 12 1 1 1 9 12 1 9 12 1 1 9 12 1 1 10 7 12 1 1 1 100 1 10 10 12 1 1 10 12 1 10 12 1 1 10 12 1 7 1 10 12 1 1 10 12 1 1 8 10 12 1 1 1 1 1 1 1 1 1 1 1 1 1 1 1 1 1 1 1 1 1 1 100 1 100 1 100 1 1 1 1 1 1 1
ciInstanceKlass jdk/internal/reflect/ConstantPool 1 1 142 10 7 12 1 1 1 9 7 12 1 1 1 10 12 1 1 10 12 1 1 10 12 1 10 12 1 1 10 12 1 1 10 12 1 10 12 1 1 10 12 1 10 12 1 1 10 12 1 10 12 1 10 12 1 10 12 1 1 10 12 1 1 10 12 1 1 10 12 1 1 10 12 1 10 12 1 1 10 100 12 1 1 1 8 11 7 12 1 1 1 10 7 12 1 1 1 1 1 1 1 1 1 1 1 1 1 1 1 1 1 1 1 1 1 1 1 1 1 1 1 1 1 1 1 1 1 1 1 1 1 1 1 1 1 1 1 1 1 1 1 1
ciInstanceKlass jdk/internal/reflect/UnsafeStaticFieldAccessorImpl 0 0 47 10 7 12 1 1 1 9 7 12 1 1 1 10 7 12 1 1 1 9 12 1 1 8 11 100 12 1 1 1 10 100 12 1 1 1 1 1 1 1 1 1 1 1 1 1 1
ciInstanceKlass jdk/internal/reflect/FieldAccessor 0 0 48 100 1 100 1 1 1 1 100 1 1 1 1 1 1 1 1 1 1 1 1 1 1 1 1 1 1 1 100 1 1 1 1 1 1 1 1 1 1 1 1 1 1 1 1 1 1 1
instanceKlass jdk/internal/reflect/UnsafeFieldAccessorImpl
ciInstanceKlass jdk/internal/reflect/FieldAccessorImpl 0 0 269 10 7 12 1 1 1 9 7 12 1 1 1 10 7 12 1 1 1 10 7 12 1 1 10 7 12 1 1 1 10 12 1 1 7 1 10 10 12 1 1 10 12 1 1 8 1 10 10 12 1 100 1 8 1 10 12 1 8 1 10 12 1 8 1 10 12 1 100 1 10 12 1 1 10 8 1 10 12 1 1 8 1 10 7 12 1 1 8 1 10 7 12 1 1 8 1 10 7 12 1 1 8 1 10 7 12 1 1 8 1 10 7 12 1 1 8 1 10 7 12 1 1 8 1 10 7 12 1 1 8 1 10 7 12 1 1 10 12 1 1 8 1 10 12 1 1 10 100 12 1 1 1 8 1 10 12 1 8 1 8 1 8 1 8 1 10 7 12 1 1 1 8 1 8 1 8 1 10 12 7 1 1 1 1 1 1 1 1 1 1 1 1 1 1 1 1 1 1 1 1 1 1 1 1 1 1 1 1 1 1 1 1 1 1 1 1 1 1 1 1 1 1 1 1 1 1 1 1 1 1 1 1 1 1 1 1 1 1 1 1 1 1 1 1 1 1 1 1 1 1 1 1 1 1 1 1 1 1 1 1 1 1 1 1 1 1 1 1
instanceKlass jdk/internal/reflect/UnsafeStaticFieldAccessorImpl
ciInstanceKlass jdk/internal/reflect/UnsafeFieldAccessorImpl 0 0 62 10 100 12 1 1 1 10 100 12 1 1 1 10 100 12 1 1 1 9 100 12 1 1 10 12 1 9 12 1 1 10 100 12 1 1 1 9 12 1 1 10 12 1 10 12 1 1 1 1 1 1 1 1 1 1 1 1 1 1 1 1
instanceKlass java/lang/invoke/VolatileCallSite
instanceKlass java/lang/invoke/MutableCallSite
instanceKlass java/lang/invoke/ConstantCallSite
ciInstanceKlass java/lang/invoke/CallSite 1 1 296 10 7 12 1 1 1 10 7 12 1 1 1 9 12 1 1 10 7 12 1 1 1 10 12 1 7 1 10 12 1 1 10 12 1 1 9 100 12 1 1 1 10 7 12 1 1 10 12 1 1 100 1 7 1 10 10 7 12 1 1 1 10 12 1 1 8 1 10 12 1 10 12 1 1 10 12 1 10 12 1 1 10 12 1 1 10 10 100 12 1 1 10 12 1 1 9 12 1 9 100 12 1 1 1 8 1 10 7 12 1 1 1 10 12 1 1 7 1 10 12 1 1 9 12 1 8 1 100 1 10 12 1 10 12 1 100 1 8 1 10 10 12 1 10 12 1 1 100 1 10 12 1 1 10 12 1 10 12 1 10 12 1 1 10 12 1 1 9 12 1 1 8 10 12 1 1 9 12 1 1 100 1 10 10 12 1 10 7 12 1 1 1 10 12 1 1 10 12 1 1 10 12 1 10 7 12 1 1 1 7 1 8 1 10 10 12 10 12 1 1 7 1 7 1 7 1 8 1 10 12 1 10 7 12 1 1 1 1 1 1 1 1 1 1 1 1 1 1 1 1 1 1 1 1 1 1 1 1 1 1 1 1 1 1 1 1 1 1 1 1 1 1 1 1 1 1 1 1 1 1 1 1 1 1 1 1 1 1 1 7 1 7 1 1 1
staticfield java/lang/invoke/CallSite $assertionsDisabled Z 1
ciInstanceKlass java/lang/invoke/ConstantCallSite 1 1 65 10 7 12 1 1 1 9 7 12 1 1 1 9 12 1 1 10 7 12 1 1 1 10 12 1 100 1 10 12 9 12 1 1 100 1 10 10 12 1 1 10 12 1 1 1 1 1 1 1 1 1 1 1 1 1 100 1 1 1 1 1 1 1 1
staticfield java/lang/invoke/ConstantCallSite UNSAFE Ljdk/internal/misc/Unsafe; jdk/internal/misc/Unsafe
instanceKlass java/lang/invoke/DirectMethodHandle$Interface
instanceKlass java/lang/invoke/DirectMethodHandle$Constructor
instanceKlass java/lang/invoke/DirectMethodHandle$Accessor
ciInstanceKlass java/lang/invoke/DirectMethodHandle 1 1 923 7 1 7 1 100 1 7 1 7 1 10 7 12 1 1 1 10 7 12 1 1 1 7 1 10 12 1 10 12 1 1 10 7 12 1 1 10 12 1 1 10 12 1 10 12 1 7 1 10 12 1 1 10 12 1 1 10 12 1 10 12 1 1 10 7 12 1 1 1 10 12 1 9 12 1 1 100 1 10 9 12 1 1 9 12 1 10 12 1 10 12 1 10 12 1 1 10 12 1 10 12 1 10 12 1 10 7 12 1 1 1 10 12 1 10 12 1 1 8 1 10 12 1 1 100 1 10 12 1 7 1 10 10 12 1 10 12 1 10 12 1 10 7 12 1 1 1 10 12 1 1 100 1 10 12 1 10 12 1 7 1 10 12 1 10 12 1 1 10 12 1 1 10 12 1 8 10 7 12 1 1 1 10 12 1 10 12 1 10 12 1 1 10 12 1 9 7 12 1 1 1 7 1 10 12 1 10 7 12 1 1 1 10 12 1 10 12 1 1 9 12 1 1 7 1 10 8 1 10 12 1 1 10 12 1 1 8 1 10 12 1 10 12 1 10 10 12 1 10 12 1 10 12 1 10 12 1 10 12 1 1 10 12 1 10 12 1 1 10 12 1 10 12 1 1 10 10 7 12 1 1 1 10 12 1 10 12 1 1 10 12 1 10 12 1 1 8 1 9 7 12 1 1 1 8 1 9 12 1 9 12 1 8 1 9 12 1 9 12 1 8 1 9 12 1 9 12 1 8 1 10 12 1 10 12 1 1 9 12 1 1 7 1 10 12 1 1 7 1 10 7 12 1 1 1 10 12 1 1 10 12 1 10 12 1 1 7 1 10 12 1 1 10 12 1 10 12 1 1 7 1 10 12 1 1 10 12 1 10 7 12 1 1 1 10 12 1 10 12 1 1 10 12 1 9 12 1 1 10 7 1 9 12 9 12 1 10 7 12 1 1 1 10 12 1 7 1 7 1 7 1 9 12 1 1 10 7 12 1 1 1 10 12 10 12 1 7 1 10 12 1 10 12 1 1 8 1 9 12 1 9 12 1 10 12 1 1 9 12 1 1 10 7 12 1 1 1 9 12 1 1 9 12 1 1 10 12 1 10 12 1 10 12 1 10 12 1 1 10 12 1 9 12 1 10 12 1 10 12 1 10 12 1 10 12 1 1 10 12 1 1 9 12 1 1 10 12 1 1 9 7 12 1 1 1 9 12 1 9 12 1 9 12 1 9 12 1 9 12 1 9 12 1 9 12 1 9 12 1 9 12 1 9 12 1 9 12 1 9 12 1 9 12 1 9 12 1 9 12 1 9 12 1 9 12 1 9 12 1 9 12 1 9 12 1 9 12 1 9 12 1 9 12 1 9 12 1 9 12 1 9 12 1 9 12 1 9 12 1 9 12 1 9 12 1 9 12 1 9 12 1 9 12 1 9 12 1 9 12 1 9 12 1 8 1 9 12 1 1 9 12 1 1 10 12 1 10 12 1 1 9 7 1 10 12 1 9 12 1 1 10 12 10 12 1 10 12 1 10 12 1 10 12 1 10 8 1 8 1 8 1 8 1 10 12 1 1 9 12 1 1 10 12 1 10 100 12 1 1 1 8 9 12 1 1 10 12 1 1 8 1 8 8 9 12 1 8 1 8 8 8 8 8 1 8 10 12 1 7 1 10 12 1 8 1 8 1 10 12 1 10 12 1 10 12 1 10 12 1 1 7 1 1 1 1 3 1 3 1 3 1 3 1 3 1 3 1 3 1 3 1 3 1 3 1 1 1 1 1 1 1 1 1 1 3 1 3 1 1 1 1 3 1 1 1 1 1 1 1 1 1 1 1 1 1 1 1 1 1 1 1 1 1 1 1 1 1 1 1 1 1 1 1 1 1 1 1 1 1 1 1 1 1 1 1 1 1 1 1 1 1 1 1 1 1 1 1 1 1 100 1 1 1 1 1 1 1 1 1 100 1 1 1 1 1 1 1 1 1 1 1 1 1 1 1 1 1 1 1 1 1 1 1 1 1 1 1 1 1 1 1 1 1 1 1 1 1 1 1 1 1 1 1 1 1 1 1 1 1 1 1 1
staticfield java/lang/invoke/DirectMethodHandle IMPL_NAMES Ljava/lang/invoke/MemberName$Factory; java/lang/invoke/MemberName$Factory
staticfield java/lang/invoke/DirectMethodHandle FT_UNCHECKED_REF I 8
staticfield java/lang/invoke/DirectMethodHandle ACCESSOR_FORMS [Ljava/lang/invoke/LambdaForm; 132 [Ljava/lang/invoke/LambdaForm;
staticfield java/lang/invoke/DirectMethodHandle ALL_WRAPPERS [Lsun/invoke/util/Wrapper; 10 [Lsun/invoke/util/Wrapper;
staticfield java/lang/invoke/DirectMethodHandle NFS [Ljava/lang/invoke/LambdaForm$NamedFunction; 12 [Ljava/lang/invoke/LambdaForm$NamedFunction;
staticfield java/lang/invoke/DirectMethodHandle OBJ_OBJ_TYPE Ljava/lang/invoke/MethodType; java/lang/invoke/MethodType
staticfield java/lang/invoke/DirectMethodHandle LONG_OBJ_TYPE Ljava/lang/invoke/MethodType; java/lang/invoke/MethodType
staticfield java/lang/invoke/DirectMethodHandle $assertionsDisabled Z 1
ciMethod java/lang/invoke/DirectMethodHandle allocateInstance (Ljava/lang/Object;)Ljava/lang/Object; 1024 0 30205 0 416
ciMethod java/lang/invoke/DirectMethodHandle constructorMethod (Ljava/lang/Object;)Ljava/lang/Object; 4146 0 30634 0 0
ciInstanceKlass java/lang/invoke/MutableCallSite 0 0 63 10 100 12 1 1 1 10 12 1 9 100 12 1 1 1 10 12 1 10 12 1 1 9 12 1 1 10 100 12 1 1 1 10 100 12 1 1 1 10 12 1 1 1 1 1 1 1 1 1 1 1 1 1 1 1 1 1 1 100 1 1 1
ciInstanceKlass java/lang/invoke/VolatileCallSite 0 0 37 10 100 12 1 1 1 10 12 1 10 100 12 1 1 1 10 12 1 10 12 1 1 1 1 1 1 1 1 1 1 1 1 1 1 1 1
ciInstanceKlass java/lang/invoke/ResolvedMethodName 1 1 16 10 100 12 1 1 1 100 1 1 1 1 1 1 1 1
ciInstanceKlass java/lang/invoke/MethodHandleNatives 1 1 685 100 1 10 7 12 1 1 1 9 7 12 1 1 1 10 12 1 1 100 1 10 10 12 1 1 10 12 1 10 12 1 8 1 8 1 8 1 8 1 8 1 8 1 8 1 8 1 8 1 8 1 10 12 1 1 7 1 10 7 12 1 1 1 10 7 12 1 1 1 7 1 10 10 12 1 1 8 1 10 12 1 8 1 10 12 1 1 8 1 10 12 1 1 9 7 12 1 1 1 8 1 10 100 12 1 1 1 7 1 10 12 100 1 100 1 8 1 7 1 10 10 12 1 7 1 9 7 12 1 1 10 12 1 1 10 12 1 10 7 12 1 1 1 10 12 1 1 9 12 1 8 1 10 12 1 1 10 12 1 8 1 10 12 1 1 7 1 10 12 1 10 7 12 1 1 1 10 12 1 10 12 1 1 10 12 1 1 8 1 10 12 1 1 8 1 10 12 1 8 1 8 1 8 1 7 1 10 12 1 8 1 10 7 12 1 1 1 10 12 1 1 10 7 12 1 1 10 10 12 1 1 10 12 1 10 100 12 1 1 1 100 1 8 1 10 100 12 1 1 1 7 1 8 1 10 12 1 8 1 8 1 8 1 8 1 8 1 10 12 1 1 10 12 1 1 10 12 1 10 12 1 1 10 12 1 1 7 1 10 12 1 7 1 7 1 10 12 1 10 12 1 8 1 8 1 10 10 12 1 1 10 12 1 1 8 1 10 7 12 1 1 8 1 8 1 10 12 1 1 10 7 12 1 1 1 100 1 10 12 1 1 7 1 9 12 1 1 10 7 12 1 1 1 10 10 12 1 9 12 1 10 12 1 9 12 1 9 12 1 10 12 1 1 10 12 1 10 12 1 1 7 1 7 1 10 12 1 1 10 12 1 10 12 1 1 10 7 12 1 1 1 10 12 1 8 1 10 12 1 10 12 1 10 12 1 1 10 12 1 10 7 12 1 1 1 10 12 1 1 100 1 8 1 10 9 7 12 1 1 1 10 12 1 1 10 12 1 1 7 1 10 12 1 1 10 12 1 1 100 1 100 1 10 10 100 1 100 1 10 100 1 10 10 12 1 1 10 7 1 10 12 1 10 12 1 1 10 12 1 1 10 12 1 1 10 12 1 10 12 1 1 10 8 1 10 12 1 10 12 1 10 12 1 10 12 1 10 12 1 1 10 12 1 10 12 1 10 12 1 10 10 7 12 1 1 10 12 1 1 1 1 1 1 1 1 1 1 1 1 1 7 1 1 1 1 1 1 1 1 1 1 1 1 1 1 1 1 1 1 1 1 1 1 1 1 1 1 1 1 1 1 1 1 1 1 1 1 1 1 1 1 1 1 1 1 1 1 1 1 1 1 1 1 1 1 1 1 1 1 1 1 1 1 1 100 1 1 1 1 1 1 1 1 1 1 1 1 1 1 1 1 1 1 1 1 1 1 1 1 1 1 1 1 1 1 1 1 1 100 1 1 1 1 1 1 1 1 1 1 1 1 1 1 1 1 1 1 1 1 1 1 1 1 1 1 1 1 1 1 1 1 100 1 1
staticfield java/lang/invoke/MethodHandleNatives $assertionsDisabled Z 1
ciInstanceKlass jdk/internal/foreign/abi/NativeEntryPoint 0 0 194 10 7 12 1 1 1 9 7 12 1 1 1 9 12 1 1 100 1 8 1 10 12 1 10 12 1 1 100 1 10 100 12 1 1 1 10 12 1 9 12 1 1 18 12 1 1 10 100 12 1 1 1 10 7 12 1 1 1 9 7 12 1 1 1 7 1 10 8 1 10 12 1 1 10 12 1 10 12 1 1 8 1 10 12 1 1 7 1 8 1 10 12 1 10 12 1 1 10 12 1 9 12 1 1 18 12 1 1 10 100 12 1 1 1 10 12 1 1 10 12 1 10 100 12 1 1 1 10 1 1 1 1 1 1 1 1 1 1 1 1 1 1 1 1 1 1 1 1 1 1 1 1 1 1 1 1 1 1 1 1 1 1 1 1 1 16 1 15 10 12 16 1 16 15 10 12 15 10 100 12 1 1 1 1 1 100 1 1 100 1 100 1 1
ciInstanceKlass jdk/internal/foreign/abi/ABIDescriptor 0 0 55 10 100 12 1 1 1 9 100 12 1 1 1 9 12 1 1 9 12 1 9 12 1 9 12 1 1 9 12 1 9 12 1 1 9 12 1 9 12 1 9 12 1 9 12 1 1 1 1 1 1 1 1 1 1
ciInstanceKlass jdk/internal/foreign/abi/VMStorage 0 0 91 10 7 12 1 1 1 9 7 12 1 1 1 9 12 1 1 9 12 1 1 9 12 1 1 7 1 10 8 1 10 12 1 1 10 12 1 10 12 1 1 10 12 1 18 12 1 18 12 1 1 18 12 1 1 1 1 1 1 1 1 1 1 1 1 1 1 1 1 1 1 1 8 1 15 15 15 15 15 10 100 12 1 1 1 1 100 1 100 1 1
ciInstanceKlass jdk/internal/foreign/abi/UpcallLinker$CallRegs 0 0 66 10 7 12 1 1 1 9 7 12 1 1 1 9 12 1 18 12 1 1 18 12 1 1 18 12 1 1 1 1 1 1 1 1 1 1 1 1 1 1 1 1 1 1 100 1 1 1 8 1 15 15 15 10 100 12 1 1 1 1 1 100 1 100 1 1
ciInstanceKlass java/lang/StackWalker 0 0 271 9 7 12 1 1 1 100 1 10 100 12 1 1 1 10 12 1 1 10 100 12 1 1 1 10 12 1 1 10 12 1 11 100 12 1 1 1 10 12 1 1 10 12 1 1 10 12 1 1 100 1 8 1 10 12 1 10 12 1 10 12 1 10 7 12 1 1 9 12 1 1 9 12 1 1 9 12 1 1 9 12 1 1 10 12 1 1 9 12 1 1 9 12 1 1 9 12 1 1 10 7 12 1 1 1 11 12 1 1 100 1 8 1 10 10 7 12 1 1 9 12 1 1 10 12 1 1 10 100 12 1 1 1 10 100 12 1 1 1 18 12 1 1 100 1 8 1 10 8 1 10 12 1 1 10 100 12 1 1 1 10 12 1 1 9 100 12 1 1 11 100 12 1 1 1 10 12 1 1 1 1 1 1 1 1 1 1 1 1 1 1 1 1 1 1 1 1 1 1 1 1 1 1 1 1 1 1 1 1 1 1 1 1 1 1 1 1 1 1 1 1 1 1 1 1 1 1 1 1 1 1 1 1 1 1 1 1 1 1 1 1 1 1 7 1 1 16 15 10 12 16 1 15 10 100 12 1 1 1 1 1 1 1 1 1 100 1 100 1 1
ciInstanceKlass java/lang/StackWalker$StackFrame 0 0 41 100 1 10 12 1 1 100 1 100 1 1 1 1 1 1 1 1 1 1 1 1 1 1 1 1 1 1 1 1 1 1 1 1 1 1 1 100 1 1 1
instanceKlass java/lang/LiveStackFrameInfo
ciInstanceKlass java/lang/StackFrameInfo 0 0 142 10 7 12 1 1 1 9 7 12 1 1 1 9 7 1 9 12 1 1 11 100 12 1 1 1 9 12 1 1 11 12 1 1 10 12 1 1 10 7 12 1 1 1 10 12 1 11 12 1 11 12 1 1 11 12 1 10 12 1 1 9 12 1 1 10 12 1 1 10 7 12 1 1 10 12 1 1 11 12 1 1 9 12 1 1 10 7 1 10 12 1 9 12 1 1 10 12 1 1 100 1 8 1 10 12 1 10 100 12 1 1 1 7 1 1 1 1 1 1 1 1 1 1 1 1 1 1 1 1 1 1 7 1 1 7 1 1 1 1 1 1
ciInstanceKlass java/lang/LiveStackFrameInfo 0 0 97 10 7 12 1 1 1 9 7 12 1 1 1 9 12 1 9 12 1 9 12 1 9 12 1 1 7 1 10 12 1 1 10 12 1 8 1 10 12 1 1 8 1 8 1 8 1 10 100 1 10 12 1 100 1 10 12 1 7 1 7 1 1 1 3 1 3 1 1 1 1 1 1 1 1 1 1 1 1 1 1 1 1 1 1 1 1 1 1 1 1 1 1 1 100 1 1
ciInstanceKlass java/lang/LiveStackFrame 0 0 135 100 1 10 100 12 1 1 1 11 7 12 1 1 1 11 12 1 10 7 12 1 1 1 100 1 8 1 10 12 1 1 10 7 12 1 1 1 9 100 12 1 1 1 10 7 12 1 1 1 10 7 12 1 1 1 11 12 1 10 12 1 7 1 7 1 1 1 1 1 1 1 1 1 1 1 1 1 1 1 1 1 1 1 1 1 1 1 1 1 1 1 1 100 1 1 1 1 1 1 1 100 1 8 1 1 12 10 1 1 1 8 1 1 1 8 1 1 1 8 1 1 1 8 1 1 8 1 1 1 8 1 1 8 1
ciInstanceKlass java/lang/StackStreamFactory$AbstractStackWalker 1 0 375 100 1 7 1 3 10 7 12 1 1 1 10 7 12 1 1 10 7 12 1 1 1 9 12 1 1 10 12 1 1 9 12 1 1 9 12 1 1 9 12 1 1 9 12 1 10 7 12 1 1 1 10 12 1 1 10 7 12 1 1 9 12 1 1 9 12 1 1 10 12 1 1 9 100 12 1 1 1 10 12 1 1 10 12 1 9 12 1 1 10 100 12 1 1 1 10 12 1 1 9 12 1 1 9 7 12 1 1 1 7 1 10 8 1 10 12 1 1 10 12 1 8 1 10 12 1 1 10 100 12 1 1 1 100 1 8 1 10 12 1 8 1 10 12 10 100 12 1 1 9 12 1 8 1 5 0 8 1 8 1 9 12 1 1 10 12 1 1 18 12 1 1 10 7 12 1 1 1 10 12 1 1 10 12 1 10 12 1 9 12 1 10 12 1 10 12 1 10 12 1 10 12 1 10 12 1 10 12 1 1 8 1 10 12 1 10 12 1 10 12 1 10 12 1 1 8 1 10 12 1 1 10 12 1 1 10 12 1 1 10 12 1 10 12 1 10 100 12 1 1 1 10 12 1 10 12 1 9 12 1 8 1 10 12 1 10 12 1 10 12 1 1 10 12 1 10 12 1 10 12 1 1 10 12 1 10 12 1 10 12 1 10 12 1 10 12 1 10 12 1 1 10 12 1 1 10 12 1 8 1 1 1 1 1 1 1 1 1 1 1 1 1 7 1 1 1 1 1 1 1 7 1 1 1 1 7 1 1 1 1 1 1 1 1 1 1 1 1 1 1 1 1 1 1 1 16 15 15 10 100 12 1 1 1 1 1 1 1 1 100 1 100 1 1
ciInstanceKlass jdk/internal/module/Modules 1 1 504 10 7 12 1 1 1 9 7 12 1 1 1 11 7 12 1 1 1 11 12 1 1 11 12 1 1 11 12 1 1 11 12 1 11 12 1 11 12 1 11 12 1 11 12 1 1 10 7 12 1 1 1 10 100 12 1 1 1 18 12 1 1 10 7 12 1 1 1 7 1 10 7 12 1 1 1 10 100 12 1 1 1 10 100 12 1 1 10 12 1 1 11 12 1 9 12 1 1 11 7 12 1 1 1 10 12 1 1 10 10 12 1 10 9 12 1 1 10 100 12 1 1 10 12 1 1 10 100 12 1 1 100 1 11 100 12 1 1 1 10 100 12 1 1 1 11 100 12 1 1 10 12 1 1 10 100 12 1 1 10 100 12 1 1 1 10 12 1 1 10 12 1 1 11 12 1 1 18 12 1 1 11 100 12 1 1 10 100 12 1 1 1 11 100 12 1 1 1 7 1 11 12 1 1 11 7 12 1 1 1 11 12 1 1 10 12 1 1 10 100 12 1 1 18 12 1 1 11 12 1 1 18 12 1 1 11 12 1 1 10 12 1 18 18 10 12 1 1 9 12 1 1 11 7 12 1 1 1 100 1 10 11 12 1 11 12 1 1 11 12 1 1 10 100 1 10 12 1 1 10 100 12 1 1 10 12 1 1 11 12 10 12 1 1 7 1 10 18 12 1 10 12 1 1 7 1 8 1 10 12 1 10 100 12 1 1 18 12 1 11 11 12 10 12 1 10 10 100 1 18 12 1 10 10 10 7 12 1 1 10 7 12 1 1 1 10 12 1 1 1 1 1 1 1 1 1 1 1 1 1 1 1 1 1 1 1 1 1 1 1 1 1 1 1 1 1 1 1 1 1 100 1 1 1 1 1 1 1 1 1 1 1 1 1 1 1 1 1 1 1 1 1 1 1 1 1 1 1 1 1 1 1 1 1 1 1 7 1 1 1 1 1 1 1 1 1 1 1 1 1 1 1 1 1 1 1 1 1 1 1 16 15 10 12 1 16 16 15 10 12 1 16 1 16 1 15 10 12 1 16 1 16 1 15 10 12 16 1 15 10 16 1 15 10 12 16 1 15 10 12 16 15 10 12 16 15 10 12 15 10 100 12 1 1 1 1 1 1 100 1 100 1 1
staticfield jdk/internal/module/Modules JLA Ljdk/internal/access/JavaLangAccess; java/lang/System$2
staticfield jdk/internal/module/Modules JLMA Ljdk/internal/access/JavaLangModuleAccess; java/lang/module/ModuleDescriptor$1
staticfield jdk/internal/module/Modules $assertionsDisabled Z 1
ciInstanceKlass java/lang/invoke/Invokers$Holder 1 1 128 1 100 1 100 1 1 1 1 1 1 1 7 1 7 1 7 1 1 12 10 1 1 12 10 1 1 12 10 1 1 100 1 1 12 9 1 1 1 12 10 1 1 1 12 10 1 1 12 10 1 1 12 10 1 12 10 1 1 1 12 10 1 1 100 1 1 12 10 1 12 10 1 1 12 10 1 12 10 1 1 12 10 1 1 12 10 1 12 10 1 1 12 10 1 1 12 10 1 1 12 10 1 12 10 12 10 12 10 12 10 12 10 1 1 12 10 1 1 12 10 1 1 12 10 1 1 1
ciMethod java/lang/invoke/Invokers$Holder linkToTargetMethod (Ljava/lang/Object;)Ljava/lang/Object; 770 0 16627 0 -1
ciMethod java/lang/invoke/Invokers$Holder linkToTargetMethod (Ljava/lang/Object;Ljava/lang/Object;)Ljava/lang/Object; 4116 0 19235 0 -1
ciMethod java/lang/invoke/Invokers$Holder linkToTargetMethod (Ljava/lang/Object;Ljava/lang/Object;Ljava/lang/Object;)Ljava/lang/Object; 1024 0 4367 0 -1
ciInstanceKlass java/lang/invoke/DirectMethodHandle$Holder 1 1 548 1 100 1 100 1 1 1 1 1 1 1 7 1 1 12 10 1 12 10 1 7 1 7 1 1 12 10 1 1 1 1 12 10 1 1 12 10 1 1 12 10 1 1 12 10 1 1 12 10 1 1 12 10 1 1 12 10 1 1 12 10 1 1 12 10 1 1 12 10 1 1 12 10 1 1 12 10 1 1 12 10 1 1 12 10 1 1 12 10 1 1 12 10 1 1 12 10 1 1 12 10 1 1 12 10 1 1 12 10 1 1 12 10 1 1 12 10 1 1 12 10 1 1 12 10 1 1 12 10 1 1 12 10 1 1 12 10 1 1 12 10 1 1 12 10 1 1 12 10 1 1 12 10 1 1 12 10 1 1 12 10 1 1 12 10 1 1 12 10 1 1 12 10 1 1 12 10 1 1 12 10 1 1 12 10 1 1 12 10 1 1 12 10 1 1 12 10 1 1 12 10 1 1 12 10 1 1 12 10 1 1 12 10 1 1 12 10 1 1 12 10 1 1 12 10 1 1 12 10 1 1 12 10 12 10 12 10 1 1 12 10 12 10 1 1 12 10 1 1 12 10 12 10 12 10 12 10 1 1 12 10 12 10 1 1 12 10 12 10 1 1 12 10 1 1 12 10 12 10 12 10 12 10 12 10 1 1 12 10 1 1 12 10 1 1 12 10 1 1 12 10 1 1 12 10 1 1 12 10 1 1 12 10 1 1 12 10 1 1 12 10 1 1 12 10 1 1 12 10 1 1 12 10 1 1 12 10 1 1 12 10 12 10 12 10 12 10 1 12 10 1 1 12 10 1 1 12 10 1 1 1 1 12 10 12 10 1 1 12 10 1 12 10 12 10 1 1 12 10 1 12 10 12 10 1 1 1 12 10 1 12 10 1 7 1 1 12 9 1 7 1 12 10 1 12 10 1 1 1 12 10 1 12 10 1 1 12 10 1 12 10 1 1 1 12 10 1 12 10 1 1 12 10 1 12 10 1 1 12 10 1 12 10 1 1 12 10 1 12 10 1 1 12 10 1 12 10 1 1 12 10 1 12 10 1 1 12 10 1 12 10 1 1 12 10 1 12 10 1 1 1 12 10 1 12 10 1 1 1 12 10 1 12 10 1 1 1 1 12 10 1 12 10 1 1 1 12 10 1 12 10 1 1 1 1 1 12 10 1 12 10 1 1 1 12 10 1 12 10 1 1 1 12 10 1 12 10 1 1 12 10 1 12 10 1 1 1
ciMethod java/lang/invoke/DirectMethodHandle$Holder newInvokeSpecial (Ljava/lang/Object;Ljava/lang/Object;Ljava/lang/Object;)Ljava/lang/Object; 1024 0 4380 0 -1
ciMethod java/lang/invoke/DirectMethodHandle$Holder newInvokeSpecial (Ljava/lang/Object;Ljava/lang/Object;)Ljava/lang/Object; 4116 0 20865 0 -1
ciInstanceKlass java/util/ArrayList 1 1 509 10 7 12 1 1 1 7 1 9 7 12 1 1 1 9 12 1 100 1 7 1 10 8 1 10 12 1 1 10 12 1 10 12 1 1 10 12 1 9 12 1 11 7 12 1 1 1 9 12 1 1 11 12 1 1 100 10 7 12 1 1 1 9 12 1 10 12 1 10 12 1 1 10 7 12 1 1 1 10 7 12 1 1 1 10 12 1 1 10 12 1 1 10 12 1 1 10 12 1 10 12 1 1 100 1 7 1 10 12 1 10 10 7 12 1 1 1 10 7 12 1 1 10 12 1 100 1 10 10 12 10 12 1 1 10 12 1 1 10 12 1 10 12 10 12 1 1 7 1 10 12 1 1 10 12 1 1 10 12 1 100 1 10 11 12 1 1 11 7 12 1 1 1 11 12 1 10 12 1 10 12 1 10 12 1 1 100 1 10 12 1 1 10 10 12 1 1 10 12 1 8 1 8 1 8 1 8 1 10 12 1 1 10 12 1 1 11 12 1 7 1 10 100 12 1 1 10 12 1 10 12 1 1 10 100 12 1 1 10 12 1 10 100 12 1 1 1 11 100 12 1 1 1 10 12 1 100 1 8 1 10 100 1 10 12 1 7 1 10 12 1 10 12 1 1 7 1 10 12 1 10 12 1 1 11 100 12 1 1 7 1 10 12 1 10 12 1 1 11 100 12 1 1 10 12 1 1 10 12 1 1 10 12 1 1 10 12 1 1 11 100 12 1 1 10 12 1 1 7 1 7 1 7 1 1 1 1 5 0 1 3 1 1 1 1 1 1 1 1 1 1 1 1 1 1 1 1 1 1 1 1 1 1 1 1 1 1 1 1 1 1 1 1 1 1 1 1 1 1 1 1 1 1 1 1 1 1 1 1 1 1 1 1 1 1 1 1 1 1 1 1 1 1 1 1 1 1 1 1 1 1 1 1 1 1 1 1 1 1 1 1 1 1 1 1 1 1 1 1 1 1 1 1 1 1 1 1 1 1 1 1 1 1 1 1 100 1 1 1 1 7 1 1 1 1 1 1 1 1 1 1 1 1 1 1 1 1 1 1 1 1 1 1 1 1 1 1 1 1 1 100 1 1 1 1 1 1 1 1 1 1 1 1 1 1 1 1 1 1 100 1 100 1 1 1 1 1 1
staticfield java/util/ArrayList EMPTY_ELEMENTDATA [Ljava/lang/Object; 0 [Ljava/lang/Object;
staticfield java/util/ArrayList DEFAULTCAPACITY_EMPTY_ELEMENTDATA [Ljava/lang/Object; 0 [Ljava/lang/Object;
ciInstanceKlass java/util/RandomAccess 1 0 7 100 1 100 1 1 1
ciMethod java/util/ArrayList <init> ()V 212 0 4494 0 0
ciInstanceKlass java/util/Comparator 1 1 288 10 100 12 1 1 1 10 100 12 1 1 1 18 12 1 1 7 1 7 1 11 12 1 1 11 12 1 11 12 1 11 12 1 1 11 12 1 1 11 12 1 1 10 12 1 9 100 12 1 1 1 100 1 10 12 1 1 18 12 1 18 12 18 12 18 12 18 12 10 100 12 1 1 1 10 7 12 1 1 1 8 1 10 12 1 1 8 1 8 1 8 1 8 1 8 1 10 12 1 10 12 1 8 10 7 1 10 12 1 8 10 12 1 8 1 10 12 1 10 12 1 8 1 10 12 1 1 100 1 8 1 100 1 8 1 8 1 100 1 8 1 8 1 100 1 100 1 8 1 10 12 1 11 12 1 1 10 7 12 1 1 11 12 1 1 10 7 12 1 1 11 12 1 1 10 7 12 1 1 11 12 1 7 1 11 12 1 11 12 1 1 1 1 1 1 1 1 1 1 1 1 1 1 1 1 1 1 1 1 1 1 1 1 1 1 1 1 1 1 1 1 1 1 1 1 1 1 1 1 1 1 1 1 1 1 1 1 1 1 1 1 1 1 1 1 1 1 1 1 16 15 11 12 3 3 15 11 12 15 11 12 15 11 12 15 11 12 15 11 12 15 10 100 12 1 1 1 1 100 1 1 1 100 1 100 1 1
ciInstanceKlass java/util/stream/Stream 1 1 446 10 100 12 1 1 1 18 12 1 1 11 7 12 1 1 1 18 11 12 1 1 18 11 12 1 1 18 11 12 1 1 100 1 11 12 1 1 10 12 1 1 11 12 1 1 10 7 12 1 1 1 18 12 1 1 11 12 1 1 100 1 10 7 1 11 12 1 1 10 7 12 1 1 1 10 12 1 10 100 12 1 1 1 100 1 10 12 1 10 7 12 1 1 10 12 1 11 12 1 1 10 12 1 100 1 7 1 5 0 100 1 10 12 1 100 1 10 12 1 100 1 10 12 1 100 1 10 12 1 10 100 12 1 1 1 100 1 10 11 100 12 1 1 1 10 12 1 10 12 1 1 100 1 10 10 12 1 10 12 1 1 100 1 10 10 12 1 10 12 1 1 100 1 10 10 7 1 7 1 1 1 1 1 1 1 1 1 1 1 1 1 1 1 1 1 1 1 1 1 1 1 1 1 1 1 1 1 1 1 1 1 1 1 1 1 1 1 1 1 1 1 1 1 1 1 1 1 1 1 1 1 1 1 1 1 1 1 1 1 1 1 1 1 1 1 1 1 1 1 1 1 1 1 1 1 1 1 1 1 1 1 1 1 1 1 1 1 1 1 1 1 1 1 1 1 1 1 1 1 1 1 1 1 1 1 1 1 1 1 1 1 1 1 1 1 1 1 1 1 1 1 1 1 1 1 1 1 1 1 1 1 1 1 1 1 1 1 1 1 1 1 1 1 1 1 1 1 1 1 1 1 1 1 1 1 1 1 1 1 100 1 1 16 15 11 12 16 15 11 12 16 1 15 11 12 16 1 15 11 12 16 1 16 15 11 12 1 15 10 100 12 1 1 1 1 100 1 100 1 1 100 1 1 1 1 1 100 1 100 1 1 100 1 1 1 100 1 1 100 1 1 100 1 1 100 1 100 1 1 1 100 1 8 1 1 12 10 1 1 1 8 1 1 1 8 1 1 1 8 1 1 1 8 1 1 1 8 1 1 8 1 1 1 8 1
ciInstanceKlass java/util/stream/BaseStream 1 0 29 100 1 100 1 100 1 1 1 1 1 1 1 1 1 1 1 1 1 1 1 1 1 1 1 1 1 1 1
ciMethod java/util/stream/Stream toArray ()[Ljava/lang/Object; 0 0 1 0 -1
ciMethod java/util/stream/Stream map (Ljava/util/function/Function;)Ljava/util/stream/Stream; 0 0 1 0 -1
ciMethod java/util/stream/Stream of ([Ljava/lang/Object;)Ljava/util/stream/Stream; 236 0 1 0 -1
ciMethod java/util/stream/Stream anyMatch (Ljava/util/function/Predicate;)Z 0 0 1 0 -1
ciInstanceKlass java/util/function/Consumer 1 1 59 10 100 12 1 1 1 18 12 1 1 11 7 12 1 1 7 1 1 1 1 1 1 1 1 1 1 1 1 1 1 1 1 1 1 1 1 1 1 1 1 1 16 15 11 12 15 10 100 12 1 1 1 1 100 1 100 1 1
ciInstanceKlass java/util/function/Function 1 1 77 10 100 12 1 1 1 18 12 1 1 18 18 12 1 11 7 12 1 7 1 1 1 1 1 1 1 1 1 1 1 1 1 1 1 1 1 1 1 1 1 1 1 1 1 1 1 1 1 1 1 1 1 1 16 15 11 12 15 11 12 15 11 12 15 10 7 12 1 1 1 1 100 1 100 1 1
ciMethod java/util/function/Function apply (Ljava/lang/Object;)Ljava/lang/Object; 0 0 1 0 -1
ciInstanceKlass java/util/Spliterator 1 1 85 11 7 12 1 1 1 11 12 1 1 5 0 11 12 1 1 100 1 10 12 1 1 100 1 1 1 1 3 1 3 1 3 1 3 1 3 1 3 1 3 1 3 1 1 1 1 1 1 1 1 1 1 1 1 1 1 1 1 1 1 1 1 1 1 1 1 1 1 1 1 1 100 1 100 1 100 1 100 1 1 1 1 1 1
ciMethod java/util/Spliterator forEachRemaining (Ljava/util/function/Consumer;)V 0 0 1 0 -1
ciMethod java/util/Spliterator characteristics ()I 0 0 1 0 -1
ciMethod java/util/Spliterator tryAdvance (Ljava/util/function/Consumer;)Z 0 0 1 0 -1
ciMethod java/util/Spliterator estimateSize ()J 0 0 1 0 -1
ciMethod java/util/Spliterator getExactSizeIfKnown ()J 1024 0 2147 0 0
ciMethod java/util/Spliterator hasCharacteristics (I)Z 0 0 1 0 -1
ciMethod java/util/Spliterator getComparator ()Ljava/util/Comparator; 0 0 1 0 -1
ciInstanceKlass java/util/stream/StreamSupport 1 1 107 10 100 12 1 1 1 10 7 12 1 1 1 7 1 10 7 12 1 1 1 10 12 1 10 12 1 10 12 1 100 1 10 10 100 1 10 10 100 1 10 10 100 1 1 1 1 1 1 1 1 1 1 1 1 1 1 1 1 1 1 1 1 1 1 1 1 1 1 1 1 1 1 1 1 1 1 1 1 1 1 1 1 1 1 1 1 100 1 1 100 1 100 1 100 1 100 1 100 1 1 100 1 1 100 1 1
ciInstanceKlass java/util/stream/ReferencePipeline$Head 1 1 80 10 7 12 1 1 1 10 12 1 100 1 10 12 1 10 7 12 1 1 1 10 12 1 1 11 7 12 1 1 1 10 12 1 10 12 1 10 12 1 1 1 1 1 1 1 1 1 1 1 1 1 1 1 1 1 1 1 1 1 1 1 1 1 1 1 1 1 1 1 1 1 1 1 1 1 1 1 1 1
instanceKlass java/util/stream/AbstractPipeline
ciInstanceKlass java/util/stream/PipelineHelper 1 1 54 10 7 12 1 1 1 100 1 1 1 1 1 1 1 1 1 1 1 1 1 1 1 1 1 1 1 1 1 1 1 1 1 1 1 1 1 1 1 1 1 1 1 1 1 1 1 1 1 100 1 100 1 1
instanceKlass java/util/stream/ReferencePipeline
ciInstanceKlass java/util/stream/AbstractPipeline 1 1 423 10 7 12 1 1 1 9 7 12 1 1 1 9 12 1 1 9 12 1 9 7 12 1 1 1 9 12 1 9 12 1 9 12 1 9 12 1 9 12 1 1 9 12 1 1 9 12 1 100 1 8 1 10 12 1 9 12 1 9 12 1 10 12 1 1 10 12 1 1 9 12 1 9 12 1 10 12 1 1 11 7 12 1 1 100 1 10 10 12 1 11 12 1 1 10 12 1 11 12 1 1 11 12 1 10 12 1 1 10 12 1 1 10 11 100 12 1 1 1 7 1 8 1 9 12 1 1 11 7 12 1 1 10 7 12 1 1 1 10 100 12 1 1 1 10 12 1 1 18 12 1 10 12 1 1 10 12 1 1 9 12 1 1 10 12 1 1 9 12 1 10 12 1 1 11 12 1 9 12 1 9 12 1 10 12 1 9 12 1 11 12 1 1 5 0 9 12 1 10 12 1 1 7 1 10 12 1 1 10 12 1 1 11 12 1 1 11 12 1 1 11 12 1 10 12 1 1 10 12 1 1 9 12 1 10 12 1 1 18 12 1 10 12 1 1 10 12 1 1 10 12 1 1 10 12 1 1 7 1 11 12 1 1 100 1 8 1 10 18 12 1 1 11 100 12 1 1 1 7 1 10 7 12 1 1 7 1 1 1 1 1 1 1 1 1 1 1 1 1 1 1 1 1 1 1 1 1 1 1 1 1 1 1 1 1 1 1 1 1 1 1 1 1 1 1 1 1 1 1 1 1 1 1 1 1 1 1 1 1 1 1 1 1 1 1 1 1 1 1 1 1 1 1 1 1 1 1 1 1 1 1 1 1 1 1 1 1 1 1 1 1 1 1 1 1 1 1 1 1 1 1 1 1 1 1 1 1 1 1 1 1 1 1 1 16 15 10 12 16 15 10 12 16 1 15 10 12 16 15 10 7 12 1 1 1 1 1 100 1 100 1 1
staticfield java/util/stream/AbstractPipeline $assertionsDisabled Z 1
instanceKlass java/util/stream/ReferencePipeline$StatelessOp
instanceKlass java/util/stream/ReferencePipeline$Head
ciInstanceKlass java/util/stream/ReferencePipeline 1 1 640 10 7 12 1 1 1 10 12 1 10 12 1 9 7 12 1 1 1 10 7 12 1 1 1 7 1 10 12 1 100 1 10 12 1 11 7 12 1 1 1 11 7 12 1 1 1 10 12 1 1 10 7 12 1 1 1 10 7 12 1 1 1 10 12 1 100 1 9 7 12 1 1 1 10 12 1 10 7 12 1 1 1 7 1 9 12 1 10 12 1 7 1 9 12 1 9 12 1 10 12 1 100 1 10 12 1 100 1 10 12 1 100 1 10 12 1 7 1 10 100 1 10 100 1 10 100 1 10 100 1 10 12 1 100 1 10 100 1 10 100 1 10 100 1 10 12 1 10 100 12 1 1 1 10 100 12 1 1 10 12 1 100 1 10 7 12 1 1 1 10 12 1 10 100 12 1 1 5 0 10 100 12 1 1 1 10 12 1 10 7 12 1 1 10 12 1 1 10 12 1 1 10 12 1 1 11 7 12 1 1 1 18 12 1 1 10 12 1 10 7 12 1 1 1 10 12 1 11 7 12 1 1 1 9 7 12 1 1 1 10 7 12 1 1 7 1 10 12 1 9 12 1 9 12 1 10 7 12 1 1 7 1 10 7 12 1 1 10 12 1 10 12 1 11 7 12 1 1 1 9 7 12 1 1 1 11 7 12 1 1 1 9 12 1 11 12 1 1 11 100 12 1 1 1 11 12 1 1 18 12 1 1 10 12 1 1 10 12 1 9 12 1 11 12 1 1 11 7 12 1 10 12 1 11 100 12 1 1 1 10 12 1 1 11 12 1 10 12 1 1 10 12 1 1 10 12 1 1 11 100 12 1 1 7 1 7 1 1 1 1 1 1 1 1 1 1 1 1 1 1 1 1 1 1 1 1 1 1 1 1 1 1 1 1 1 1 1 1 1 1 1 1 1 1 1 1 1 1 1 1 1 1 1 1 1 1 1 1 1 1 1 1 1 1 1 1 1 1 1 1 1 1 1 1 1 1 1 1 1 1 1 1 1 1 1 1 1 1 1 1 1 1 1 1 1 1 1 1 1 1 1 1 1 1 1 1 1 1 1 1 1 1 1 1 1 1 1 1 1 1 1 1 1 1 1 1 1 1 1 1 1 1 1 1 1 1 1 1 1 1 1 1 1 1 1 1 1 1 1 1 1 1 1 1 1 1 1 1 1 1 1 1 1 1 1 1 1 1 1 1 1 1 1 1 1 1 1 1 1 1 1 1 1 1 1 1 1 1 1 1 1 1 1 1 1 1 1 1 1 1 1 1 1 1 1 1 1 1 100 1 100 1 100 1 100 1 100 1 100 1 100 1 100 1 100 1 100 1 100 1 100 1 100 1 100 1 100 1 100 1 100 1 1 16 1 15 10 12 16 16 1 15 10 12 15 10 7 12 1 1 1 1 100 1 1 1 100 1 1 1 1 1 1 1 100 1 100 1 1
ciMethod java/util/stream/AbstractPipeline getStreamAndOpFlags ()I 480 0 240 0 0
ciMethod java/util/stream/AbstractPipeline wrapSink (Ljava/util/stream/Sink;)Ljava/util/stream/Sink; 1024 962 2147 0 0
ciMethod java/util/stream/AbstractPipeline copyInto (Ljava/util/stream/Sink;Ljava/util/Spliterator;)V 1024 0 2129 0 0
ciMethod java/util/stream/AbstractPipeline copyIntoWithCancel (Ljava/util/stream/Sink;Ljava/util/Spliterator;)Z 1024 986 1917 0 0
ciMethod java/util/stream/AbstractPipeline wrapAndCopyInto (Ljava/util/stream/Sink;Ljava/util/Spliterator;)Ljava/util/stream/Sink; 1024 0 2129 0 0
ciMethod java/util/stream/AbstractPipeline opEvaluateParallel (Ljava/util/stream/PipelineHelper;Ljava/util/Spliterator;Ljava/util/function/IntFunction;)Ljava/util/stream/Node; 0 0 1 0 -1
ciMethod java/util/stream/AbstractPipeline opEvaluateParallelLazy (Ljava/util/stream/PipelineHelper;Ljava/util/Spliterator;)Ljava/util/Spliterator; 0 0 1 0 0
ciMethod java/util/stream/ReferencePipeline forEachWithCancel (Ljava/util/Spliterator;Ljava/util/stream/Sink;)Z 1024 932 1927 0 0
ciMethod java/util/stream/AbstractPipeline isParallel ()Z 2856 0 2588 0 0
ciMethod java/util/stream/ReferencePipeline map (Ljava/util/function/Function;)Ljava/util/stream/Stream; 462 0 1824 0 0
ciMethod java/util/stream/ReferencePipeline anyMatch (Ljava/util/function/Predicate;)Z 640 0 1730 0 0
ciInstanceKlass java/util/stream/StreamOpFlag 1 1 262 7 1 9 12 1 1 9 12 1 9 12 1 9 12 1 9 12 1 9 12 1 9 12 1 1 10 7 12 1 1 10 7 12 1 1 1 7 1 7 1 7 1 10 12 1 1 10 12 1 10 12 1 1 10 12 1 10 12 1 1 9 12 1 1 9 12 1 1 9 12 9 12 1 9 12 1 9 12 1 1 11 7 12 1 1 1 7 1 10 12 1 1 10 12 1 1 9 12 1 9 12 1 9 12 1 10 12 1 1 9 12 1 11 7 12 1 1 11 12 1 1 8 9 12 1 10 9 12 1 10 12 1 10 12 1 8 8 9 12 1 10 12 9 12 1 8 8 8 10 12 1 10 12 1 1 9 12 1 9 12 1 9 12 1 9 12 1 10 12 1 9 12 1 9 12 1 9 12 1 9 12 1 9 12 1 9 12 1 9 12 1 9 12 1 9 12 1 9 12 1 9 12 1 1 1 3 1 3 1 3 1 1 1 1 1 1 1 1 1 1 1 1 1 1 1 1 1 1 1 1 1 1 1 1 1 1 1 1 1 1 1 1 1 1 1 1 1 1 1 1 1 1 1 1 1 1 1 1 1 1 1
staticfield java/util/stream/StreamOpFlag DISTINCT Ljava/util/stream/StreamOpFlag; java/util/stream/StreamOpFlag
staticfield java/util/stream/StreamOpFlag SORTED Ljava/util/stream/StreamOpFlag; java/util/stream/StreamOpFlag
staticfield java/util/stream/StreamOpFlag ORDERED Ljava/util/stream/StreamOpFlag; java/util/stream/StreamOpFlag
staticfield java/util/stream/StreamOpFlag SIZED Ljava/util/stream/StreamOpFlag; java/util/stream/StreamOpFlag
staticfield java/util/stream/StreamOpFlag SHORT_CIRCUIT Ljava/util/stream/StreamOpFlag; java/util/stream/StreamOpFlag
staticfield java/util/stream/StreamOpFlag SIZE_ADJUSTING Ljava/util/stream/StreamOpFlag; java/util/stream/StreamOpFlag
staticfield java/util/stream/StreamOpFlag SPLITERATOR_CHARACTERISTICS_MASK I 85
staticfield java/util/stream/StreamOpFlag STREAM_MASK I 85
staticfield java/util/stream/StreamOpFlag OP_MASK I 83886271
staticfield java/util/stream/StreamOpFlag TERMINAL_OP_MASK I 16777248
staticfield java/util/stream/StreamOpFlag UPSTREAM_TERMINAL_OP_MASK I 32
staticfield java/util/stream/StreamOpFlag FLAG_MASK I 251658495
staticfield java/util/stream/StreamOpFlag FLAG_MASK_IS I 85
staticfield java/util/stream/StreamOpFlag FLAG_MASK_NOT I 170
staticfield java/util/stream/StreamOpFlag INITIAL_OPS_VALUE I 255
staticfield java/util/stream/StreamOpFlag IS_DISTINCT I 1
staticfield java/util/stream/StreamOpFlag NOT_DISTINCT I 2
staticfield java/util/stream/StreamOpFlag IS_SORTED I 4
staticfield java/util/stream/StreamOpFlag NOT_SORTED I 8
staticfield java/util/stream/StreamOpFlag IS_ORDERED I 16
staticfield java/util/stream/StreamOpFlag NOT_ORDERED I 32
staticfield java/util/stream/StreamOpFlag IS_SIZED I 64
staticfield java/util/stream/StreamOpFlag NOT_SIZED I 128
staticfield java/util/stream/StreamOpFlag IS_SHORT_CIRCUIT I 16777216
staticfield java/util/stream/StreamOpFlag IS_SIZE_ADJUSTING I 67108864
staticfield java/util/stream/StreamOpFlag $VALUES [Ljava/util/stream/StreamOpFlag; 6 [Ljava/util/stream/StreamOpFlag;
ciMethod java/util/stream/StreamSupport stream (Ljava/util/Spliterator;Z)Ljava/util/stream/Stream; 900 0 2049 0 0
ciInstanceKlass java/util/Spliterators 1 1 303 10 7 12 1 1 1 9 7 12 1 1 1 9 12 1 1 9 12 1 1 9 12 1 1 7 1 10 7 12 1 1 1 7 1 10 12 1 10 12 1 1 10 12 1 100 1 100 1 10 12 1 10 12 1 100 1 100 1 10 12 1 10 12 1 100 1 100 1 10 12 1 10 12 1 100 1 7 1 10 8 1 10 12 1 1 10 12 1 8 1 8 1 10 12 1 1 10 12 1 10 12 1 7 1 7 1 10 12 1 7 1 10 12 1 10 12 1 100 1 100 1 10 12 1 10 12 1 100 1 100 1 10 12 1 10 12 1 100 1 100 1 10 12 1 10 12 1 7 1 10 12 1 100 1 10 12 1 100 1 10 12 1 100 1 10 12 1 7 1 10 7 1 10 7 1 10 7 1 10 1 1 1 1 1 1 1 1 1 1 1 1 1 1 1 1 1 1 1 1 1 1 1 1 1 1 1 1 1 1 1 1 1 1 1 1 1 1 1 1 1 1 1 1 1 1 1 1 1 1 1 1 1 1 1 1 1 1 1 1 1 1 1 1 1 1 1 1 1 1 1 1 100 1 100 1 100 1 100 1 100 1 100 1 100 1 100 1 100 1 1 100 1 100 1 1 100 1 1 100 1 1 1 1 1 1 1 1 100 1 1 1 1 1 1 1 1 1 1 1 1 1 1
staticfield java/util/Spliterators EMPTY_SPLITERATOR Ljava/util/Spliterator; java/util/Spliterators$EmptySpliterator$OfRef
staticfield java/util/Spliterators EMPTY_INT_SPLITERATOR Ljava/util/Spliterator$OfInt; java/util/Spliterators$EmptySpliterator$OfInt
staticfield java/util/Spliterators EMPTY_LONG_SPLITERATOR Ljava/util/Spliterator$OfLong; java/util/Spliterators$EmptySpliterator$OfLong
staticfield java/util/Spliterators EMPTY_DOUBLE_SPLITERATOR Ljava/util/Spliterator$OfDouble; java/util/Spliterators$EmptySpliterator$OfDouble
ciMethod java/util/Spliterators spliterator (Ljava/util/Collection;I)Ljava/util/Spliterator; 678 0 1854 0 0
ciInstanceKlass java/lang/module/ModuleDescriptor 1 1 516 10 7 12 1 1 1 9 7 12 1 1 1 100 1 10 9 12 1 1 9 12 1 1 9 12 1 11 7 12 1 1 1 9 12 1 1 9 7 12 1 1 1 11 12 1 1 9 12 1 9 12 1 9 12 1 11 12 1 1 18 12 1 1 11 100 12 1 1 1 11 12 1 11 12 1 1 11 12 1 1 9 12 1 9 12 1 9 12 1 9 12 1 9 12 1 9 12 1 9 12 1 9 12 1 1 11 12 1 1 11 7 12 1 1 1 11 12 1 1 10 12 1 9 100 12 1 1 1 10 100 12 1 1 1 10 7 12 1 1 1 10 100 12 1 1 1 10 12 1 7 1 10 10 12 10 12 1 1 8 1 10 12 1 10 10 7 12 1 1 1 10 12 1 1 10 12 1 10 12 1 1 10 7 12 1 1 10 12 1 10 12 1 11 10 100 12 1 1 10 12 1 10 12 1 1 11 10 12 1 10 12 1 8 1 8 1 10 12 1 11 12 1 8 1 8 1 8 1 8 1 8 1 8 1 100 1 10 12 1 100 1 8 1 10 12 1 100 1 10 12 1 11 12 11 12 1 10 12 1 1 100 1 10 100 12 1 1 1 10 100 12 1 1 1 10 12 1 10 12 1 1 8 1 10 12 1 1 18 11 12 1 11 12 1 1 8 1 10 100 12 1 1 1 11 12 1 1 11 7 1 7 1 10 7 1 11 12 11 12 1 1 10 100 12 1 1 1 10 12 1 10 12 1 10 12 1 10 9 100 12 1 1 1 10 12 1 1 10 7 12 1 1 7 1 10 10 7 12 1 1 1 1 1 1 1 1 1 1 1 1 1 1 1 1 1 1 1 1 1 1 1 1 1 1 1 1 1 1 1 1 1 1 1 1 1 1 1 1 1 1 1 1 1 1 1 1 1 1 1 1 1 1 1 1 1 1 1 1 1 100 1 1 1 1 1 1 1 1 1 1 1 1 1 1 1 1 1 1 1 1 1 1 1 1 1 1 1 1 1 1 1 1 1 1 1 1 1 1 1 1 1 1 1 1 1 1 1 1 1 100 1 100 1 100 1 100 1 100 1 100 1 100 1 1 16 15 10 16 1 15 10 12 16 15 10 100 12 1 1 1 1 1 1 1 1 1 1 1 1 1 100 1 100 1 1
staticfield java/lang/module/ModuleDescriptor $assertionsDisabled Z 1
ciInstanceKlass java/lang/annotation/Annotation 0 0 17 100 1 100 1 1 1 1 1 1 1 1 1 1 1 1 1
ciInstanceKlass java/util/LinkedHashMap 1 1 386 9 7 12 1 1 1 9 12 1 1 9 12 1 9 7 12 1 1 9 12 1 10 7 12 1 1 1 10 12 1 1 10 12 1 1 9 12 1 9 12 1 1 9 12 1 10 12 1 1 100 1 10 10 12 1 1 10 12 1 10 12 1 1 9 12 1 1 9 12 1 10 12 1 1 10 100 12 1 1 1 10 12 1 10 12 1 10 12 10 12 1 1 10 7 12 1 1 1 10 12 1 1 10 12 1 1 9 7 1 10 12 1 10 12 1 1 9 12 1 1 7 1 10 12 1 7 1 100 1 10 10 12 1 1 10 12 1 1 9 12 1 1 7 1 10 7 1 10 12 1 9 12 1 7 1 10 100 1 10 11 100 12 1 1 1 100 1 10 11 100 12 1 1 100 1 7 1 10 8 1 10 12 1 1 10 12 1 10 12 1 1 10 12 1 10 12 1 1 10 100 1 10 12 1 7 1 1 1 1 5 0 1 1 1 3 1 3 1 3 1 1 1 1 1 1 1 1 1 1 1 1 1 1 1 1 1 1 1 1 1 1 1 1 1 1 1 1 1 1 1 1 1 1 1 1 1 1 1 1 1 1 1 1 1 1 1 7 1 1 1 1 1 1 1 1 100 1 1 1 1 1 1 1 1 1 1 1 1 1 1 1 1 1 1 1 1 1 1 1 1 1 1 1 1 100 1 1 1 1 1 1 1 1 1 1 1 1 1 1 100 1 1 1 1 1 1 1 1 1 7 1 1 1 1 1 1 1 1 1 1 1 1 1 1 1 1 1 1 1 1 1 1 1 1 1 1 1 1 1 1 1 100 1 100 1 100 1 100 1 1 1 1 1 100 1 7 1 1 1 1 1 1 1 1 1
ciInstanceKlass java/util/SequencedMap 1 1 157 11 7 12 1 1 1 11 100 12 1 1 1 11 7 12 1 1 1 100 1 11 12 1 1 100 1 10 12 1 1 11 12 1 1 11 12 1 1 100 1 10 12 100 1 10 12 1 100 1 10 100 1 10 7 1 7 1 1 1 1 1 1 1 1 1 1 1 1 1 1 1 1 1 1 1 1 1 1 1 1 1 1 1 1 1 1 1 1 1 1 1 1 1 1 1 1 1 1 1 1 1 1 1 1 1 1 100 1 8 1 1 12 10 1 1 1 8 1 1 1 8 1 1 8 1 1 1 8 1 1 1 8 1 1 1 8 1 1 1 8 1 1 1 8 1 1 1 8 1 1 1 8 1 1 8 1
ciMethod java/util/Map computeIfAbsent (Ljava/lang/Object;Ljava/util/function/Function;)Ljava/lang/Object; 0 0 1 0 -1
ciMethod java/util/Map getOrDefault (Ljava/lang/Object;Ljava/lang/Object;)Ljava/lang/Object; 0 0 1 0 -1
ciMethod java/util/LinkedHashMap get (Ljava/lang/Object;)Ljava/lang/Object; 1024 0 8763 0 0
ciMethod java/util/LinkedHashMap afterNodeAccess (Ljava/util/HashMap$Node;)V 132 0 66 0 -1
ciMethod java/util/Iterator forEachRemaining (Ljava/util/function/Consumer;)V 278 7688 73 0 -1
instanceKlass java/util/JumboEnumSet
instanceKlass java/util/RegularEnumSet
ciInstanceKlass java/util/EnumSet 1 1 243 10 7 12 1 1 1 9 7 12 1 1 1 9 12 1 1 10 12 1 1 7 1 7 1 10 10 12 1 1 8 1 10 12 1 10 12 1 1 10 12 1 7 1 10 12 1 7 1 10 10 12 1 1 10 12 1 10 12 1 1 11 7 12 1 1 1 100 1 8 1 10 11 12 1 1 11 7 12 1 1 1 7 1 10 12 1 1 11 12 1 10 12 1 1 10 12 1 1 10 12 1 10 12 1 1 10 12 1 1 8 1 10 12 1 1 10 7 12 1 100 1 100 1 10 12 1 10 12 1 10 7 12 1 1 8 1 10 7 12 1 1 1 11 7 12 1 1 100 1 10 12 1 100 1 8 1 10 7 1 7 1 1 1 1 5 0 1 1 1 1 1 1 1 1 1 1 1 1 100 1 1 1 1 1 1 1 1 1 1 1 1 1 1 1 1 1 1 1 1 1 1 1 1 1 1 1 1 1 1 1 1 1 1 1 1 1 1 1 1 1 1 1 1 1 1 1 1 1 1 1 1 1 1 1 1 1 1 1 1 1 1 1
ciMethod java/util/EnumSet noneOf (Ljava/lang/Class;)Ljava/util/EnumSet; 3456 0 950 0 -1
ciInstanceKlass java/util/function/Supplier 1 0 14 100 1 100 1 1 1 1 1 1 1 1 1 1
ciMethod java/util/function/Supplier get ()Ljava/lang/Object; 0 0 1 0 -1
ciInstanceKlass java/lang/invoke/DirectMethodHandle$Constructor 1 1 91 10 7 12 1 1 1 9 7 12 1 1 1 9 12 1 1 9 12 1 1 10 100 12 1 1 1 100 1 10 12 1 9 12 1 9 12 1 10 12 1 10 12 1 1 9 12 1 1 10 12 1 1 10 7 12 1 1 1 1 1 1 1 1 1 1 1 1 1 1 100 1 100 1 1 1 1 1 1 1 1 1 1 1 1 1 1 1 1 1 1
staticfield java/lang/invoke/DirectMethodHandle$Constructor $assertionsDisabled Z 1
ciInstanceKlass java/nio/file/Path 1 1 208 10 7 12 1 1 1 10 7 12 1 1 1 10 100 12 1 1 1 100 1 8 1 10 12 1 1 8 1 10 7 12 1 1 1 10 12 1 1 10 100 12 1 1 10 12 1 1 11 7 12 1 1 1 11 7 12 1 1 1 11 12 1 1 10 100 1 7 1 10 12 1 8 1 10 12 1 1 8 1 10 12 1 10 11 7 12 1 1 11 12 1 1 11 12 1 11 12 1 1 100 1 10 11 12 1 1 11 12 1 7 1 11 10 100 1 8 1 10 100 1 11 12 1 1 7 1 10 12 1 11 12 1 1 7 1 7 1 7 1 7 1 1 1 1 1 1 1 1 1 1 1 1 1 1 1 1 1 1 1 1 1 1 1 1 1 1 1 1 1 1 1 1 1 1 1 1 100 1 1 1 1 1 1 1 1 1 1 1 1 1 1 1 1 1 1 1 1 1 1 1 1 100 1 1 100 1 1
ciInstanceKlass java/nio/file/Watchable 1 0 25 100 1 100 1 1 1 1 100 1 1 1 1 1 1 1 1 100 1 100 1 1 100 1 1
ciInstanceKlass java/util/function/Predicate 1 1 101 10 100 12 1 1 1 18 12 1 1 18 12 1 18 18 12 1 18 12 1 11 7 12 1 1 10 7 12 1 1 1 11 12 1 1 1 1 1 1 1 1 1 1 1 1 1 1 1 1 1 1 1 1 1 1 1 1 1 1 1 1 1 1 1 1 1 1 1 1 1 16 15 11 12 15 11 12 15 11 12 15 10 12 1 15 11 12 15 10 100 12 1 1 1 1 100 1 100 1 1
ciMethod java/util/function/Predicate test (Ljava/lang/Object;)Z 0 0 1 0 -1
ciInstanceKlass java/util/ArrayList$ArrayListSpliterator 1 1 101 9 7 12 1 1 1 10 7 12 1 1 1 9 12 1 1 9 12 1 9 12 1 9 7 12 1 1 9 12 1 10 12 1 1 10 12 1 100 1 10 9 12 1 1 11 7 12 1 1 1 100 1 10 100 1 10 12 1 1 1 1 1 1 1 1 1 1 1 1 1 1 1 1 1 1 1 1 1 1 1 1 1 1 1 1 1 1 1 100 1 1 1 1 1 1 1 1 1 1 1
ciMethod java/util/ArrayList$ArrayListSpliterator forEachRemaining (Ljava/util/function/Consumer;)V 410 24 137 0 0
ciMethod java/util/ArrayList$ArrayListSpliterator characteristics ()I 284 0 142 0 0
ciMethod java/util/ArrayList$ArrayListSpliterator getFence ()I 1024 0 3125 0 0
ciMethod java/util/ArrayList$ArrayListSpliterator estimateSize ()J 460 0 155 0 0
ciInstanceKlass java/util/function/IntFunction 1 0 14 100 1 100 1 1 1 1 1 1 1 1 1 1
instanceKlass java/util/LinkedHashMap$Entry
ciInstanceKlass java/util/HashMap$Node 1 1 95 10 7 12 1 1 1 9 7 12 1 1 1 9 12 1 1 9 12 1 9 12 1 1 7 1 10 10 12 1 1 8 1 10 12 1 10 12 1 1 10 100 12 1 1 1 7 1 11 12 1 1 10 12 1 1 11 12 1 1 1 1 1 1 1 1 1 1 1 1 1 1 1 1 1 1 1 1 1 1 1 1 1 1 1 1 1 1 100 1 1 1 7 1 1
ciInstanceKlass java/util/HashMap$TreeNode 0 0 250 100 1 10 100 12 1 1 1 9 100 12 1 1 1 9 12 1 1 9 12 1 9 12 1 1 9 12 1 1 10 12 1 1 100 1 10 12 1 9 12 1 9 12 1 9 12 1 1 10 100 12 1 1 1 10 12 1 1 10 12 1 1 10 12 1 1 10 12 1 1 10 12 1 1 10 100 12 1 1 1 10 100 12 1 1 1 10 100 12 1 1 1 9 12 1 10 12 1 1 10 12 1 1 10 12 1 1 10 12 1 1 9 100 1 10 12 1 1 10 12 1 1 10 12 1 10 12 1 1 10 12 1 10 12 1 10 12 1 1 1 1 1 1 1 1 1 1 1 1 1 1 1 1 1 1 1 1 1 1 1 1 1 1 100 1 1 1 1 1 1 1 1 1 1 1 1 1 1 1 1 1 1 1 1 1 1 1 1 1 1 1 1 1 1 1 1 1 1 1 1 1 1 1 1 1 1 1 1 1 1 1 1 1 1 1 1 1 1 1 1 1 1 1 1 1 1 1 1 1 1 1 1 1 1 1 1 1 1 1 1 1 1 1 1 100 1 1 1 1
ciMethod java/util/HashMap$TreeNode getTreeNode (ILjava/lang/Object;)Ljava/util/HashMap$TreeNode; 0 0 1 0 -1
ciInstanceKlass java/util/Collections$EmptyIterator 1 1 57 10 7 12 1 1 1 100 1 10 100 1 10 10 100 12 1 1 1 7 1 10 9 12 1 1 100 1 1 1 1 1 1 1 1 1 1 1 1 1 1 1 1 1 1 1 1 1 1 1 1 1 1 100 1 1 1
staticfield java/util/Collections$EmptyIterator EMPTY_ITERATOR Ljava/util/Collections$EmptyIterator; java/util/Collections$EmptyIterator
ciMethod java/util/Collections$EmptyIterator hasNext ()Z 1308 0 654 0 0
ciInstanceKlass java/util/Collections$EmptyMap 1 1 125 10 7 12 1 1 1 10 7 12 1 1 1 100 1 11 12 1 1 10 100 12 1 1 1 100 1 10 9 12 1 1 100 1 100 1 1 1 1 5 0 1 1 1 1 1 1 1 1 1 1 1 1 1 1 1 1 1 1 1 1 1 1 1 1 1 1 1 1 1 1 1 1 1 1 1 1 1 1 1 1 1 1 1 1 1 1 1 1 1 1 1 1 1 1 1 1 1 1 1 1 1 1 1 1 1 1 1 1 1 1 1 1 1 1 1 1 1 1 1 1 1 100 1 1
ciMethod java/util/Collections$EmptyMap get (Ljava/lang/Object;)Ljava/lang/Object; 336 0 168 0 0
ciInstanceKlass java/lang/invoke/BoundMethodHandle$Species_L 1 1 126 10 7 12 1 1 1 9 7 12 1 1 1 9 12 1 1 10 12 1 9 7 12 1 1 1 10 7 12 1 1 1 10 12 1 1 10 7 12 1 1 1 100 1 10 100 12 1 1 1 9 12 1 10 12 1 9 12 1 10 12 1 9 12 1 10 12 1 9 12 1 10 12 1 10 12 1 1 10 12 1 1 1 1 1 1 1 1 1 1 1 1 1 1 1 1 1 1 1 1 1 1 1 1 1 1 1 1 1 1 1 1 1 1 1 1 1 1 1 1 1 1 1 100 1 1
ciInstanceKlass java/util/Spliterators$IteratorSpliterator 1 1 137 10 7 12 1 1 1 9 7 12 1 1 1 9 12 1 1 100 1 9 12 1 1 9 12 1 1 100 1 5 0 11 7 12 1 1 1 11 12 1 1 11 7 12 1 1 1 9 12 1 3 11 12 1 1 100 1 10 12 1 5 0 10 12 1 100 1 10 11 12 1 1 11 7 12 1 1 1 10 12 1 1 100 1 10 1 1 3 1 1 1 1 1 1 1 1 1 1 1 1 1 1 1 1 1 1 1 1 1 1 1 1 1 1 100 1 1 1 1 1 1 1 1 1 1 1 1 1 1 1 1 1 100 1 1 1 1
ciMethod java/util/Spliterators$IteratorSpliterator forEachRemaining (Ljava/util/function/Consumer;)V 278 0 73 0 0
ciMethod java/util/Spliterators$IteratorSpliterator characteristics ()I 280 0 140 0 0
ciMethod java/util/Spliterators$IteratorSpliterator tryAdvance (Ljava/util/function/Consumer;)Z 1024 0 5384 0 0
ciMethod java/util/Spliterators$IteratorSpliterator estimateSize ()J 1024 0 1955 0 0
ciMethod java/util/Spliterators$IteratorSpliterator <init> (Ljava/util/Collection;I)V 682 0 1854 0 0
ciInstanceKlass java/util/stream/TerminalOp 1 1 55 9 100 12 1 1 1 9 100 12 1 1 1 11 7 12 1 1 1 8 1 10 12 1 1 11 12 1 1 7 1 1 1 1 1 1 1 1 1 1 1 1 1 1 1 1 1 1 1 1 1 1 1 1 1
ciMethod java/util/stream/TerminalOp inputShape ()Ljava/util/stream/StreamShape; 0 0 1 0 -1
ciMethod java/util/stream/TerminalOp getOpFlags ()I 14 0 1 0 -1
ciMethod java/util/stream/TerminalOp evaluateParallel (Ljava/util/stream/PipelineHelper;Ljava/util/Spliterator;)Ljava/lang/Object; 0 0 1 0 -1
ciMethod java/util/stream/TerminalOp evaluateSequential (Ljava/util/stream/PipelineHelper;Ljava/util/Spliterator;)Ljava/lang/Object; 0 0 1 0 -1
ciInstanceKlass java/util/stream/Sink 1 1 73 100 1 8 1 10 12 1 1 7 1 7 1 7 1 1 1 1 1 1 1 1 1 1 1 1 1 1 1 1 1 1 1 1 1 1 1 1 1 1 1 100 1 100 1 100 1 100 1 100 1 100 1 100 1 1 1 1 1 1 1 1 1 1 100 1 8 1 1 12 10 1 1
ciMethod java/util/stream/Sink begin (J)V 1024 0 1936 0 0
ciMethod java/util/stream/Sink end ()V 1024 0 2113 0 0
ciMethod java/util/stream/Sink accept (Ljava/lang/Object;)V 0 0 1 0 -1
ciMethod java/util/stream/Sink cancellationRequested ()Z 790 0 395 0 -1
ciInstanceKlass java/util/stream/Node$Builder 1 0 38 7 1 7 1 7 1 1 1 1 1 1 1 1 1 100 1 1 1 100 1 1 100 1 1 100 1 1 1 100 1 8 1 1 12 10 1 1
ciInstanceKlass java/util/stream/Node 1 1 147 100 1 10 12 1 1 11 7 12 1 1 1 11 12 1 1 10 100 12 1 1 1 11 100 12 1 1 1 18 12 1 1 11 100 12 1 1 1 11 12 1 1 11 12 1 11 12 1 1 9 100 12 1 1 1 7 1 1 1 1 1 1 1 1 1 1 1 1 1 1 1 1 1 1 1 1 1 1 1 1 1 1 1 1 1 1 1 1 1 1 100 1 1 1 1 1 1 1 1 1 1 1 1 1 1 1 1 1 1 100 1 100 1 100 1 100 1 100 1 100 1 100 1 1 16 15 11 12 15 10 100 12 1 1 1 1 1 1 1 1 1 100 1 100 1 1
ciMethod java/util/stream/Node spliterator ()Ljava/util/Spliterator; 0 0 1 0 -1
ciInstanceKlass java/util/stream/FindOps$FindSink$OfRef 1 1 105 10 7 12 1 1 1 9 7 12 1 1 1 9 12 1 1 10 7 12 1 1 1 10 12 1 1 7 1 9 7 12 1 1 1 10 12 1 18 12 1 1 18 12 1 10 12 1 9 12 1 1 9 12 1 1 1 1 1 1 1 1 1 1 1 1 1 1 1 1 1 1 7 1 1 16 1 15 10 12 1 1 16 1 16 15 10 16 1 15 10 7 12 1 1 1 1 1 1 1 100 1 100 1 1
staticfield java/util/stream/FindOps$FindSink$OfRef OP_FIND_FIRST Ljava/util/stream/TerminalOp; java/util/stream/FindOps$FindOp
staticfield java/util/stream/FindOps$FindSink$OfRef OP_FIND_ANY Ljava/util/stream/TerminalOp; java/util/stream/FindOps$FindOp
ciInstanceKlass java/util/stream/TerminalSink 1 0 27 7 1 7 1 7 1 7 1 1 1 1 1 1 100 1 8 1 1 12 10 1 1 1 8 1 1
instanceKlass java/util/stream/FindOps$FindSink$OfRef
ciInstanceKlass java/util/stream/FindOps$FindSink 1 1 64 10 7 12 1 1 1 9 7 12 1 1 1 9 12 1 1 7 1 1 1 1 1 1 1 1 1 1 1 1 1 1 1 1 1 1 1 1 100 1 1 1 100 1 1 100 1 1 100 1 1 100 1 1 1 100 1 8 1 1 12 10 1 1
ciMethod java/util/stream/FindOps$FindSink accept (Ljava/lang/Object;)V 188 0 44 0 0
ciInstanceKlass java/util/stream/StreamShape 1 1 59 7 1 9 12 1 1 9 12 1 9 12 1 9 12 1 9 12 1 1 10 100 12 1 1 10 7 12 1 1 1 10 12 1 1 8 10 8 8 8 10 12 1 1 1 1 1 1 1 1 1 1 1 1 1 1 1 1 1
staticfield java/util/stream/StreamShape REFERENCE Ljava/util/stream/StreamShape; java/util/stream/StreamShape
staticfield java/util/stream/StreamShape INT_VALUE Ljava/util/stream/StreamShape; java/util/stream/StreamShape
staticfield java/util/stream/StreamShape LONG_VALUE Ljava/util/stream/StreamShape; java/util/stream/StreamShape
staticfield java/util/stream/StreamShape DOUBLE_VALUE Ljava/util/stream/StreamShape; java/util/stream/StreamShape
staticfield java/util/stream/StreamShape $VALUES [Ljava/util/stream/StreamShape; 4 [Ljava/util/stream/StreamShape;
instanceKlass java/util/stream/ReferencePipeline$7$1
instanceKlass java/util/stream/ReferencePipeline$2$1
instanceKlass java/util/stream/ReferencePipeline$3$1
ciInstanceKlass java/util/stream/Sink$ChainedReference 1 1 61 10 7 12 1 1 1 10 7 12 1 1 1 7 1 9 7 12 1 1 1 11 12 1 1 11 12 1 11 12 1 1 1 1 1 1 1 1 1 1 1 1 1 1 1 1 1 1 1 1 1 1 100 1 8 1 1 12 10 1 1
ciMethod java/util/stream/Sink$ChainedReference begin (J)V 1024 0 1917 0 0
ciMethod java/util/stream/Sink$ChainedReference end ()V 1024 0 2116 0 0
ciMethod java/util/stream/Sink$ChainedReference cancellationRequested ()Z 794 0 11399 0 0
ciMethod java/util/stream/Sink$ChainedReference <init> (Ljava/util/stream/Sink;)V 1024 0 2116 0 0
ciInstanceKlass java/util/stream/ReduceOps$3 1 1 88 9 7 12 1 1 1 9 12 1 1 9 12 1 1 9 12 1 1 10 7 12 1 1 1 7 1 10 12 1 11 7 12 1 1 1 9 7 12 1 1 1 11 7 12 1 1 1 9 7 12 1 1 1 10 12 1 1 1 1 1 1 1 1 1 1 1 1 1 1 1 1 1 1 1 100 1 12 1 1 1 1 1 1 1 100 1 1
ciInstanceKlass java/util/stream/ReduceOps$3ReducingSink 1 1 82 9 7 12 1 1 1 9 12 1 1 9 12 1 1 10 7 12 1 1 1 11 7 12 1 1 1 9 12 1 1 11 7 12 1 1 1 11 100 12 1 1 1 10 12 1 1 100 1 1 1 1 1 1 1 1 1 1 1 1 1 1 1 1 1 1 1 1 1 1 1 1 100 1 12 1 1 1 1 1 1 1
ciInstanceKlass java/util/stream/ReferencePipeline$2 1 1 55 9 7 12 1 1 1 10 7 12 1 1 1 7 1 10 12 1 1 1 1 1 1 1 1 1 1 1 1 1 1 1 1 1 1 1 1 1 1 1 1 1 1 1 1 1 1 100 1 12 1 1 1 1 1
instanceKlass java/util/stream/ReferencePipeline$7
instanceKlass java/util/stream/ReferencePipeline$3
instanceKlass java/util/stream/ReferencePipeline$2
ciInstanceKlass java/util/stream/ReferencePipeline$StatelessOp 1 1 63 10 7 12 1 1 1 9 7 12 1 1 1 10 100 12 1 1 1 100 1 10 12 1 10 12 1 1 10 7 12 1 1 1 1 1 1 1 1 1 1 1 1 1 1 1 1 1 1 1 100 1 1 1 1 1 1 1 1 1 1 1 1
staticfield java/util/stream/ReferencePipeline$StatelessOp $assertionsDisabled Z 1
ciMethod java/util/stream/ReferencePipeline$StatelessOp opIsStateful ()Z 364 0 182 0 0
ciMethod java/util/stream/AbstractPipeline opWrapSink (ILjava/util/stream/Sink;)Ljava/util/stream/Sink; 0 0 1 0 -1
ciMethod java/util/stream/ReferencePipeline$StatelessOp <init> (Ljava/util/stream/AbstractPipeline;Ljava/util/stream/StreamShape;I)V 1024 0 2024 0 0
ciMethod java/util/stream/ReferencePipeline$2 opWrapSink (ILjava/util/stream/Sink;)Ljava/util/stream/Sink; 536 0 199 0 0
ciInstanceKlass java/util/stream/ReferencePipeline$3 1 1 55 9 7 12 1 1 1 10 7 12 1 1 1 7 1 10 12 1 1 1 1 1 1 1 1 1 1 1 1 1 1 1 1 1 1 1 1 1 1 1 1 1 1 1 1 1 1 100 1 12 1 1 1 1 1
ciMethod java/util/stream/ReferencePipeline$3 opWrapSink (ILjava/util/stream/Sink;)Ljava/util/stream/Sink; 1024 0 1917 0 0
ciMethod java/util/stream/ReferencePipeline$3 <init> (Ljava/util/stream/ReferencePipeline;Ljava/util/stream/AbstractPipeline;Ljava/util/stream/StreamShape;ILjava/util/function/Function;)V 1024 0 1824 0 0
ciInstanceKlass java/util/stream/ReferencePipeline$3$1 1 1 61 9 7 12 1 1 1 10 7 12 1 1 1 9 12 1 1 9 7 12 1 1 1 11 7 12 1 1 1 11 7 12 1 1 1 1 1 1 1 1 1 1 1 1 1 1 1 1 1 1 1 1 1 12 1 1 1 100 1 1 1
ciMethod java/util/stream/ReferencePipeline$3$1 accept (Ljava/lang/Object;)V 1024 0 6644 0 0
ciMethod java/util/stream/ReferencePipeline$3$1 <init> (Ljava/util/stream/ReferencePipeline$3;Ljava/util/stream/Sink;)V 1024 0 1917 0 0
ciInstanceKlass java/util/stream/ReferencePipeline$2$1 1 1 70 9 7 12 1 1 1 10 7 12 1 1 1 9 12 1 1 5 0 11 7 12 1 1 1 9 7 12 1 1 1 11 7 12 1 1 1 11 12 1 1 1 1 1 1 1 1 1 1 1 1 1 1 1 1 1 1 1 1 1 1 1 12 1 1 1 100 1 1 1
ciMethod java/util/stream/ReferencePipeline$2$1 accept (Ljava/lang/Object;)V 608 0 3490 0 0
ciMethod java/util/stream/ReferencePipeline$2$1 <init> (Ljava/util/stream/ReferencePipeline$2;Ljava/util/stream/Sink;)V 536 0 199 0 0
instanceKlass sun/nio/fs/WindowsPath$WindowsPathWithAttributes
ciInstanceKlass sun/nio/fs/WindowsPath 1 1 626 100 1 10 7 12 1 1 1 9 7 12 1 1 1 9 12 1 1 9 12 1 1 9 12 1 10 7 12 1 1 1 10 7 12 1 1 10 12 1 10 12 10 12 1 10 12 1 7 1 10 12 1 100 1 100 1 10 12 1 10 12 1 10 12 1 1 10 12 1 1 10 12 1 1 10 7 12 1 1 1 9 12 1 1 10 7 12 1 1 1 10 12 1 100 1 8 1 10 12 1 10 100 12 1 1 1 10 12 1 9 7 12 1 1 10 9 12 1 10 12 1 1 10 7 12 1 1 10 12 1 8 1 10 12 1 1 7 1 10 10 12 1 1 10 12 1 10 12 1 10 12 1 9 12 1 10 12 1 10 12 1 1 10 12 1 1 10 10 12 1 1 8 1 8 1 8 1 10 12 1 1 10 7 12 1 1 1 8 1 8 1 10 12 1 8 1 10 12 1 8 1 10 12 1 1 10 12 1 1 9 12 1 9 12 1 100 1 10 100 1 10 10 12 1 10 12 1 10 12 1 1 10 12 1 1 10 12 1 100 1 8 1 10 10 12 1 8 1 10 12 1 10 12 1 10 7 12 1 1 1 10 12 1 1 10 12 1 1 8 1 10 12 1 8 1 8 1 10 10 10 12 1 10 12 1 9 7 12 1 1 1 10 12 1 10 9 12 1 1 7 1 10 10 7 12 1 1 1 10 12 1 10 12 1 10 12 1 1 7 10 12 1 10 12 1 10 7 1 10 12 1 10 12 1 10 10 7 12 1 1 1 10 12 1 1 9 12 1 1 3 3 10 12 1 1 10 12 1 10 12 1 1 10 12 10 12 1 1 3 10 100 12 1 1 1 10 12 1 8 1 10 12 1 1 10 7 12 1 1 1 10 12 1 10 7 12 1 1 10 12 1 10 12 1 10 7 12 1 1 1 8 1 10 12 1 100 1 100 1 10 10 10 12 1 10 12 10 7 12 1 1 1 10 7 12 1 1 1 100 1 10 100 12 1 1 1 100 1 9 100 12 1 1 1 10 100 12 1 1 8 1 10 12 1 1 10 12 1 1 10 12 1 10 12 1 10 12 1 10 12 1 7 1 1 1 3 1 3 1 1 1 1 1 1 1 1 1 1 1 1 1 1 100 1 1 1 1 1 1 1 1 1 1 7 1 1 1 1 1 1 1 1 1 1 1 1 1 1 1 1 1 1 1 1 1 1 1 1 1 1 1 1 1 1 1 1 1 1 1 1 100 1 1 1 1 1 1 1 1 1 1 1 1 1 1 1 1 1 1 1 1 1 1 1 1 1 1 1 1 1 1 1 1 1 1 1 1 1 1 1 1 1 1 1 1 1 1 1 1 100 1 100 1 1 1 1 1 1 1 1 1 1 1 1 1 1 100 1 100 1 1 1 100 1 1
ciMethod java/util/stream/StreamOpFlag fromCharacteristics (Ljava/util/Spliterator;)I 1024 0 2049 0 0
ciMethod java/util/stream/StreamOpFlag isKnown (I)Z 2280 0 2142 0 0
ciMethod java/util/stream/StreamOpFlag combineOpFlags (II)I 666 0 2178 0 0
ciMethod java/util/stream/StreamOpFlag getMask (I)I 666 0 2201 0 0
ciMethod java/util/stream/ReferencePipeline$Head <init> (Ljava/util/Spliterator;IZ)V 1024 0 2049 0 0
ciMethod java/util/stream/ReferencePipeline <init> (Ljava/util/stream/AbstractPipeline;I)V 1024 0 2024 0 0
ciMethod java/util/stream/ReferencePipeline <init> (Ljava/util/Spliterator;IZ)V 1024 0 2049 0 0
ciMethod java/util/stream/AbstractPipeline opIsStateful ()Z 0 0 1 0 -1
ciMethod java/util/stream/AbstractPipeline <init> (Ljava/util/stream/AbstractPipeline;I)V 1024 0 2024 0 0
ciMethod java/util/stream/AbstractPipeline <init> (Ljava/util/Spliterator;IZ)V 1024 0 2049 0 0
ciMethod java/util/stream/AbstractPipeline sourceSpliterator (I)Ljava/util/Spliterator; 4280 0 2116 0 0
ciMethod java/util/stream/AbstractPipeline getOutputShape ()Ljava/util/stream/StreamShape; 0 0 1 0 -1
ciMethod java/util/stream/AbstractPipeline evaluate (Ljava/util/stream/TerminalOp;)Ljava/lang/Object; 848 0 2030 0 0
ciMethod java/util/stream/AbstractPipeline forEachWithCancel (Ljava/util/Spliterator;Ljava/util/stream/Sink;)Z 0 0 1 0 -1
ciMethod java/util/stream/PipelineHelper <init> ()V 1024 0 4061 0 0
ciMethod java/util/stream/PipelineHelper wrapAndCopyInto (Ljava/util/stream/Sink;Ljava/util/Spliterator;)Ljava/util/stream/Sink; 0 0 1 0 -1
ciMethod java/util/function/Consumer accept (Ljava/lang/Object;)V 0 0 1 0 -1
ciMethod java/util/Collections emptyMap ()Ljava/util/Map; 3704 0 15620 0 0
ciMethod java/util/HashMap getNode (Ljava/lang/Object;)Ljava/util/HashMap$Node; 10866 232 8224 0 696
ciMethod java/util/HashMap hash (Ljava/lang/Object;)I 522 0 27785 0 0
ciMethod java/util/Collection size ()I 0 0 1 0 -1
ciMethod java/util/Collection iterator ()Ljava/util/Iterator; 0 0 1 0 -1
ciMethod java/util/Arrays copyOf ([JI)[J 0 0 1 0 -1
ciMethod java/util/Arrays copyOf ([Ljava/lang/Object;I)[Ljava/lang/Object; 46 0 360 0 -1
ciMethod java/lang/Math min (II)I 522 0 35998 0 -1
ciMethod jdk/internal/misc/Unsafe allocateInstance (Ljava/lang/Class;)Ljava/lang/Object; 256 0 128 0 -1
ciMethod java/util/Iterator next ()Ljava/lang/Object; 0 0 1 0 -1
ciMethod java/util/Iterator hasNext ()Z 0 0 1 0 -1
ciMethod java/lang/String substring (I)Ljava/lang/String; 5102 0 23998 0 -1
ciMethod java/lang/String substring (II)Ljava/lang/String; 778 0 12606 0 -1
ciMethod java/lang/String lastIndexOf (I)I 768 0 21758 0 -1
ciMethod java/lang/String checkBoundsBeginEnd (III)V 770 0 12660 0 -1
ciMethod java/lang/String isLatin1 ()Z 1024 0 256990 0 -1
ciMethod java/lang/StringBuilder append (C)Ljava/lang/StringBuilder; 776 0 170498 0 -1
ciMethod java/lang/StringBuilder append (Ljava/lang/String;)Ljava/lang/StringBuilder; 12 0 95227 0 -1
ciMethod java/lang/StringBuilder append (Ljava/lang/Object;)Ljava/lang/StringBuilder; 0 0 5 0 -1
ciMethod java/lang/StringBuilder <init> ()V 10 0 31879 0 -1
ciMethod java/lang/StringBuilder <init> (I)V 516 0 7308 0 -1
ciMethod java/util/Map put (Ljava/lang/Object;Ljava/lang/Object;)Ljava/lang/Object; 0 0 1 0 -1
ciMethod java/util/Map get (Ljava/lang/Object;)Ljava/lang/Object; 0 0 1 0 -1
ciMethod java/lang/Boolean valueOf (Z)Ljava/lang/Boolean; 1024 0 2269 0 0
ciMethod java/lang/Boolean booleanValue ()Z 308 0 154 0 -1
ciMethod java/lang/Object getClass ()Ljava/lang/Class; 256 0 128 0 -1
ciMethod java/lang/Object <init> ()V 1024 0 359563 0 136
ciInstanceKlass  @bci com/sun/tools/javac/comp/Infer$CheckBounds <init> (Lcom/sun/tools/javac/comp/Infer;Lcom/sun/tools/javac/code/Type$UndetVar;Lcom/sun/tools/javac/code/Type;Lcom/sun/tools/javac/code/Type$UndetVar$InferenceBound;)V 4 <appendix> form vmentry <vmtarget> ; 1 1 35 1 7 1 100 1 1 1 1 1 1 1 7 1 1 12 9 1 1 1 1 1 7 1 1 12 10 1 7 12 9 1 1 1 1
staticfield  @bci com/sun/tools/javac/comp/Infer$CheckBounds <init> (Lcom/sun/tools/javac/comp/Infer;Lcom/sun/tools/javac/code/Type$UndetVar;Lcom/sun/tools/javac/code/Type;Lcom/sun/tools/javac/code/Type$UndetVar$InferenceBound;)V 4 <appendix> form vmentry <vmtarget> ; _D_0 Ljava/lang/invoke/LambdaForm; java/lang/invoke/LambdaForm
instanceKlass com/sun/tools/javac/util/JCDiagnostic$Note
instanceKlass com/sun/tools/javac/util/JCDiagnostic$Warning
instanceKlass com/sun/tools/javac/util/JCDiagnostic$Fragment
instanceKlass com/sun/tools/javac/util/JCDiagnostic$Error
ciInstanceKlass com/sun/tools/javac/util/JCDiagnostic$DiagnosticInfo 1 1 97 10 7 12 1 1 1 9 7 12 1 1 1 9 12 1 1 9 12 1 9 12 1 1 100 1 10 10 12 1 1 8 1 9 7 12 1 1 10 12 1 1 10 12 1 1 100 1 10 12 1 100 1 10 100 1 10 7 1 10 8 1 10 12 1 10 100 12 1 1 1 1 1 1 1 1 1 1 1 1 1 1 1 1 1 1 1 1 7 1 1 1 1 1 1 1 1
ciInstanceKlass javax/tools/JavaFileObject 1 0 22 100 1 100 1 100 1 1 1 1 1 1 1 1 1 1 1 1 100 1 1 1
ciInstanceKlass com/sun/tools/javac/util/Assert 1 1 83 10 100 12 1 1 1 10 100 12 1 1 1 10 12 1 10 12 1 10 12 1 11 100 12 1 1 1 100 1 10 12 1 1 10 12 1 10 100 1 1 1 1 1 1 1 1 1 1 1 1 1 1 1 1 1 1 1 1 1 1 1 1 1 1 1 1 1 1 1 1 1 1 1 1 1 1 1 1 1 1 1 1
ciInstanceKlass com/sun/tools/javac/code/Lint$LintCategory 1 1 280 7 1 9 12 1 1 9 12 1 9 12 1 9 12 1 9 12 1 9 12 1 9 12 1 9 12 1 9 12 1 9 12 1 9 12 1 9 12 1 9 12 1 9 12 1 9 12 1 9 12 1 9 12 1 9 12 1 9 12 1 9 12 1 9 12 1 9 12 1 9 12 1 9 12 1 9 12 1 9 12 1 9 12 1 9 12 1 9 12 1 9 12 1 9 12 1 9 12 1 9 12 1 9 12 1 9 12 1 1 10 7 12 1 1 10 7 12 1 1 1 10 12 1 1 10 12 1 9 12 1 1 9 12 1 1 9 7 12 1 1 1 11 7 12 1 1 1 11 12 1 1 8 8 1 10 12 1 8 8 1 8 8 1 8 8 1 8 8 1 8 8 1 8 8 1 8 8 1 8 8 1 8 8 1 8 8 1 8 8 1 8 8 1 8 8 1 8 8 1 8 8 1 8 8 1 8 8 1 8 8 1 8 8 1 8 8 1 8 8 1 8 8 1 8 8 1 8 8 1 8 8 1 8 8 1 8 8 1 8 8 1 8 8 1 8 8 1 8 8 1 8 8 1 8 8 1 10 12 1 1 1 1 1 1 1 1 1 1 1 1 1 1 1 1 1 1 1 1 1
staticfield com/sun/tools/javac/code/Lint$LintCategory AUXILIARYCLASS Lcom/sun/tools/javac/code/Lint$LintCategory; com/sun/tools/javac/code/Lint$LintCategory
staticfield com/sun/tools/javac/code/Lint$LintCategory CAST Lcom/sun/tools/javac/code/Lint$LintCategory; com/sun/tools/javac/code/Lint$LintCategory
staticfield com/sun/tools/javac/code/Lint$LintCategory CLASSFILE Lcom/sun/tools/javac/code/Lint$LintCategory; com/sun/tools/javac/code/Lint$LintCategory
staticfield com/sun/tools/javac/code/Lint$LintCategory DEPRECATION Lcom/sun/tools/javac/code/Lint$LintCategory; com/sun/tools/javac/code/Lint$LintCategory
staticfield com/sun/tools/javac/code/Lint$LintCategory DEP_ANN Lcom/sun/tools/javac/code/Lint$LintCategory; com/sun/tools/javac/code/Lint$LintCategory
staticfield com/sun/tools/javac/code/Lint$LintCategory DIVZERO Lcom/sun/tools/javac/code/Lint$LintCategory; com/sun/tools/javac/code/Lint$LintCategory
staticfield com/sun/tools/javac/code/Lint$LintCategory EMPTY Lcom/sun/tools/javac/code/Lint$LintCategory; com/sun/tools/javac/code/Lint$LintCategory
staticfield com/sun/tools/javac/code/Lint$LintCategory EXPORTS Lcom/sun/tools/javac/code/Lint$LintCategory; com/sun/tools/javac/code/Lint$LintCategory
staticfield com/sun/tools/javac/code/Lint$LintCategory FALLTHROUGH Lcom/sun/tools/javac/code/Lint$LintCategory; com/sun/tools/javac/code/Lint$LintCategory
staticfield com/sun/tools/javac/code/Lint$LintCategory FINALLY Lcom/sun/tools/javac/code/Lint$LintCategory; com/sun/tools/javac/code/Lint$LintCategory
staticfield com/sun/tools/javac/code/Lint$LintCategory LOSSY_CONVERSIONS Lcom/sun/tools/javac/code/Lint$LintCategory; com/sun/tools/javac/code/Lint$LintCategory
staticfield com/sun/tools/javac/code/Lint$LintCategory MISSING_EXPLICIT_CTOR Lcom/sun/tools/javac/code/Lint$LintCategory; com/sun/tools/javac/code/Lint$LintCategory
staticfield com/sun/tools/javac/code/Lint$LintCategory MODULE Lcom/sun/tools/javac/code/Lint$LintCategory; com/sun/tools/javac/code/Lint$LintCategory
staticfield com/sun/tools/javac/code/Lint$LintCategory OPENS Lcom/sun/tools/javac/code/Lint$LintCategory; com/sun/tools/javac/code/Lint$LintCategory
staticfield com/sun/tools/javac/code/Lint$LintCategory OPTIONS Lcom/sun/tools/javac/code/Lint$LintCategory; com/sun/tools/javac/code/Lint$LintCategory
staticfield com/sun/tools/javac/code/Lint$LintCategory OUTPUT_FILE_CLASH Lcom/sun/tools/javac/code/Lint$LintCategory; com/sun/tools/javac/code/Lint$LintCategory
staticfield com/sun/tools/javac/code/Lint$LintCategory OVERLOADS Lcom/sun/tools/javac/code/Lint$LintCategory; com/sun/tools/javac/code/Lint$LintCategory
staticfield com/sun/tools/javac/code/Lint$LintCategory OVERRIDES Lcom/sun/tools/javac/code/Lint$LintCategory; com/sun/tools/javac/code/Lint$LintCategory
staticfield com/sun/tools/javac/code/Lint$LintCategory PATH Lcom/sun/tools/javac/code/Lint$LintCategory; com/sun/tools/javac/code/Lint$LintCategory
staticfield com/sun/tools/javac/code/Lint$LintCategory PROCESSING Lcom/sun/tools/javac/code/Lint$LintCategory; com/sun/tools/javac/code/Lint$LintCategory
staticfield com/sun/tools/javac/code/Lint$LintCategory RAW Lcom/sun/tools/javac/code/Lint$LintCategory; com/sun/tools/javac/code/Lint$LintCategory
staticfield com/sun/tools/javac/code/Lint$LintCategory REMOVAL Lcom/sun/tools/javac/code/Lint$LintCategory; com/sun/tools/javac/code/Lint$LintCategory
staticfield com/sun/tools/javac/code/Lint$LintCategory REQUIRES_AUTOMATIC Lcom/sun/tools/javac/code/Lint$LintCategory; com/sun/tools/javac/code/Lint$LintCategory
staticfield com/sun/tools/javac/code/Lint$LintCategory REQUIRES_TRANSITIVE_AUTOMATIC Lcom/sun/tools/javac/code/Lint$LintCategory; com/sun/tools/javac/code/Lint$LintCategory
staticfield com/sun/tools/javac/code/Lint$LintCategory SERIAL Lcom/sun/tools/javac/code/Lint$LintCategory; com/sun/tools/javac/code/Lint$LintCategory
staticfield com/sun/tools/javac/code/Lint$LintCategory STATIC Lcom/sun/tools/javac/code/Lint$LintCategory; com/sun/tools/javac/code/Lint$LintCategory
staticfield com/sun/tools/javac/code/Lint$LintCategory STRICTFP Lcom/sun/tools/javac/code/Lint$LintCategory; com/sun/tools/javac/code/Lint$LintCategory
staticfield com/sun/tools/javac/code/Lint$LintCategory SYNCHRONIZATION Lcom/sun/tools/javac/code/Lint$LintCategory; com/sun/tools/javac/code/Lint$LintCategory
staticfield com/sun/tools/javac/code/Lint$LintCategory TEXT_BLOCKS Lcom/sun/tools/javac/code/Lint$LintCategory; com/sun/tools/javac/code/Lint$LintCategory
staticfield com/sun/tools/javac/code/Lint$LintCategory THIS_ESCAPE Lcom/sun/tools/javac/code/Lint$LintCategory; com/sun/tools/javac/code/Lint$LintCategory
staticfield com/sun/tools/javac/code/Lint$LintCategory TRY Lcom/sun/tools/javac/code/Lint$LintCategory; com/sun/tools/javac/code/Lint$LintCategory
staticfield com/sun/tools/javac/code/Lint$LintCategory UNCHECKED Lcom/sun/tools/javac/code/Lint$LintCategory; com/sun/tools/javac/code/Lint$LintCategory
staticfield com/sun/tools/javac/code/Lint$LintCategory VARARGS Lcom/sun/tools/javac/code/Lint$LintCategory; com/sun/tools/javac/code/Lint$LintCategory
staticfield com/sun/tools/javac/code/Lint$LintCategory PREVIEW Lcom/sun/tools/javac/code/Lint$LintCategory; com/sun/tools/javac/code/Lint$LintCategory
staticfield com/sun/tools/javac/code/Lint$LintCategory $VALUES [Lcom/sun/tools/javac/code/Lint$LintCategory; 34 [Lcom/sun/tools/javac/code/Lint$LintCategory;
instanceKlass com/sun/tools/javac/util/Log
ciInstanceKlass com/sun/tools/javac/util/AbstractLog 1 1 173 10 7 12 1 1 1 9 7 12 1 1 1 7 1 10 9 12 1 1 9 12 1 1 10 7 12 1 1 1 10 12 1 1 9 12 1 11 7 12 1 1 1 10 12 1 11 12 1 1 10 100 12 1 1 1 10 12 1 1 10 12 1 10 12 1 1 10 12 1 10 12 1 1 10 12 1 1 10 12 1 10 12 1 1 10 12 1 1 100 1 100 1 10 12 1 1 1 1 1 1 1 1 1 1 1 1 1 1 1 100 1 1 1 1 1 1 1 1 1 1 1 1 1 1 1 1 1 1 1 1 1 1 1 1 1 1 1 1 1 1 1 1 1 1 1 100 1 1 1 1 100 1 1 100 1 1 100 1 1 1 100 1 100 1 1 100 1 1 100 1 1 1
ciInstanceKlass com/sun/tools/javac/util/Log 1 1 821 9 7 12 1 1 1 10 7 12 1 1 1 10 12 1 1 18 12 1 1 10 12 1 1 10 12 1 1 10 12 1 9 12 1 7 1 9 12 1 9 7 12 1 1 1 10 12 1 9 12 1 10 12 1 7 1 7 1 10 12 1 9 12 1 1 11 7 12 1 1 9 12 1 9 12 1 9 12 1 9 12 1 10 7 12 1 1 1 10 7 12 1 1 9 12 1 1 9 12 1 9 12 1 9 12 1 7 1 10 12 1 9 12 1 1 9 12 1 10 12 1 9 12 1 1 7 1 10 12 1 9 12 1 1 7 1 10 12 1 9 12 1 1 10 7 12 1 1 9 12 1 1 100 1 8 1 10 12 1 1 10 7 12 1 1 10 12 1 1 18 12 1 1 10 12 1 1 9 7 12 1 1 1 10 12 1 1 9 12 1 1 9 12 1 9 12 1 9 12 1 8 1 10 12 1 1 9 12 1 8 1 10 12 1 9 12 9 12 1 10 12 1 1 10 12 1 1 9 12 1 9 12 1 10 12 1 9 12 1 8 1 100 1 10 12 7 1 10 12 1 9 12 1 1 8 1 10 12 1 8 1 10 100 12 1 1 1 10 100 12 1 1 1 10 12 1 9 12 1 10 12 1 10 100 12 1 1 1 3 100 1 10 7 12 1 1 1 10 12 1 1 10 7 12 1 1 1 9 12 1 1 10 12 1 1 11 12 10 12 1 1 10 12 1 1 9 7 12 1 1 11 12 1 11 100 12 1 1 1 11 100 12 1 1 1 11 12 1 1 10 12 1 10 12 1 1 100 1 10 12 1 1 10 12 1 11 100 12 1 1 1 11 12 10 100 12 1 10 12 1 10 12 1 1 9 100 12 1 1 1 10 12 1 1 10 12 1 1 100 1 10 10 12 1 1 10 12 1 1 10 12 1 10 10 12 1 1 9 12 1 1 11 100 12 1 1 8 1 100 1 10 12 1 1 10 100 12 1 1 9 12 1 1 10 100 12 1 1 10 12 1 1 100 1 8 1 10 12 1 100 1 10 12 1 1 10 12 1 1 10 12 1 1 10 12 1 1 8 1 8 1 10 12 1 8 1 10 10 12 10 12 1 10 12 1 10 12 1 1 10 12 1 1 10 12 10 12 1 100 1 10 8 1 10 12 1 1 10 12 1 9 12 1 1 10 12 1 1 10 12 1 1 10 12 1 11 12 1 10 12 1 1 10 12 1 1 10 12 1 1 11 100 12 1 1 1 9 100 12 1 1 1 10 100 12 1 1 10 12 1 100 1 10 10 12 1 1 100 1 10 100 1 10 9 100 12 1 1 1 10 12 1 10 12 1 9 12 1 10 100 12 1 10 12 1 10 12 100 1 10 12 1 11 100 12 1 1 8 1 10 12 1 8 1 10 12 1 1 10 12 1 8 1 10 12 1 1 8 1 100 1 10 12 1 10 12 1 7 1 10 1 1 1 1 1 1 1 1 1 1 1 1 1 1 1 1 1 1 1 1 1 1 1 1 1 1 1 1 1 1 1 1 1 1 1 1 1 1 1 1 1 1 1 1 1 1 1 1 1 1 1 1 1 1 100 1 1 1 1 1 1 1 1 1 1 1 1 1 1 1 1 1 1 1 1 1 100 1 1 1 1 1 1 1 1 1 1 1 1 1 1 1 1 1 1 1 1 1 1 1 1 1 1 1 1 1 1 1 1 1 1 1 1 1 1 1 1 1 1 1 1 1 1 100 1 100 1 1 16 1 15 10 12 16 16 15 10 12 15 10 7 12 1 1 1 1 1 100 1 1 1 1 1 1 1 1 1 100 1 100 1 1 1 1 1 100 1 100 1 1
staticfield com/sun/tools/javac/util/Log logKey Lcom/sun/tools/javac/util/Context$Key; com/sun/tools/javac/util/Context$Key
staticfield com/sun/tools/javac/util/Log outKey Lcom/sun/tools/javac/util/Context$Key; com/sun/tools/javac/util/Context$Key
staticfield com/sun/tools/javac/util/Log errKey Lcom/sun/tools/javac/util/Context$Key; com/sun/tools/javac/util/Context$Key
ciInstanceKlass com/sun/tools/javac/util/JCDiagnostic$DiagnosticPosition 1 0 19 100 1 100 1 1 1 1 1 1 1 1 1 1 1 100 1 1 1
ciInstanceKlass com/sun/tools/javac/api/DiagnosticFormatter 1 0 39 100 1 100 1 1 1 1 1 1 1 1 1 1 1 1 1 1 1 1 1 1 1 1 1 1 100 1 100 1 100 1 100 1 1 1 1 1 1
ciInstanceKlass javax/lang/model/AnnotatedConstruct 1 0 17 100 1 100 1 1 1 1 1 1 1 1 1 1 1 1 1
ciInstanceKlass javax/lang/model/element/Element 1 0 39 100 1 100 1 100 1 1 1 1 1 1 1 1 1 1 1 1 1 1 1 1 1 1 1 1 1 1 1 1 1 1 1 1 1 1 1 1 1
ciInstanceKlass javax/lang/model/type/TypeMirror 1 0 30 100 1 100 1 100 1 1 1 1 1 1 1 1 1 1 1 1 1 1 1 1 1 1 1 1 1 1 1 1
ciInstanceKlass javax/lang/model/type/ReferenceType 1 0 9 100 1 100 1 100 1 1 1
instanceKlass com/sun/tools/javac/code/Type
instanceKlass com/sun/tools/javac/code/Symbol
ciInstanceKlass com/sun/tools/javac/code/AnnoConstruct 1 1 251 10 7 12 1 1 1 10 100 12 1 1 1 10 100 12 1 1 1 10 100 12 1 1 1 11 100 12 1 1 1 11 12 1 1 100 1 9 12 1 1 9 100 12 1 1 1 10 100 12 1 1 1 10 100 12 1 1 10 100 12 1 1 1 10 100 12 1 1 1 100 1 10 12 1 100 1 100 1 10 8 1 10 12 1 1 10 12 1 10 10 12 1 10 12 1 1 10 12 1 1 10 12 1 1 100 1 10 12 1 1 10 12 1 1 10 12 1 1 10 100 12 1 1 1 10 12 1 1 100 1 10 10 12 1 10 12 1 1 10 12 1 1 100 1 10 12 1 1 100 1 10 11 12 1 1 9 12 1 1 9 12 1 1 9 100 12 1 1 1 9 100 12 1 10 12 1 1 100 1 9 12 1 1 100 1 1 1 1 1 1 1 1 1 1 1 1 1 1 1 1 1 1 1 1 1 1 1 1 1 1 1 1 1 1 1 1 1 1 1 1 1 1 1 100 1 1 1 1 1 1 1 1 100 1 1 1 1 1 1 1 1 1 100 1 1 100 1 1 1 1
instanceKlass com/sun/tools/javac/comp/Resolve$ResolveError
instanceKlass com/sun/tools/javac/main/JavaCompiler$1
instanceKlass com/sun/tools/javac/code/Symbol$MethodSymbol
instanceKlass com/sun/tools/javac/code/Symbol$VarSymbol
instanceKlass com/sun/tools/javac/code/Symbol$TypeSymbol
ciInstanceKlass com/sun/tools/javac/code/Symbol 1 1 676 100 1 9 7 12 1 1 1 9 12 1 1 10 7 12 1 1 1 10 7 12 1 1 10 12 1 10 12 1 10 12 1 1 11 7 12 1 1 1 11 12 1 1 7 1 9 12 1 1 9 7 12 1 1 1 10 12 1 10 12 1 10 12 1 1 10 12 1 1 10 12 1 10 12 1 10 12 1 10 12 1 10 12 1 10 12 1 1 10 12 1 10 12 1 10 12 1 9 12 1 1 11 7 12 1 1 10 12 1 10 12 1 10 12 1 1 10 12 1 10 12 1 1 10 12 1 10 7 12 1 1 9 12 1 1 9 9 12 1 1 9 12 1 9 12 1 9 12 1 1 100 1 8 1 10 12 1 10 11 100 12 1 1 1 10 7 12 1 1 1 10 10 12 1 1 5 0 9 7 12 1 1 9 12 1 10 12 1 1 9 7 12 1 1 1 10 12 1 1 10 7 12 1 1 1 10 12 1 1 10 12 1 9 12 1 1 9 7 12 1 1 1 9 7 12 1 1 10 12 1 10 12 1 1 100 1 10 12 1 10 12 1 10 12 1 10 12 1 10 12 1 5 0 5 0 5 0 5 0 9 7 12 1 1 1 10 12 1 1 10 7 12 1 1 1 5 0 5 0 9 12 1 9 12 1 5 0 5 0 5 0 5 0 5 0 5 0 5 0 9 7 12 1 1 1 10 12 1 1 10 12 1 10 12 1 1 5 0 9 12 7 1 7 1 100 1 10 8 1 10 12 1 10 12 1 10 10 7 12 1 1 1 10 12 1 10 12 1 1 10 12 1 1 8 1 10 7 12 1 1 1 10 12 1 1 10 7 12 1 1 1 11 7 1 10 12 1 1 9 10 12 1 1 10 12 1 10 12 1 1 9 12 1 10 12 1 10 12 1 5 0 10 12 1 11 12 1 10 12 100 1 9 12 1 1 10 100 12 1 1 1 9 12 1 1 10 12 1 10 12 1 1 100 1 10 10 12 1 10 9 12 1 10 12 1 100 1 10 12 1 10 12 1 10 12 1 10 12 1 10 12 1 10 12 1 100 1 100 1 1 1 1 1 1 1 1 1 1 1 1 1 1 1 1 1 1 1 1 1 1 1 1 1 1 1 1 1 1 1 1 1 1 1 1 1 1 1 1 1 1 1 1 1 1 1 1 1 1 1 1 1 1 1 1 1 1 1 1 1 1 1 1 1 1 1 1 1 1 1 1 1 1 1 1 1 1 1 1 1 1 1 1 1 1 1 1 1 1 1 1 1 1 1 1 1 1 1 1 1 1 1 1 1 1 1 1 1 1 1 1 1 1 1 1 1 1 1 1 100 1 100 1 100 1 100 1 100 1 100 1 100 1 100 1 100 1 100 1 100 1 100 1 100 1 100 1 100 1 100 1 100 1 100 1 100 1 1 100 1 1 1 1 100 1 1 1 1 1 1 1 1 100 1 1 1 1 1 1 1 1 1 1 1 1 1 1 1 1 1 1 100 1 1 1 1 1 100 1 8 1 1 12 10 1 1
instanceKlass com/sun/tools/javac/code/Symbol$TypeVariableSymbol
instanceKlass com/sun/tools/javac/code/Symtab$6
instanceKlass com/sun/tools/javac/code/Symbol$ModuleSymbol
instanceKlass com/sun/tools/javac/code/Symbol$PackageSymbol
instanceKlass com/sun/tools/javac/code/Symbol$ClassSymbol
ciInstanceKlass com/sun/tools/javac/code/Symbol$TypeSymbol 1 1 262 100 1 10 7 12 1 1 1 9 12 1 1 9 7 12 1 1 9 7 12 1 1 1 10 12 1 1 9 12 1 9 12 1 1 9 7 12 1 1 1 10 7 12 1 1 1 10 12 1 1 9 7 12 1 1 1 9 7 12 1 1 1 9 7 12 1 1 1 10 12 1 1 10 12 1 9 7 1 10 12 1 1 9 12 1 10 7 12 1 1 1 10 10 12 1 1 10 12 1 1 10 100 12 1 1 1 9 10 12 1 1 10 12 1 1 9 100 12 1 1 1 10 100 12 1 1 1 11 100 12 1 1 1 11 100 12 1 1 1 11 12 1 1 10 10 12 1 1 5 0 9 12 1 1 10 12 1 1 8 1 10 100 12 1 1 1 11 100 12 1 1 1 10 12 1 10 12 1 10 12 1 1 10 12 1 10 12 1 1 1 1 1 1 1 1 1 1 1 1 1 1 1 1 1 1 1 1 1 1 1 1 1 1 1 1 1 1 1 1 1 1 1 1 1 1 1 1 1 1 1 1 1 1 1 1 100 1 1 1 1 1 100 1 1 1 1 100 1 100 1 1 1 100 1 8 1 1 12 10 1 1
ciInstanceKlass com/sun/tools/javac/jvm/PoolConstant$LoadableConstant 1 0 75 7 1 100 1 10 7 12 1 1 1 10 12 1 1 10 100 12 1 1 10 100 12 1 1 10 100 12 1 1 100 1 100 1 7 1 1 1 1 1 1 1 1 1 1 1 1 1 1 1 1 1 1 1 1 1 1 1 1 1 1 1 1 1 1 1 100 1 8 1 1 12 10 1 1
ciInstanceKlass com/sun/tools/javac/jvm/PoolConstant 1 1 38 100 1 100 1 1 1 1 1 1 1 1 1 1 1 1 1 1 1 100 1 100 1 100 1 100 1 100 1 100 1 1 1 1 1 1 1 1
ciInstanceKlass com/sun/tools/javac/util/JCDiagnostic$Factory 1 1 328 9 7 12 1 1 1 10 7 12 1 1 1 10 12 1 1 10 7 12 1 1 1 8 1 10 12 1 10 12 1 1 10 7 12 1 1 10 12 1 1 18 12 1 1 10 12 1 1 8 1 10 12 1 1 9 12 1 1 9 7 12 1 1 1 11 100 12 1 1 1 10 7 12 1 1 9 12 1 1 7 1 10 12 1 9 12 1 1 9 12 1 10 7 12 1 1 1 10 12 1 1 10 12 1 1 10 12 1 1 10 12 1 1 10 7 12 1 1 1 10 12 1 1 10 12 1 1 10 12 1 10 12 1 1 10 12 1 1 10 12 1 1 10 12 1 1 10 12 1 1 10 12 1 1 10 7 12 1 1 10 12 1 10 12 1 1 10 12 1 10 12 1 9 12 1 1 9 9 12 1 9 12 1 1 11 7 12 1 1 18 12 1 1 11 12 1 1 11 12 1 1 9 100 12 1 1 100 1 9 12 1 100 1 9 12 1 100 1 9 12 1 7 1 7 1 10 1 1 1 1 1 1 1 1 1 1 1 1 1 1 1 1 1 1 1 1 1 1 1 1 1 1 1 1 1 1 1 1 1 1 1 1 1 1 1 1 1 1 1 1 1 1 1 1 1 1 1 1 1 1 1 1 1 1 1 1 1 1 1 16 15 10 12 16 15 10 12 15 10 7 12 1 1 1 1 1 1 1 1 100 1 1 100 1 100 1 1 1 1 1 1 1 100 1 100 1 1
staticfield com/sun/tools/javac/util/JCDiagnostic$Factory diagnosticFactoryKey Lcom/sun/tools/javac/util/Context$Key; com/sun/tools/javac/util/Context$Key
ciInstanceKlass com/sun/tools/javac/util/JCDiagnostic$Fragment 1 1 35 9 7 12 1 1 1 10 7 12 1 1 1 100 1 1 1 1 1 1 1 1 1 1 1 1 1 1 1 7 1 1 1 1 1
ciInstanceKlass com/sun/tools/javac/util/JCDiagnostic$Warning 0 0 35 9 100 12 1 1 1 10 100 12 1 1 1 100 1 1 1 1 1 1 1 1 1 1 1 1 1 1 1 100 1 1 1 1 1
instanceKlass com/sun/tools/javac/util/List$1
ciInstanceKlass com/sun/tools/javac/util/List 1 1 443 10 7 12 1 1 1 9 7 12 1 1 1 9 12 1 1 9 12 1 10 7 12 1 1 1 10 12 1 1 10 12 1 1 11 7 12 1 1 1 11 12 1 1 10 7 12 1 1 1 10 12 1 1 10 12 1 7 1 10 10 12 1 10 12 1 1 10 12 1 10 12 1 10 12 1 10 12 1 10 12 1 1 11 7 1 10 12 1 1 10 12 1 10 12 1 1 10 12 1 10 12 1 1 10 12 1 10 12 1 10 12 1 1 10 7 12 1 1 10 12 1 10 7 12 1 1 1 7 1 10 12 1 1 8 1 100 1 10 10 12 1 10 12 1 10 12 1 1 8 1 10 12 1 10 12 1 10 12 1 100 1 11 11 7 12 1 1 10 12 1 10 7 12 1 1 7 1 10 12 1 100 1 10 100 12 1 1 1 10 12 1 8 1 10 12 1 8 1 11 100 1 100 1 10 100 1 10 12 1 10 100 12 1 1 1 11 12 1 1 11 12 1 100 1 10 10 12 1 10 12 1 18 12 1 1 18 12 1 1 18 12 1 18 12 1 7 1 11 7 12 1 1 10 12 1 1 7 1 10 1 1 1 1 1 1 1 1 1 1 1 1 1 1 1 1 1 1 1 1 1 1 1 1 1 1 1 1 1 1 1 1 1 1 1 1 1 1 1 1 1 1 1 1 1 1 1 1 1 1 1 1 1 1 1 1 1 1 1 1 1 1 1 1 1 1 1 1 1 1 1 1 1 1 1 1 1 1 1 1 1 1 1 1 1 1 1 1 1 1 1 1 1 1 1 1 1 1 1 1 1 1 1 1 1 1 1 1 1 1 1 1 1 1 1 1 1 1 1 1 1 1 1 1 1 1 1 1 1 1 1 1 1 1 1 1 1 1 1 1 1 1 1 1 1 1 1 1 1 1 16 15 16 1 16 1 15 10 16 1 16 1 15 10 12 16 16 15 16 15 10 7 12 1 1 1 1 1 100 1 100 1 1
staticfield com/sun/tools/javac/util/List EMPTY_LIST Lcom/sun/tools/javac/util/List; com/sun/tools/javac/util/List$1
ciInstanceKlass com/sun/tools/javac/util/List$1 1 1 36 10 7 12 1 1 1 100 1 10 12 1 100 1 1 1 1 1 1 1 1 1 1 1 1 1 1 1 1 1 1 1 1 1 1 1
ciInstanceKlass com/sun/tools/javac/util/List$2 1 1 61 9 7 12 1 1 1 10 7 12 1 1 1 9 12 1 9 7 12 1 1 100 1 10 9 12 1 1 100 1 10 100 1 1 1 1 1 1 1 1 1 1 1 1 1 1 1 1 1 1 1 1 1 1 1 1 12 1 1 1 1
instanceKlass com/sun/tools/javac/comp/DeferredAttr$DeferredType
instanceKlass com/sun/tools/javac/code/Type$UnknownType
instanceKlass com/sun/tools/javac/code/Type$BottomType
instanceKlass com/sun/tools/javac/code/Type$PackageType
instanceKlass com/sun/tools/javac/code/Type$MethodType
instanceKlass com/sun/tools/javac/code/Type$JCVoidType
instanceKlass com/sun/tools/javac/code/Type$JCPrimitiveType
instanceKlass com/sun/tools/javac/jvm/ClassReader$ProxyType
instanceKlass com/sun/tools/javac/code/Type$JCNoType
instanceKlass com/sun/tools/javac/code/Type$ModuleType
instanceKlass com/sun/tools/javac/code/Type$ClassType
instanceKlass com/sun/tools/javac/code/Type$WildcardType
instanceKlass com/sun/tools/javac/code/Type$ArrayType
instanceKlass com/sun/tools/javac/code/Type$DelegatedType
instanceKlass com/sun/tools/javac/code/Type$TypeVar
ciInstanceKlass com/sun/tools/javac/code/Type 1 1 637 100 1 100 1 8 1 10 12 1 1 7 1 10 12 1 10 7 12 1 1 1 7 1 18 12 1 1 10 12 1 1 7 1 10 12 1 10 7 12 1 1 1 11 7 12 1 1 1 11 12 1 1 10 12 1 1 10 12 1 1 10 12 1 1 11 7 12 1 1 1 10 7 1 10 7 12 1 1 1 9 12 1 1 9 12 1 1 10 7 12 1 1 10 10 12 1 10 12 1 100 1 10 8 1 10 12 1 10 12 1 10 12 1 1 11 7 12 1 1 7 1 11 12 1 1 11 12 11 10 12 1 10 12 1 1 10 12 1 1 10 12 1 1 10 12 1 11 10 12 1 9 12 1 1 10 12 1 1 100 1 10 10 12 1 1 10 12 1 18 10 100 12 1 1 1 100 1 10 12 1 9 12 1 1 9 12 1 10 12 1 1 10 12 1 8 1 10 12 1 10 12 1 10 12 1 1 10 12 1 9 7 12 1 1 1 8 1 10 100 1 9 12 1 1 9 100 12 1 1 1 10 12 1 1 10 12 1 1 10 12 1 8 1 10 8 1 10 12 1 10 7 1 10 12 1 10 12 1 1 10 10 12 1 10 10 12 1 9 12 1 100 1 9 12 1 1 8 1 10 12 1 10 12 1 1 5 0 5 0 10 12 1 1 10 12 1 10 12 1 1 11 7 12 1 1 9 100 12 1 1 1 7 1 10 9 12 1 1 7 1 10 9 12 1 7 1 10 9 12 1 7 1 10 100 1 100 1 1 1 1 1 1 1 1 1 1 1 1 1 1 1 1 1 1 1 1 1 1 1 1 1 1 1 1 1 1 1 1 1 1 1 1 1 1 1 1 1 1 1 1 1 1 1 1 1 1 1 1 1 1 1 1 1 1 1 1 1 1 1 1 1 1 1 1 1 1 1 1 1 1 1 1 1 1 1 1 1 1 1 1 1 1 1 1 1 1 1 1 1 1 1 1 1 1 1 1 1 1 1 1 1 1 1 1 1 1 1 1 1 1 1 1 1 1 1 1 1 1 1 1 1 1 1 1 1 1 1 1 1 1 1 1 1 1 1 1 1 1 1 1 1 1 1 1 1 1 1 1 1 1 100 1 100 1 100 1 100 1 100 1 100 1 100 1 100 1 100 1 100 1 100 1 100 1 100 1 100 1 100 1 100 1 100 1 100 1 100 1 100 1 100 1 100 1 100 1 100 1 100 1 100 1 100 1 100 1 100 1 100 1 100 1 100 1 100 1 100 1 100 1 100 1 100 1 100 1 100 1 100 1 1 16 15 10 12 1 16 1 15 10 12 1 16 1 15 10 7 12 1 1 1 1 100 1 1 1 1 100 1 1 1 1 1 1 1 1 1 1 1 1 1 1 1 1 1 1 1 1 1 1 1 1 1 100 1 100 1 1 1 1 1 100 1 100 1 1
staticfield com/sun/tools/javac/code/Type noType Lcom/sun/tools/javac/code/Type$JCNoType; com/sun/tools/javac/code/Type$1
staticfield com/sun/tools/javac/code/Type recoveryType Lcom/sun/tools/javac/code/Type$JCNoType; com/sun/tools/javac/code/Type$2
staticfield com/sun/tools/javac/code/Type stuckType Lcom/sun/tools/javac/code/Type$JCNoType; com/sun/tools/javac/code/Type$3
staticfield com/sun/tools/javac/code/Type stripMetadata Lcom/sun/tools/javac/code/Types$TypeMapping; com/sun/tools/javac/code/Type$4
instanceKlass com/sun/tools/javac/api/JavacTrees$5
instanceKlass com/sun/tools/javac/code/Type$ErasedClassType
instanceKlass com/sun/tools/javac/code/Type$ClassType$1
instanceKlass com/sun/tools/javac/code/Type$StructuralTypeMapping$1
instanceKlass com/sun/tools/javac/code/Type$IntersectionClassType
instanceKlass com/sun/tools/javac/code/Type$UnionClassType
instanceKlass com/sun/tools/javac/jvm/ClassReader$1
instanceKlass com/sun/tools/javac/code/Type$ErrorType
ciInstanceKlass com/sun/tools/javac/code/Type$ClassType 1 1 388 100 1 10 7 12 1 1 1 10 7 12 1 1 1 10 7 12 1 1 9 12 1 1 9 12 1 1 9 12 1 1 9 12 1 9 12 1 9 12 1 100 1 7 1 9 12 1 1 10 12 1 9 7 12 1 1 1 11 7 12 1 1 1 7 1 10 12 1 10 12 1 1 100 1 10 12 1 10 12 1 1 10 12 1 1 9 7 12 1 1 1 9 100 12 1 1 1 9 7 12 1 1 10 12 1 1 10 12 1 1 8 1 10 12 1 1 10 12 1 1 10 12 1 1 10 12 1 1 10 100 12 1 1 10 12 1 100 1 10 9 12 1 1 10 12 1 1 9 10 12 1 1 11 100 12 1 1 11 12 1 1 100 1 10 12 1 9 10 12 1 10 12 1 10 12 1 10 8 1 10 10 12 1 10 12 1 1 5 0 10 12 1 8 1 9 12 1 1 9 12 1 9 12 1 8 1 100 1 10 100 12 1 1 1 9 12 1 1 10 12 1 1 10 100 12 1 1 1 10 12 1 1 10 10 12 1 10 12 1 10 12 1 10 12 1 1 10 12 1 10 12 1 10 10 10 12 1 1 10 12 1 10 12 1 10 12 1 10 12 1 10 10 12 1 9 9 7 12 1 1 1 9 12 1 11 100 12 1 1 1 10 12 1 1 10 12 1 10 12 1 1 100 1 100 1 100 1 1 1 1 1 1 1 1 1 1 1 1 1 1 1 1 1 1 1 1 1 1 1 1 1 1 1 1 1 1 1 1 1 1 1 1 1 1 1 1 1 1 1 1 1 1 1 1 1 1 1 1 1 1 1 1 1 1 1 1 1 1 1 1 1 1 1 1 1 1 1 100 1 1 100 1 1 1 100 1 1
ciInstanceKlass javax/lang/model/type/DeclaredType 1 0 17 100 1 100 1 100 1 1 1 1 1 1 1 1 1 1 1
ciInstanceKlass javax/lang/model/type/ErrorType 1 0 9 100 1 100 1 100 1 1 1
ciInstanceKlass javax/lang/model/type/NoType 1 0 9 100 1 100 1 100 1 1 1
ciInstanceKlass javax/lang/model/element/Parameterizable 1 0 13 100 1 100 1 100 1 1 1 1 1 1 1
instanceKlass com/sun/tools/javac/util/JCDiagnostic$MultilineDiagnostic
ciInstanceKlass com/sun/tools/javac/util/JCDiagnostic 0 0 324 7 1 10 12 1 1 9 100 12 1 1 1 8 1 10 100 12 1 1 1 100 1 10 100 12 1 1 1 10 12 1 1 9 12 1 1 100 1 10 100 12 1 1 1 10 12 1 10 12 1 10 7 12 1 1 11 100 12 1 1 1 100 1 100 1 10 9 12 1 9 12 1 1 9 12 1 1 9 12 1 1 9 12 1 1 9 12 1 1 9 12 1 1 9 12 1 10 100 12 1 1 1 9 12 1 1 11 100 12 1 1 1 10 100 12 1 1 1 11 12 1 10 12 1 1 11 12 1 1 10 12 1 10 12 1 10 12 1 9 12 1 1 100 1 10 12 1 10 12 1 10 12 1 9 12 1 1 10 12 1 1 10 100 12 1 1 1 11 100 12 1 1 1 11 12 1 10 12 1 9 100 12 1 1 1 9 12 1 9 12 1 9 12 1 9 12 1 10 12 1 1 11 12 1 11 12 1 9 12 10 9 12 1 11 12 1 11 100 12 1 1 1 10 12 1 100 1 1 1 1 1 1 1 1 1 1 1 1 1 1 1 1 1 1 1 1 1 1 1 100 1 1 1 1 1 1 1 1 1 1 1 1 1 1 1 1 1 1 1 1 1 1 1 1 1 1 1 1 1 1 1 1 1 1 1 1 1 1 1 1 1 1 100 1 100 1 100 1 100 1 100 1 100 1 100 1 1 1 1 1 100 1 1 1 1 1 1 1 1 1 1 1 1
ciInstanceKlass  @bci com/sun/tools/doclint/DocLint newDocLint ()Lcom/sun/tools/doclint/DocLint; 17 <appendix> argL0 ; 1 1 23 1 7 1 7 1 100 1 1 12 10 1 1 1 7 1 7 1 1 12 10 1 1
ciInstanceKlass javax/lang/model/element/QualifiedNameable 1 0 11 100 1 100 1 100 1 1 1 1 1
ciInstanceKlass javax/lang/model/element/TypeElement 1 1 89 11 100 12 1 1 1 100 1 100 1 100 1 100 1 100 1 1 1 1 1 1 1 1 1 1 1 1 1 1 1 1 1 1 1 1 1 1 1 1 3 1 1 1 1 1 1 1 1 1 1 1 1 1 100 1 100 1 1 1 100 1 8 1 1 12 10 1 1 1 8 1 1 1 8 1 1 1 8 1 1 1 8 1 1 1 8 1 1
ciInstanceKlass javax/lang/model/element/PackageElement 1 0 24 100 1 100 1 100 1 100 1 1 1 1 1 1 1 1 1 1 1 1 1 1 1 1
ciInstanceKlass javax/lang/model/element/ModuleElement 1 0 53 100 1 100 1 100 1 100 1 1 1 1 1 1 1 1 1 1 1 1 1 1 1 1 1 1 1 1 100 1 100 1 100 1 100 1 100 1 100 1 100 1 100 1 1 1 1 1 1 1 1 1 1
ciInstanceKlass javax/lang/model/element/Name 1 0 33 100 1 100 1 100 1 1 1 1 1 1 1 1 1 1 100 1 8 1 1 12 10 1 1 1 8 1 1 1 8 1 1
ciInstanceKlass javax/lang/model/element/ModuleElement$Directive 1 0 24 100 1 100 1 1 1 1 1 1 1 1 1 1 100 1 1 1 100 1 1 100 1 1
ciInstanceKlass javax/lang/model/element/ModuleElement$RequiresDirective 1 0 20 100 1 100 1 100 1 1 1 1 1 1 1 1 1 100 1 1 1 1
ciInstanceKlass  @bci com/sun/tools/javac/main/Arguments checkOptionAllowed (ZLcom/sun/tools/javac/main/Arguments$ErrorReporter;[Lcom/sun/tools/javac/main/Option;)V 17 <appendix> member <vmtarget> ; 1 1 28 1 7 1 7 1 100 1 1 1 1 1 12 10 12 9 1 1 1 7 1 7 1 1 12 10 1 1
instanceKlass com/sun/tools/javac/code/ClassFinder$BadEnclosingMethodAttr
ciInstanceKlass com/sun/tools/javac/code/ClassFinder$BadClassFile 0 0 105 18 12 1 1 10 100 12 1 1 1 11 100 12 1 1 1 9 100 12 1 1 1 8 1 8 1 100 1 10 100 12 1 1 1 10 100 12 1 1 1 1 1 1 5 0 1 1 1 1 1 1 1 1 1 1 1 1 1 1 1 1 1 1 1 100 1 1 1 1 1 100 1 1 16 1 15 10 12 16 1 15 10 100 12 1 1 1 1 100 1 1 100 1 1 1 1 100 1 1 100 1 100 1 1
instanceKlass java/nio/file/ClosedFileSystemException
ciInstanceKlass java/lang/IllegalStateException 0 0 35 10 100 12 1 1 1 10 12 1 10 12 1 10 12 1 100 1 1 1 1 5 0 1 1 1 1 1 1 1 1 1 1 1 1
ciInstanceKlass java/lang/AssertionError 0 0 79 10 100 12 1 1 1 10 12 1 10 100 12 1 1 1 10 100 1 100 1 10 12 1 1 10 12 1 10 12 1 10 12 1 10 12 1 10 12 1 10 12 1 10 12 1 1 1 1 5 0 1 1 1 1 1 1 1 1 1 1 100 1 1 1 1 1 1 1 1 1 1 1 1 1 1 1 1 1
instanceKlass java/nio/file/ReadOnlyFileSystemException
ciInstanceKlass java/lang/UnsupportedOperationException 0 0 34 10 100 12 1 1 1 10 12 1 10 12 1 10 12 1 100 1 1 1 1 5 0 1 1 1 1 1 1 1 1 1 1 1
ciInstanceKlass java/util/NoSuchElementException 0 0 34 10 100 12 1 1 1 10 12 1 10 12 1 10 12 1 100 1 1 1 1 5 0 1 1 1 1 1 1 1 1 1 1 1
ciInstanceKlass java/nio/file/ProviderMismatchException 0 0 26 10 100 12 1 1 1 10 12 1 100 1 1 1 1 5 0 1 1 1 1 1 1 1 1 1
ciInstanceKlass jdk/internal/jrtfs/JrtFileSystem 1 1 581 10 7 12 1 1 1 7 1 8 1 10 12 1 9 7 12 1 1 1 9 12 1 1 10 7 12 1 1 1 9 12 1 1 9 12 1 1 9 12 1 100 1 10 10 12 1 10 12 1 1 10 7 12 1 1 1 100 1 10 10 12 1 1 10 7 12 1 1 1 10 12 1 1 10 12 1 10 12 1 1 10 12 1 1 9 12 1 1 8 1 10 12 1 1 100 1 10 10 12 1 1 10 12 1 8 1 10 12 1 1 10 100 12 1 1 1 8 1 8 1 8 1 10 12 1 10 100 12 1 1 1 18 12 1 1 10 12 1 1 10 7 12 1 1 10 12 1 1 10 12 1 10 12 1 1 7 1 10 12 1 10 12 1 10 12 1 100 1 10 10 10 12 1 1 11 7 12 1 1 1 18 12 1 1 11 7 12 1 1 1 11 12 1 1 18 18 12 1 1 11 12 1 1 100 1 10 12 1 8 1 10 10 12 1 1 100 1 10 10 7 12 1 1 1 9 7 12 1 1 1 100 1 8 1 10 12 1 11 100 1 11 100 12 1 1 11 12 1 1 100 1 100 1 8 1 11 12 1 1 10 9 12 1 1 11 12 1 1 9 12 1 10 12 1 1 10 12 1 8 1 7 1 10 12 1 1 10 12 1 10 12 1 1 10 100 12 1 1 1 100 1 10 12 1 100 1 10 12 1 10 12 100 1 10 100 1 10 12 1 10 12 1 1 100 1 100 1 100 1 10 100 1 10 12 1 10 10 12 1 10 12 1 10 12 1 10 12 1 10 12 1 10 10 12 1 1 11 7 12 1 1 10 12 1 10 12 1 10 12 1 1 11 100 1 10 12 1 1 10 100 12 1 7 1 8 1 8 1 10 7 12 1 1 1 10 12 1 10 12 1 1 1 1 1 1 1 1 1 1 1 1 1 1 1 100 1 100 1 1 1 1 1 1 1 1 1 1 1 1 1 1 100 1 1 1 1 1 1 1 1 1 1 1 1 1 1 1 1 1 1 1 1 1 1 1 1 1 1 1 1 1 1 1 1 1 100 1 1 1 1 1 1 1 1 1 1 1 1 1 1 1 1 1 1 1 1 1 1 1 1 1 1 1 1 1 1 1 1 1 1 1 1 1 1 1 1 1 1 1 1 1 1 1 1 1 1 1 1 1 1 1 1 1 1 1 1 1 1 1 1 1 1 1 1 1 1 1 1 1 1 1 1 1 16 1 15 10 12 16 15 10 12 16 1 15 10 12 16 15 10 12 15 10 7 12 1 1 1 1 100 1 1 100 1 1 100 1 100 1 1
staticfield jdk/internal/jrtfs/JrtFileSystem supportedFileAttributeViews Ljava/util/Set; java/util/Collections$UnmodifiableSet
ciInstanceKlass jdk/internal/jrtfs/JrtPath 1 1 792 7 1 10 7 12 1 1 1 9 12 1 1 10 12 1 1 9 12 1 1 9 12 1 10 12 1 1 10 7 12 1 1 1 10 7 12 1 1 10 12 1 1 10 12 1 1 10 12 1 1 10 12 1 1 10 12 1 10 12 1 9 12 1 1 10 12 1 10 12 1 10 12 1 100 1 7 1 10 8 1 10 12 1 1 10 12 1 8 1 10 12 1 1 10 12 1 8 1 8 1 10 12 1 1 8 1 10 12 1 8 1 10 12 1 1 8 1 10 12 1 1 100 1 100 1 8 1 10 10 12 1 10 12 1 1 10 12 1 1 10 12 1 1 8 1 8 1 10 12 1 10 12 1 10 7 12 1 1 1 10 12 1 1 10 12 1 10 10 12 1 10 12 1 8 1 10 7 12 1 1 1 10 12 1 11 100 12 1 1 1 10 12 1 10 12 1 1 10 12 1 1 10 12 10 12 1 10 12 1 10 12 1 10 12 1 100 1 8 1 11 12 1 1 10 10 12 1 10 12 1 10 12 1 100 1 8 1 10 12 1 10 10 12 1 8 1 10 12 1 10 12 1 10 12 1 10 12 1 10 10 12 1 1 8 1 8 1 8 1 100 1 10 100 1 10 12 1 1 100 1 10 12 1 10 12 1 1 100 1 8 1 10 10 12 1 1 10 12 1 1 9 100 12 1 1 1 8 1 8 1 10 10 12 1 1 7 1 10 12 1 10 12 1 1 10 12 1 1 10 100 12 1 1 1 10 12 1 1 10 12 1 1 10 12 1 10 12 1 1 100 1 10 11 12 1 100 1 10 12 1 1 10 12 1 1 10 12 1 1 10 12 1 1 10 12 1 1 9 100 12 1 1 10 12 1 100 1 10 10 10 12 1 10 12 100 1 9 12 1 9 12 1 10 12 1 1 10 12 1 1 10 12 1 1 10 12 1 9 100 12 1 1 1 9 12 1 100 1 10 12 1 1 10 12 1 100 1 100 1 10 11 100 12 1 1 100 1 10 12 1 10 12 1 10 100 12 1 1 1 10 100 12 1 1 1 10 12 1 100 1 10 12 1 10 100 1 10 100 12 1 1 1 11 12 1 1 11 12 1 11 12 1 11 12 1 10 12 1 1 9 12 1 1 100 1 10 9 12 1 1 9 12 1 10 12 1 1 9 12 1 1 100 1 8 1 10 100 1 10 12 1 10 12 1 10 12 1 10 12 1 10 12 1 10 12 10 12 1 1 10 12 1 1 10 12 1 10 12 1 10 7 12 1 1 10 12 1 1 9 12 1 10 12 1 9 12 1 9 12 1 9 12 1 9 12 1 9 12 1 8 1 10 12 1 9 12 1 10 12 9 12 1 9 12 1 9 12 1 8 1 9 12 1 9 12 1 8 1 1 1 5 0 1 1 1 1 1 1 1 1 1 1 1 1 1 1 1 1 1 1 1 1 1 1 1 1 1 1 1 1 1 1 1 1 1 1 1 1 1 1 1 1 1 1 1 1 1 1 1 100 1 1 1 1 1 1 1 100 1 1 1 1 1 1 1 1 1 1 1 1 1 1 1 1 1 1 1 1 1 1 1 1 1 1 100 1 1 1 1 1 1 1 1 1 1 1 1 1 1 1 1 1 1 1 1 1 1 1 1 1 1 1 1 100 1 1 1 1 1 1 1 1 1 1 1 1 1 1 1 1 1 1 1 1 100 100 1 100 1 1 1 1 1 1 1 1 1 1 1 1 1 1 1 1 1 100 1 1 100 1 1 100 1 100 1 1 100 1 100 1 1
staticfield jdk/internal/jrtfs/JrtPath L_DIGIT J 287948901175001088
staticfield jdk/internal/jrtfs/JrtPath H_UPALPHA J 134217726
staticfield jdk/internal/jrtfs/JrtPath H_LOWALPHA J 576460743713488896
staticfield jdk/internal/jrtfs/JrtPath H_ALPHA J 576460743847706622
staticfield jdk/internal/jrtfs/JrtPath L_ALPHANUM J 287948901175001088
staticfield jdk/internal/jrtfs/JrtPath H_ALPHANUM J 576460743847706622
staticfield jdk/internal/jrtfs/JrtPath L_MARK J 113808043409408
staticfield jdk/internal/jrtfs/JrtPath H_MARK J 4611686020574871552
staticfield jdk/internal/jrtfs/JrtPath L_UNRESERVED J 288062709218410496
staticfield jdk/internal/jrtfs/JrtPath H_UNRESERVED J 5188146764422578174
staticfield jdk/internal/jrtfs/JrtPath L_PCHAR J 2882162826460266496
staticfield jdk/internal/jrtfs/JrtPath H_PCHAR J 5188146764422578175
staticfield jdk/internal/jrtfs/JrtPath L_PATH J 3458764316252045312
staticfield jdk/internal/jrtfs/JrtPath H_PATH J 5188146764422578175
staticfield jdk/internal/jrtfs/JrtPath hexDigits [C 16
staticfield jdk/internal/jrtfs/JrtPath $assertionsDisabled Z 1
instanceKlass jdk/internal/jimage/ImageReader$Resource
instanceKlass jdk/internal/jimage/ImageReader$Directory
ciInstanceKlass jdk/internal/jimage/ImageReader$Node 1 1 132 10 7 12 1 1 1 10 7 12 1 1 1 7 1 9 7 12 1 1 1 7 1 9 12 1 1 9 12 1 1 9 12 1 1 10 12 1 1 100 1 100 1 10 8 1 10 12 1 1 10 12 1 1 10 12 1 10 12 1 8 1 11 12 1 1 11 12 1 11 12 1 10 12 1 1 10 12 1 1 1 1 3 1 3 1 3 1 1 1 1 1 1 1 1 1 1 1 1 1 1 1 1 1 1 1 1 1 1 1 1 1 1 1 1 1 1 1 1 1 1 1 1 1 1 1 1 1 100 1 1 1
ciInstanceKlass jdk/internal/jimage/ImageReader$Directory 1 1 132 10 7 12 1 1 1 7 1 10 12 1 9 7 12 1 1 1 10 10 12 1 1 10 7 12 1 1 1 9 12 1 1 11 7 12 1 1 1 100 1 100 1 10 8 1 10 12 1 1 10 12 1 8 1 10 12 1 1 10 12 1 11 12 1 11 100 12 1 1 11 12 1 1 11 100 12 1 1 1 11 12 1 1 10 12 1 10 12 1 1 7 1 10 7 12 1 1 1 1 1 1 1 1 1 1 1 1 1 1 1 1 1 1 1 1 1 1 1 1 1 1 1 1 1 1 1 1 1 1 1 1
staticfield jdk/internal/jimage/ImageReader$Directory $assertionsDisabled Z 1
ciInstanceKlass  @bci jdk/internal/jrtfs/JrtFileSystem iteratorOf (Ljdk/internal/jrtfs/JrtPath;Ljava/nio/file/DirectoryStream$Filter;)Ljava/util/Iterator; 71 <appendix> member <vmtarget> ; 1 1 32 1 7 1 7 1 100 1 1 1 1 1 1 1 12 10 12 9 12 9 1 1 1 7 1 7 1 1 12 10 1 1
instanceKlass java/util/stream/SpinedBuffer
ciInstanceKlass java/util/stream/AbstractSpinedBuffer 1 1 86 7 1 10 7 12 1 1 1 9 12 1 1 100 1 100 1 10 8 1 10 12 1 1 10 12 1 10 12 1 1 10 12 1 100 1 10 12 1 1 10 7 12 1 1 1 9 12 1 9 12 1 9 12 1 1 10 12 1 1 1 3 1 3 1 3 1 3 1 1 1 1 1 1 1 1 1 1 1 1 1 1 1 1 1 1
instanceKlass java/util/stream/Nodes$SpinedNodeBuilder
ciInstanceKlass java/util/stream/SpinedBuffer 1 1 261 100 1 10 7 12 1 1 1 9 7 12 1 1 1 7 1 9 12 1 1 10 12 1 9 12 1 9 12 1 1 9 12 1 1 7 10 12 1 1 10 12 1 10 100 12 1 1 1 100 10 12 1 10 12 1 1 10 12 1 1 9 12 1 100 1 10 100 12 1 1 1 10 12 1 10 12 1 8 1 10 7 12 1 1 1 100 1 5 0 100 1 8 1 10 11 7 12 1 1 1 10 12 1 1 10 12 1 1 10 100 12 1 1 1 11 100 12 1 1 1 10 12 1 100 1 10 10 100 12 1 1 1 18 12 1 10 12 1 1 100 1 10 8 1 10 12 1 1 11 100 12 1 1 10 100 1 10 12 1 100 1 1 1 1 1 1 3 1 1 1 1 1 1 1 1 1 1 1 1 1 1 1 1 1 1 1 1 1 1 1 1 1 1 1 1 1 1 1 1 1 1 1 1 1 1 1 1 1 1 1 1 1 1 1 1 1 1 1 100 1 100 1 100 1 100 1 100 1 100 1 100 1 100 1 1 16 15 11 12 1 1 15 10 100 12 1 1 1 1 1 1 1 1 1 1 100 1 100 1 1
ciInstanceKlass  @bci java/util/stream/StreamSpliterators$WrappingSpliterator initPartialTraversalState ()V 24 <appendix> member <vmtarget> ; 1 1 24 1 7 1 7 1 100 1 1 1 1 1 12 10 12 9 1 1 1 7 12 10 1 1
ciInstanceKlass jdk/internal/jimage/ImageReader$Resource 1 1 72 10 7 12 1 1 1 10 7 12 1 1 1 9 7 12 1 1 1 10 12 1 10 7 12 1 1 1 10 12 1 1 10 12 1 10 12 1 1 10 12 1 1 1 1 1 1 1 1 1 1 1 1 1 1 1 1 1 1 1 1 1 1 1 1 1 100 1 1 1 1 1
ciInstanceKlass java/util/stream/MatchOps$MatchKind 1 1 70 7 1 9 12 1 1 9 12 1 9 12 1 9 12 1 1 10 100 12 1 1 10 7 12 1 1 1 10 12 1 1 9 12 1 1 9 12 1 8 10 12 1 8 8 10 12 1 1 1 1 1 1 1 1 1 1 1 1 1 1 1 1 1 1 1 7 1 1 1
staticfield java/util/stream/MatchOps$MatchKind ANY Ljava/util/stream/MatchOps$MatchKind; java/util/stream/MatchOps$MatchKind
staticfield java/util/stream/MatchOps$MatchKind ALL Ljava/util/stream/MatchOps$MatchKind; java/util/stream/MatchOps$MatchKind
staticfield java/util/stream/MatchOps$MatchKind NONE Ljava/util/stream/MatchOps$MatchKind; java/util/stream/MatchOps$MatchKind
staticfield java/util/stream/MatchOps$MatchKind $VALUES [Ljava/util/stream/MatchOps$MatchKind; 3 [Ljava/util/stream/MatchOps$MatchKind;
ciInstanceKlass java/util/stream/MatchOps 1 1 147 10 100 12 1 1 1 10 7 12 1 1 1 7 1 9 7 12 1 1 1 18 12 1 1 10 12 1 9 12 1 18 12 1 9 12 1 18 12 1 9 12 1 18 12 1 100 1 10 12 1 100 1 10 12 1 100 1 10 12 1 7 1 10 12 1 7 1 1 1 1 1 1 1 1 1 1 1 1 1 1 1 1 1 1 1 1 1 1 1 1 1 1 1 1 1 1 1 1 1 1 1 1 1 1 1 100 1 100 1 100 1 1 16 1 15 10 12 16 1 15 10 12 15 10 12 15 10 12 15 10 7 12 1 1 1 1 1 1 1 1 1 100 1 100 1 1
ciInstanceKlass java/util/stream/MatchOps$MatchOp 1 1 108 10 7 12 1 1 1 9 7 12 1 1 1 9 12 1 1 9 12 1 1 9 7 12 1 1 1 9 12 1 11 7 12 1 1 1 7 1 10 7 12 1 1 1 10 12 1 1 10 7 12 1 1 1 100 1 10 12 1 10 12 1 10 12 1 1 10 12 1 100 1 1 1 1 1 1 1 1 1 1 1 1 1 1 1 1 1 1 1 1 1 1 1 1 1 1 1 1 1 100 1 1 1 100 1 1 1 1
instanceKlass java/util/stream/MatchOps$1MatchSink
ciInstanceKlass java/util/stream/MatchOps$BooleanTerminalSink 1 1 57 10 7 12 1 1 1 9 7 12 1 1 1 9 7 12 1 1 9 12 1 100 1 1 1 1 1 1 1 1 1 1 1 1 1 1 1 1 1 1 1 1 7 1 1 1 1 1 100 1 8 1 1 12 10 1 1
ciInstanceKlass  @bci java/util/stream/MatchOps makeRef (Ljava/util/function/Predicate;Ljava/util/stream/MatchOps$MatchKind;)Ljava/util/stream/TerminalOp; 20 <appendix> member <vmtarget> ; 1 1 30 1 7 1 7 1 100 1 1 1 1 1 1 1 12 10 12 9 12 9 1 1 1 7 1 1 12 10 1 1
ciInstanceKlass java/util/stream/MatchOps$1MatchSink 1 1 68 9 7 12 1 1 1 9 12 1 1 10 7 12 1 1 1 9 12 1 1 11 7 12 1 1 1 9 7 12 1 1 9 12 1 9 12 1 1 1 1 1 1 1 1 1 1 1 1 1 1 1 1 1 1 1 1 1 7 1 12 1 1 1 1 1 1 1
ciInstanceKlass java/util/stream/Nodes$SpinedNodeBuilder 1 1 110 10 7 12 1 1 1 9 7 12 1 1 1 9 12 1 100 1 8 1 10 12 1 10 12 1 1 10 12 1 1 8 1 10 12 1 10 12 1 1 8 1 10 12 1 8 1 10 12 1 1 10 12 1 1 7 1 10 7 12 1 1 1 100 1 100 1 1 1 1 1 1 1 1 1 1 1 1 1 1 1 1 1 1 1 1 1 1 1 1 1 1 1 1 1 1 1 1 1 1 1 1 1 1 1 1 1 1 1 1
staticfield java/util/stream/Nodes$SpinedNodeBuilder $assertionsDisabled Z 1
ciInstanceKlass sun/nio/fs/WindowsPath$WindowsPathWithAttributes 1 1 107 10 7 12 1 1 1 7 1 10 12 1 9 7 12 1 1 1 10 12 1 1 100 1 10 12 1 1 10 12 1 1 10 12 1 1 10 12 1 1 10 12 1 10 12 1 10 12 1 1 10 12 1 1 10 12 1 10 12 1 10 12 1 1 100 1 10 12 1 1 100 1 1 1 1 1 1 1 1 1 1 1 1 1 1 1 1 1 1 1 1 1 1 100 1 1 1 1 1 1 1 1 1 1 1 1 1
ciInstanceKlass com/sun/tools/javac/code/Symbol$ClassSymbol 1 1 735 100 1 9 7 12 1 1 1 10 7 12 1 1 1 10 7 12 1 1 1 9 7 12 1 1 1 9 12 1 1 9 12 1 1 10 12 1 1 9 12 1 1 10 12 1 9 12 1 9 12 1 1 9 12 1 10 7 12 1 1 1 9 12 1 1 7 1 10 12 1 9 12 1 1 7 1 9 7 12 1 1 1 10 12 1 10 12 1 9 12 1 1 9 12 1 1 10 7 12 1 1 1 7 1 10 12 1 18 12 1 1 11 100 12 1 1 1 10 100 12 1 1 1 11 7 12 1 1 1 11 12 1 1 11 7 12 1 1 1 11 12 1 1 9 12 1 1 10 100 12 1 1 1 11 12 1 10 7 1 11 12 10 12 1 1 10 12 1 9 12 1 1 10 12 1 10 12 1 9 12 1 10 12 1 1 10 7 12 1 1 1 10 12 1 10 12 1 9 12 1 10 100 12 1 1 8 1 10 100 12 1 1 1 10 12 1 10 12 1 10 12 1 1 10 12 1 10 10 12 1 100 1 10 12 1 1 10 12 1 1 5 0 9 7 12 1 1 1 10 12 1 1 10 12 1 1 10 12 1 9 12 1 1 10 12 1 1 9 12 1 10 12 1 9 12 1 1 10 7 1 9 12 1 1 10 7 12 1 1 1 5 0 7 1 10 12 1 10 12 1 9 12 1 9 12 1 10 12 1 1 9 12 1 10 12 1 10 12 1 10 12 1 10 12 1 10 12 1 1 10 12 1 1 10 12 1 10 5 0 9 7 12 1 1 1 9 12 1 5 0 9 12 1 5 0 9 12 1 9 12 5 0 10 12 1 1 9 9 100 1 9 100 1 9 12 1 1 9 10 12 1 1 9 12 1 1 9 12 1 10 12 1 10 12 1 10 12 1 9 12 1 9 12 1 9 12 1 9 100 12 1 1 1 9 12 1 9 12 1 9 12 1 9 12 1 10 12 1 1 100 1 10 100 12 1 1 1 10 11 100 12 1 1 1 11 100 12 1 1 1 9 12 1 1 10 7 12 1 1 1 9 12 1 1 9 100 12 1 1 5 0 10 12 1 1 5 0 9 10 12 1 1 9 12 1 9 12 1 9 12 1 10 12 1 9 12 1 1 10 12 1 1 10 12 1 11 12 1 1 18 11 7 12 1 1 1 10 12 1 1 11 12 1 1 5 0 10 10 12 1 1 10 12 1 10 12 1 10 12 1 10 12 1 10 12 1 10 12 1 9 100 1 1 1 1 1 1 1 1 1 1 1 1 1 1 1 1 1 1 1 1 1 1 1 1 1 1 1 1 1 1 1 1 1 1 1 1 1 1 1 1 1 1 1 1 1 1 1 1 1 100 1 1 1 1 1 1 1 1 1 100 1 1 1 1 1 1 1 1 1 1 1 1 1 1 1 1 1 1 1 1 1 1 1 1 1 1 1 1 1 100 1 1 1 1 1 1 1 1 1 1 1 1 1 1 1 1 1 1 1 1 1 1 1 1 1 1 1 1 1 1 1 1 1 16 15 10 12 1 16 1 15 10 12 16 15 10 7 12 1 1 1 1 100 1 1 1 1 100 1 100 1 1 100 1 1 1 100 1 1 1 1 1 1 1 1 100 1 1 100 1 1 1 100 1 1 100 1 1 100 1 100 1 1
ciInstanceKlass com/sun/tools/javac/code/Symbol$Completer 1 1 35 7 1 10 12 1 1 9 7 12 1 1 1 100 1 1 1 1 100 1 1 1 1 1 1 1 1 1 1 1 100 1 1 1 1
staticfield com/sun/tools/javac/code/Symbol$Completer NULL_COMPLETER Lcom/sun/tools/javac/code/Symbol$Completer; com/sun/tools/javac/code/Symbol$Completer$1
ciInstanceKlass com/sun/tools/javac/resources/CompilerProperties$Fragments 1 1 1421 10 7 12 1 1 1 7 1 8 1 8 1 10 12 1 8 1 8 1 8 1 10 100 12 1 1 1 8 1 8 1 8 1 8 1 8 1 8 1 8 1 8 1 8 1 8 1 8 1 8 1 8 1 8 1 8 1 8 1 8 1 8 1 8 1 8 1 8 1 8 1 8 1 8 1 8 1 8 1 8 1 8 1 8 1 8 1 8 1 8 1 8 1 8 1 8 1 8 1 8 1 8 1 8 1 8 1 8 1 8 1 8 1 8 1 8 1 8 1 8 1 8 1 8 1 8 1 8 1 8 1 8 1 8 1 8 1 8 1 8 1 8 1 8 1 8 1 8 1 8 1 8 1 8 1 8 1 8 1 8 1 8 1 8 1 8 1 8 1 8 1 8 1 8 1 8 1 8 1 8 1 8 1 8 1 8 1 8 1 8 1 8 1 8 1 8 1 8 1 8 1 8 1 8 1 8 1 8 1 8 1 8 1 8 1 8 1 8 1 8 1 8 1 8 1 8 1 8 1 8 1 8 1 8 1 8 1 8 1 8 1 8 1 8 1 8 1 8 1 8 1 8 1 8 1 8 1 8 1 8 1 8 1 8 1 8 1 8 1 8 1 8 1 8 1 8 1 8 1 8 1 8 1 8 1 8 1 8 1 8 1 8 1 8 1 8 1 8 1 8 1 8 1 8 1 8 1 8 1 8 1 8 1 8 1 8 1 8 1 8 1 8 1 8 1 8 1 8 1 8 1 8 1 8 1 8 1 8 1 8 1 8 1 8 1 8 1 8 1 8 1 8 1 8 1 8 1 10 100 12 1 1 8 1 8 1 9 7 12 1 1 1 8 1 9 12 1 8 1 9 12 1 8 1 9 12 1 8 1 9 12 1 8 1 9 12 1 8 1 9 12 1 8 1 9 12 1 8 1 9 12 1 8 1 9 12 1 8 1 9 12 1 8 1 9 12 1 8 1 9 12 1 8 1 9 12 1 8 1 9 12 1 8 1 9 12 1 8 1 9 12 1 8 1 9 12 1 8 1 9 12 1 8 1 9 12 1 8 1 9 12 1 8 1 9 12 1 8 1 9 12 1 8 1 9 12 1 8 1 9 12 1 8 1 9 12 1 8 1 9 12 1 8 1 9 12 1 8 1 9 12 1 8 1 9 12 1 8 1 9 12 1 8 1 9 12 1 8 1 9 12 1 8 1 9 12 1 8 1 9 12 1 8 1 9 12 1 8 1 9 12 1 8 1 9 12 1 8 1 9 12 1 8 1 9 12 1 8 1 9 12 1 8 1 9 12 1 8 1 9 12 1 8 1 9 12 1 8 1 9 12 1 8 1 9 12 1 8 1 9 12 1 8 1 9 12 1 8 1 9 12 1 8 1 9 12 1 8 1 9 12 1 8 1 9 12 1 8 1 9 12 1 8 1 9 12 1 8 1 9 12 1 8 1 9 12 1 8 1 9 12 1 8 1 9 12 1 8 1 9 12 1 8 1 9 12 1 8 1 9 12 1 8 1 9 12 1 8 1 9 12 1 8 1 9 12 1 8 1 9 12 1 8 1 9 12 1 8 1 9 12 1 8 1 9 12 1 8 1 9 12 1 8 1 9 12 1 8 1 9 12 1 8 1 9 12 1 8 1 9 12 1 8 1 9 12 1 8 1 9 12 1 8 1 9 12 1 8 1 9 12 1 8 1 9 12 1 8 1 9 12 1 8 1 9 12 1 8 1 9 12 1 8 1 9 12 1 8 1 9 12 1 8 1 9 12 1 8 1 9 12 1 8 1 9 12 1 8 1 9 12 1 8 1 9 12 1 8 1 9 12 1 8 1 9 12 1 8 1 9 12 1 8 1 9 12 1 8 1 9 12 1 8 1 9 12 1 8 1 9 12 1 8 1 9 12 1 8 1 9 12 1 8 1 9 12 1 8 1 9 12 1 8 1 9 12 1 8 1 9 12 1 8 1 9 12 1 8 1 9 12 1 8 1 9 12 1 8 1 9 12 1 8 1 9 12 1 8 1 9 12 1 8 1 9 12 1 8 1 9 12 1 8 1 9 12 1 8 1 9 12 1 8 1 9 12 1 8 1 9 12 1 8 1 9 12 1 8 1 9 12 1 8 1 9 12 1 8 1 9 12 1 8 1 9 12 1 8 1 9 12 1 8 1 9 12 1 8 1 9 12 1 8 1 9 12 1 8 1 9 12 1 8 1 9 12 1 8 1 9 12 1 8 1 9 12 1 8 1 9 12 1 8 1 9 12 1 8 1 9 12 1 8 1 9 12 1 8 1 9 12 1 8 1 9 12 1 1 1 1 1 1 1 1 1 1 1 1 1 1 1 1 1 1 1 1 1 1 1 1 1 1 1 1 1 1 1 1 1 1 1 1 1 1 1 1 1 1 1 1 1 1 1 1 1 1 1 1 1 1 1 1 1 1 1 1 1 1 1 1 1 1 1 1 1 1 1 1 1 1 1 1 1 1 1 1 1 1 1 1 1 1 1 1 1 1 1 1 1 1 1 1 1 1 1 1 1 1 1 1 1 1 1 1 1 1 1 1 1 1 1 1 1 1 1 1 1 1 1 1 1 1 1 1 1 1 1 1 1 1 1 1 1 1 1 1 1 1 1 1 1 1 1 1 1 1 1 1 1 1 1 1 1 1 1 1 1 1 1 1 1 1 1 1 1 1 1 1 1 1 1 1 1 1 1 1 1 1 1 1 1 1 1 1 1 1 1 1 1 1 1 1 1 1 1 1 1 1 1 1 1 1 1 1 1 1 1 1 1 1 1 1 1 1 1 1 1 1 1 1 1 1 1 1 1 1 1 1 1 1 1 1 1 1 1 1 1 1 1 1 1 1 1 1 1 1 1 1 1 1 1 1 1 1 1 1 1 1 1 1 1 1 1 1 1 1 1 1 1 1 1 1 1 1 1 1 1 1 1 1 1 1 1 1 1 1 1 1 1 1 1 1 1 1 1 1 1 1 1 1 1 1 1 1 1 1 1 1 1 1 1 1 1 1 1 1 1 1 1 1 1 1 1 1 1 1 1 1 1 1 1 1 1 1 1 1 1 1 1 1 1 1 1 1 1 1 1 1 1 1 1 1 1 1 1 1 1 1 1 1 1 1 1 1 1 1 1 1 1 1 100 1 1 100 1 1 1 100 1 100 1 1 100 1 100 1 1 100 1 1
staticfield com/sun/tools/javac/resources/CompilerProperties$Fragments AccessorMethodCantThrowException Lcom/sun/tools/javac/util/JCDiagnostic$Fragment; com/sun/tools/javac/util/JCDiagnostic$Fragment
staticfield com/sun/tools/javac/resources/CompilerProperties$Fragments AccessorMethodMustNotBeGeneric Lcom/sun/tools/javac/util/JCDiagnostic$Fragment; com/sun/tools/javac/util/JCDiagnostic$Fragment
staticfield com/sun/tools/javac/resources/CompilerProperties$Fragments AccessorMethodMustNotBeStatic Lcom/sun/tools/javac/util/JCDiagnostic$Fragment; com/sun/tools/javac/util/JCDiagnostic$Fragment
staticfield com/sun/tools/javac/resources/CompilerProperties$Fragments Anonymous Lcom/sun/tools/javac/util/JCDiagnostic$Fragment; com/sun/tools/javac/util/JCDiagnostic$Fragment
staticfield com/sun/tools/javac/resources/CompilerProperties$Fragments ArgLengthMismatch Lcom/sun/tools/javac/util/JCDiagnostic$Fragment; com/sun/tools/javac/util/JCDiagnostic$Fragment
staticfield com/sun/tools/javac/resources/CompilerProperties$Fragments BadClassSignature Lcom/sun/tools/javac/util/JCDiagnostic$Fragment; com/sun/tools/javac/util/JCDiagnostic$Fragment
staticfield com/sun/tools/javac/resources/CompilerProperties$Fragments BadConstPoolTag Lcom/sun/tools/javac/util/JCDiagnostic$Fragment; com/sun/tools/javac/util/JCDiagnostic$Fragment
staticfield com/sun/tools/javac/resources/CompilerProperties$Fragments BadConstPoolTagAt Lcom/sun/tools/javac/util/JCDiagnostic$Fragment; com/sun/tools/javac/util/JCDiagnostic$Fragment
staticfield com/sun/tools/javac/resources/CompilerProperties$Fragments BadEnclosingClass Lcom/sun/tools/javac/util/JCDiagnostic$Fragment; com/sun/tools/javac/util/JCDiagnostic$Fragment
staticfield com/sun/tools/javac/resources/CompilerProperties$Fragments BadModuleInfoName Lcom/sun/tools/javac/util/JCDiagnostic$Fragment; com/sun/tools/javac/util/JCDiagnostic$Fragment
staticfield com/sun/tools/javac/resources/CompilerProperties$Fragments BadRequiresFlag Lcom/sun/tools/javac/util/JCDiagnostic$Fragment; com/sun/tools/javac/util/JCDiagnostic$Fragment
staticfield com/sun/tools/javac/resources/CompilerProperties$Fragments BadRuntimeInvisibleParamAnnotations Lcom/sun/tools/javac/util/JCDiagnostic$Fragment; com/sun/tools/javac/util/JCDiagnostic$Fragment
staticfield com/sun/tools/javac/resources/CompilerProperties$Fragments BadSignature Lcom/sun/tools/javac/util/JCDiagnostic$Fragment; com/sun/tools/javac/util/JCDiagnostic$Fragment
staticfield com/sun/tools/javac/resources/CompilerProperties$Fragments BadTypeAnnotationValue Lcom/sun/tools/javac/util/JCDiagnostic$Fragment; com/sun/tools/javac/util/JCDiagnostic$Fragment
staticfield com/sun/tools/javac/resources/CompilerProperties$Fragments Bound Lcom/sun/tools/javac/util/JCDiagnostic$Fragment; com/sun/tools/javac/util/JCDiagnostic$Fragment
staticfield com/sun/tools/javac/resources/CompilerProperties$Fragments Canonical Lcom/sun/tools/javac/util/JCDiagnostic$Fragment; com/sun/tools/javac/util/JCDiagnostic$Fragment
staticfield com/sun/tools/javac/resources/CompilerProperties$Fragments CanonicalCantHaveReturnStatement Lcom/sun/tools/javac/util/JCDiagnostic$Fragment; com/sun/tools/javac/util/JCDiagnostic$Fragment
staticfield com/sun/tools/javac/resources/CompilerProperties$Fragments CanonicalMustNotContainExplicitConstructorInvocation Lcom/sun/tools/javac/util/JCDiagnostic$Fragment; com/sun/tools/javac/util/JCDiagnostic$Fragment
staticfield com/sun/tools/javac/resources/CompilerProperties$Fragments CanonicalMustNotDeclareTypeVariables Lcom/sun/tools/javac/util/JCDiagnostic$Fragment; com/sun/tools/javac/util/JCDiagnostic$Fragment
staticfield com/sun/tools/javac/resources/CompilerProperties$Fragments CanonicalWithNameMismatch Lcom/sun/tools/javac/util/JCDiagnostic$Fragment; com/sun/tools/javac/util/JCDiagnostic$Fragment
staticfield com/sun/tools/javac/resources/CompilerProperties$Fragments CantResolveModules Lcom/sun/tools/javac/util/JCDiagnostic$Fragment; com/sun/tools/javac/util/JCDiagnostic$Fragment
staticfield com/sun/tools/javac/resources/CompilerProperties$Fragments ClassFileWrongClass Lcom/sun/tools/javac/util/JCDiagnostic$Fragment; com/sun/tools/javac/util/JCDiagnostic$Fragment
staticfield com/sun/tools/javac/resources/CompilerProperties$Fragments Compact Lcom/sun/tools/javac/util/JCDiagnostic$Fragment; com/sun/tools/javac/util/JCDiagnostic$Fragment
staticfield com/sun/tools/javac/resources/CompilerProperties$Fragments ConditionalTargetCantBeVoid Lcom/sun/tools/javac/util/JCDiagnostic$Fragment; com/sun/tools/javac/util/JCDiagnostic$Fragment
staticfield com/sun/tools/javac/resources/CompilerProperties$Fragments DiamondAnonymousMethodsImplicitlyOverride Lcom/sun/tools/javac/util/JCDiagnostic$Fragment; com/sun/tools/javac/util/JCDiagnostic$Fragment
staticfield com/sun/tools/javac/resources/CompilerProperties$Fragments FatalErrCantClose Lcom/sun/tools/javac/util/JCDiagnostic$Fragment; com/sun/tools/javac/util/JCDiagnostic$Fragment
staticfield com/sun/tools/javac/resources/CompilerProperties$Fragments FeatureCaseNull Lcom/sun/tools/javac/util/JCDiagnostic$Fragment; com/sun/tools/javac/util/JCDiagnostic$Fragment
staticfield com/sun/tools/javac/resources/CompilerProperties$Fragments FeatureDeconstructionPatterns Lcom/sun/tools/javac/util/JCDiagnostic$Fragment; com/sun/tools/javac/util/JCDiagnostic$Fragment
staticfield com/sun/tools/javac/resources/CompilerProperties$Fragments FeatureDiamondAndAnonClass Lcom/sun/tools/javac/util/JCDiagnostic$Fragment; com/sun/tools/javac/util/JCDiagnostic$Fragment
staticfield com/sun/tools/javac/resources/CompilerProperties$Fragments FeatureModules Lcom/sun/tools/javac/util/JCDiagnostic$Fragment; com/sun/tools/javac/util/JCDiagnostic$Fragment
staticfield com/sun/tools/javac/resources/CompilerProperties$Fragments FeatureMultipleCaseLabels Lcom/sun/tools/javac/util/JCDiagnostic$Fragment; com/sun/tools/javac/util/JCDiagnostic$Fragment
staticfield com/sun/tools/javac/resources/CompilerProperties$Fragments FeaturePatternMatchingInstanceof Lcom/sun/tools/javac/util/JCDiagnostic$Fragment; com/sun/tools/javac/util/JCDiagnostic$Fragment
staticfield com/sun/tools/javac/resources/CompilerProperties$Fragments FeaturePatternSwitch Lcom/sun/tools/javac/util/JCDiagnostic$Fragment; com/sun/tools/javac/util/JCDiagnostic$Fragment
staticfield com/sun/tools/javac/resources/CompilerProperties$Fragments FeaturePrivateIntfMethods Lcom/sun/tools/javac/util/JCDiagnostic$Fragment; com/sun/tools/javac/util/JCDiagnostic$Fragment
staticfield com/sun/tools/javac/resources/CompilerProperties$Fragments FeatureRecords Lcom/sun/tools/javac/util/JCDiagnostic$Fragment; com/sun/tools/javac/util/JCDiagnostic$Fragment
staticfield com/sun/tools/javac/resources/CompilerProperties$Fragments FeatureReifiableTypesInstanceof Lcom/sun/tools/javac/util/JCDiagnostic$Fragment; com/sun/tools/javac/util/JCDiagnostic$Fragment
staticfield com/sun/tools/javac/resources/CompilerProperties$Fragments FeatureSealedClasses Lcom/sun/tools/javac/util/JCDiagnostic$Fragment; com/sun/tools/javac/util/JCDiagnostic$Fragment
staticfield com/sun/tools/javac/resources/CompilerProperties$Fragments FeatureStringTemplates Lcom/sun/tools/javac/util/JCDiagnostic$Fragment; com/sun/tools/javac/util/JCDiagnostic$Fragment
staticfield com/sun/tools/javac/resources/CompilerProperties$Fragments FeatureSwitchExpressions Lcom/sun/tools/javac/util/JCDiagnostic$Fragment; com/sun/tools/javac/util/JCDiagnostic$Fragment
staticfield com/sun/tools/javac/resources/CompilerProperties$Fragments FeatureSwitchRules Lcom/sun/tools/javac/util/JCDiagnostic$Fragment; com/sun/tools/javac/util/JCDiagnostic$Fragment
staticfield com/sun/tools/javac/resources/CompilerProperties$Fragments FeatureTextBlocks Lcom/sun/tools/javac/util/JCDiagnostic$Fragment; com/sun/tools/javac/util/JCDiagnostic$Fragment
staticfield com/sun/tools/javac/resources/CompilerProperties$Fragments FeatureUnconditionalPatternsInInstanceof Lcom/sun/tools/javac/util/JCDiagnostic$Fragment; com/sun/tools/javac/util/JCDiagnostic$Fragment
staticfield com/sun/tools/javac/resources/CompilerProperties$Fragments FeatureUnnamedClasses Lcom/sun/tools/javac/util/JCDiagnostic$Fragment; com/sun/tools/javac/util/JCDiagnostic$Fragment
staticfield com/sun/tools/javac/resources/CompilerProperties$Fragments FeatureUnnamedVariables Lcom/sun/tools/javac/util/JCDiagnostic$Fragment; com/sun/tools/javac/util/JCDiagnostic$Fragment
staticfield com/sun/tools/javac/resources/CompilerProperties$Fragments FeatureVarInTryWithResources Lcom/sun/tools/javac/util/JCDiagnostic$Fragment; com/sun/tools/javac/util/JCDiagnostic$Fragment
staticfield com/sun/tools/javac/resources/CompilerProperties$Fragments FeatureVarSyntaxInImplicitLambda Lcom/sun/tools/javac/util/JCDiagnostic$Fragment; com/sun/tools/javac/util/JCDiagnostic$Fragment
staticfield com/sun/tools/javac/resources/CompilerProperties$Fragments FileDoesNotContainModule Lcom/sun/tools/javac/util/JCDiagnostic$Fragment; com/sun/tools/javac/util/JCDiagnostic$Fragment
staticfield com/sun/tools/javac/resources/CompilerProperties$Fragments Guard Lcom/sun/tools/javac/util/JCDiagnostic$Fragment; com/sun/tools/javac/util/JCDiagnostic$Fragment
staticfield com/sun/tools/javac/resources/CompilerProperties$Fragments IllegalFlagCombo Lcom/sun/tools/javac/util/JCDiagnostic$Fragment; com/sun/tools/javac/util/JCDiagnostic$Fragment
staticfield com/sun/tools/javac/resources/CompilerProperties$Fragments IllegalStartOfClassFile Lcom/sun/tools/javac/util/JCDiagnostic$Fragment; com/sun/tools/javac/util/JCDiagnostic$Fragment
staticfield com/sun/tools/javac/resources/CompilerProperties$Fragments ImplicitAndExplicitNotAllowed Lcom/sun/tools/javac/util/JCDiagnostic$Fragment; com/sun/tools/javac/util/JCDiagnostic$Fragment
staticfield com/sun/tools/javac/resources/CompilerProperties$Fragments IncompatibleArgTypesInLambda Lcom/sun/tools/javac/util/JCDiagnostic$Fragment; com/sun/tools/javac/util/JCDiagnostic$Fragment
staticfield com/sun/tools/javac/resources/CompilerProperties$Fragments IncompatibleArgTypesInMref Lcom/sun/tools/javac/util/JCDiagnostic$Fragment; com/sun/tools/javac/util/JCDiagnostic$Fragment
staticfield com/sun/tools/javac/resources/CompilerProperties$Fragments InnerCls Lcom/sun/tools/javac/util/JCDiagnostic$Fragment; com/sun/tools/javac/util/JCDiagnostic$Fragment
staticfield com/sun/tools/javac/resources/CompilerProperties$Fragments KindnameAnnotation Lcom/sun/tools/javac/util/JCDiagnostic$Fragment; com/sun/tools/javac/util/JCDiagnostic$Fragment
staticfield com/sun/tools/javac/resources/CompilerProperties$Fragments KindnameClass Lcom/sun/tools/javac/util/JCDiagnostic$Fragment; com/sun/tools/javac/util/JCDiagnostic$Fragment
staticfield com/sun/tools/javac/resources/CompilerProperties$Fragments KindnameConstructor Lcom/sun/tools/javac/util/JCDiagnostic$Fragment; com/sun/tools/javac/util/JCDiagnostic$Fragment
staticfield com/sun/tools/javac/resources/CompilerProperties$Fragments KindnameEnum Lcom/sun/tools/javac/util/JCDiagnostic$Fragment; com/sun/tools/javac/util/JCDiagnostic$Fragment
staticfield com/sun/tools/javac/resources/CompilerProperties$Fragments KindnameInstanceInit Lcom/sun/tools/javac/util/JCDiagnostic$Fragment; com/sun/tools/javac/util/JCDiagnostic$Fragment
staticfield com/sun/tools/javac/resources/CompilerProperties$Fragments KindnameInterface Lcom/sun/tools/javac/util/JCDiagnostic$Fragment; com/sun/tools/javac/util/JCDiagnostic$Fragment
staticfield com/sun/tools/javac/resources/CompilerProperties$Fragments KindnameMethod Lcom/sun/tools/javac/util/JCDiagnostic$Fragment; com/sun/tools/javac/util/JCDiagnostic$Fragment
staticfield com/sun/tools/javac/resources/CompilerProperties$Fragments KindnameModule Lcom/sun/tools/javac/util/JCDiagnostic$Fragment; com/sun/tools/javac/util/JCDiagnostic$Fragment
staticfield com/sun/tools/javac/resources/CompilerProperties$Fragments KindnamePackage Lcom/sun/tools/javac/util/JCDiagnostic$Fragment; com/sun/tools/javac/util/JCDiagnostic$Fragment
staticfield com/sun/tools/javac/resources/CompilerProperties$Fragments KindnameRecord Lcom/sun/tools/javac/util/JCDiagnostic$Fragment; com/sun/tools/javac/util/JCDiagnostic$Fragment
staticfield com/sun/tools/javac/resources/CompilerProperties$Fragments KindnameRecordComponent Lcom/sun/tools/javac/util/JCDiagnostic$Fragment; com/sun/tools/javac/util/JCDiagnostic$Fragment
staticfield com/sun/tools/javac/resources/CompilerProperties$Fragments KindnameStatic Lcom/sun/tools/javac/util/JCDiagnostic$Fragment; com/sun/tools/javac/util/JCDiagnostic$Fragment
staticfield com/sun/tools/javac/resources/CompilerProperties$Fragments KindnameStaticInit Lcom/sun/tools/javac/util/JCDiagnostic$Fragment; com/sun/tools/javac/util/JCDiagnostic$Fragment
staticfield com/sun/tools/javac/resources/CompilerProperties$Fragments KindnameTypeVariable Lcom/sun/tools/javac/util/JCDiagnostic$Fragment; com/sun/tools/javac/util/JCDiagnostic$Fragment
staticfield com/sun/tools/javac/resources/CompilerProperties$Fragments KindnameTypeVariableBound Lcom/sun/tools/javac/util/JCDiagnostic$Fragment; com/sun/tools/javac/util/JCDiagnostic$Fragment
staticfield com/sun/tools/javac/resources/CompilerProperties$Fragments KindnameValue Lcom/sun/tools/javac/util/JCDiagnostic$Fragment; com/sun/tools/javac/util/JCDiagnostic$Fragment
staticfield com/sun/tools/javac/resources/CompilerProperties$Fragments KindnameVariable Lcom/sun/tools/javac/util/JCDiagnostic$Fragment; com/sun/tools/javac/util/JCDiagnostic$Fragment
staticfield com/sun/tools/javac/resources/CompilerProperties$Fragments Lambda Lcom/sun/tools/javac/util/JCDiagnostic$Fragment; com/sun/tools/javac/util/JCDiagnostic$Fragment
staticfield com/sun/tools/javac/resources/CompilerProperties$Fragments Local Lcom/sun/tools/javac/util/JCDiagnostic$Fragment; com/sun/tools/javac/util/JCDiagnostic$Fragment
staticfield com/sun/tools/javac/resources/CompilerProperties$Fragments LocalArrayMissingTarget Lcom/sun/tools/javac/util/JCDiagnostic$Fragment; com/sun/tools/javac/util/JCDiagnostic$Fragment
staticfield com/sun/tools/javac/resources/CompilerProperties$Fragments LocalCantInferNull Lcom/sun/tools/javac/util/JCDiagnostic$Fragment; com/sun/tools/javac/util/JCDiagnostic$Fragment
staticfield com/sun/tools/javac/resources/CompilerProperties$Fragments LocalCantInferVoid Lcom/sun/tools/javac/util/JCDiagnostic$Fragment; com/sun/tools/javac/util/JCDiagnostic$Fragment
staticfield com/sun/tools/javac/resources/CompilerProperties$Fragments LocalLambdaMissingTarget Lcom/sun/tools/javac/util/JCDiagnostic$Fragment; com/sun/tools/javac/util/JCDiagnostic$Fragment
staticfield com/sun/tools/javac/resources/CompilerProperties$Fragments LocalMissingInit Lcom/sun/tools/javac/util/JCDiagnostic$Fragment; com/sun/tools/javac/util/JCDiagnostic$Fragment
staticfield com/sun/tools/javac/resources/CompilerProperties$Fragments LocalMrefMissingTarget Lcom/sun/tools/javac/util/JCDiagnostic$Fragment; com/sun/tools/javac/util/JCDiagnostic$Fragment
staticfield com/sun/tools/javac/resources/CompilerProperties$Fragments LocalSelfRef Lcom/sun/tools/javac/util/JCDiagnostic$Fragment; com/sun/tools/javac/util/JCDiagnostic$Fragment
staticfield com/sun/tools/javac/resources/CompilerProperties$Fragments LocnModule_path Lcom/sun/tools/javac/util/JCDiagnostic$Fragment; com/sun/tools/javac/util/JCDiagnostic$Fragment
staticfield com/sun/tools/javac/resources/CompilerProperties$Fragments LocnModule_source_path Lcom/sun/tools/javac/util/JCDiagnostic$Fragment; com/sun/tools/javac/util/JCDiagnostic$Fragment
staticfield com/sun/tools/javac/resources/CompilerProperties$Fragments LocnSystem_modules Lcom/sun/tools/javac/util/JCDiagnostic$Fragment; com/sun/tools/javac/util/JCDiagnostic$Fragment
staticfield com/sun/tools/javac/resources/CompilerProperties$Fragments LocnUpgrade_module_path Lcom/sun/tools/javac/util/JCDiagnostic$Fragment; com/sun/tools/javac/util/JCDiagnostic$Fragment
staticfield com/sun/tools/javac/resources/CompilerProperties$Fragments MalformedVarargMethod Lcom/sun/tools/javac/util/JCDiagnostic$Fragment; com/sun/tools/javac/util/JCDiagnostic$Fragment
staticfield com/sun/tools/javac/resources/CompilerProperties$Fragments MethodMustBePublic Lcom/sun/tools/javac/util/JCDiagnostic$Fragment; com/sun/tools/javac/util/JCDiagnostic$Fragment
staticfield com/sun/tools/javac/resources/CompilerProperties$Fragments ModuleInfoDefinitionExpected Lcom/sun/tools/javac/util/JCDiagnostic$Fragment; com/sun/tools/javac/util/JCDiagnostic$Fragment
staticfield com/sun/tools/javac/resources/CompilerProperties$Fragments ModuleInfoInvalidSuperClass Lcom/sun/tools/javac/util/JCDiagnostic$Fragment; com/sun/tools/javac/util/JCDiagnostic$Fragment
staticfield com/sun/tools/javac/resources/CompilerProperties$Fragments MrefInferAndExplicitParams Lcom/sun/tools/javac/util/JCDiagnostic$Fragment; com/sun/tools/javac/util/JCDiagnostic$Fragment
staticfield com/sun/tools/javac/resources/CompilerProperties$Fragments MustNotBeSameClass Lcom/sun/tools/javac/util/JCDiagnostic$Fragment; com/sun/tools/javac/util/JCDiagnostic$Fragment
staticfield com/sun/tools/javac/resources/CompilerProperties$Fragments NoArgs Lcom/sun/tools/javac/util/JCDiagnostic$Fragment; com/sun/tools/javac/util/JCDiagnostic$Fragment
staticfield com/sun/tools/javac/resources/CompilerProperties$Fragments NonStatic Lcom/sun/tools/javac/util/JCDiagnostic$Fragment; com/sun/tools/javac/util/JCDiagnostic$Fragment
staticfield com/sun/tools/javac/resources/CompilerProperties$Fragments ResumeAbort Lcom/sun/tools/javac/util/JCDiagnostic$Fragment; com/sun/tools/javac/util/JCDiagnostic$Fragment
staticfield com/sun/tools/javac/resources/CompilerProperties$Fragments SourceUnavailable Lcom/sun/tools/javac/util/JCDiagnostic$Fragment; com/sun/tools/javac/util/JCDiagnostic$Fragment
staticfield com/sun/tools/javac/resources/CompilerProperties$Fragments StatExprExpected Lcom/sun/tools/javac/util/JCDiagnostic$Fragment; com/sun/tools/javac/util/JCDiagnostic$Fragment
staticfield com/sun/tools/javac/resources/CompilerProperties$Fragments Static Lcom/sun/tools/javac/util/JCDiagnostic$Fragment; com/sun/tools/javac/util/JCDiagnostic$Fragment
staticfield com/sun/tools/javac/resources/CompilerProperties$Fragments StaticMrefWithTargs Lcom/sun/tools/javac/util/JCDiagnostic$Fragment; com/sun/tools/javac/util/JCDiagnostic$Fragment
staticfield com/sun/tools/javac/resources/CompilerProperties$Fragments SwitchExpressionTargetCantBeVoid Lcom/sun/tools/javac/util/JCDiagnostic$Fragment; com/sun/tools/javac/util/JCDiagnostic$Fragment
staticfield com/sun/tools/javac/resources/CompilerProperties$Fragments TokenBadSymbol Lcom/sun/tools/javac/util/JCDiagnostic$Fragment; com/sun/tools/javac/util/JCDiagnostic$Fragment
staticfield com/sun/tools/javac/resources/CompilerProperties$Fragments TokenCharacter Lcom/sun/tools/javac/util/JCDiagnostic$Fragment; com/sun/tools/javac/util/JCDiagnostic$Fragment
staticfield com/sun/tools/javac/resources/CompilerProperties$Fragments TokenDouble Lcom/sun/tools/javac/util/JCDiagnostic$Fragment; com/sun/tools/javac/util/JCDiagnostic$Fragment
staticfield com/sun/tools/javac/resources/CompilerProperties$Fragments TokenEndOfInput Lcom/sun/tools/javac/util/JCDiagnostic$Fragment; com/sun/tools/javac/util/JCDiagnostic$Fragment
staticfield com/sun/tools/javac/resources/CompilerProperties$Fragments TokenFloat Lcom/sun/tools/javac/util/JCDiagnostic$Fragment; com/sun/tools/javac/util/JCDiagnostic$Fragment
staticfield com/sun/tools/javac/resources/CompilerProperties$Fragments TokenIdentifier Lcom/sun/tools/javac/util/JCDiagnostic$Fragment; com/sun/tools/javac/util/JCDiagnostic$Fragment
staticfield com/sun/tools/javac/resources/CompilerProperties$Fragments TokenInteger Lcom/sun/tools/javac/util/JCDiagnostic$Fragment; com/sun/tools/javac/util/JCDiagnostic$Fragment
staticfield com/sun/tools/javac/resources/CompilerProperties$Fragments TokenLongInteger Lcom/sun/tools/javac/util/JCDiagnostic$Fragment; com/sun/tools/javac/util/JCDiagnostic$Fragment
staticfield com/sun/tools/javac/resources/CompilerProperties$Fragments TokenString Lcom/sun/tools/javac/util/JCDiagnostic$Fragment; com/sun/tools/javac/util/JCDiagnostic$Fragment
staticfield com/sun/tools/javac/resources/CompilerProperties$Fragments TypeCaptureof1 Lcom/sun/tools/javac/util/JCDiagnostic$Fragment; com/sun/tools/javac/util/JCDiagnostic$Fragment
staticfield com/sun/tools/javac/resources/CompilerProperties$Fragments TypeMustBeIdenticalToCorrespondingRecordComponentType Lcom/sun/tools/javac/util/JCDiagnostic$Fragment; com/sun/tools/javac/util/JCDiagnostic$Fragment
staticfield com/sun/tools/javac/resources/CompilerProperties$Fragments TypeNone Lcom/sun/tools/javac/util/JCDiagnostic$Fragment; com/sun/tools/javac/util/JCDiagnostic$Fragment
staticfield com/sun/tools/javac/resources/CompilerProperties$Fragments TypeNull Lcom/sun/tools/javac/util/JCDiagnostic$Fragment; com/sun/tools/javac/util/JCDiagnostic$Fragment
staticfield com/sun/tools/javac/resources/CompilerProperties$Fragments TypeReqArrayOrIterable Lcom/sun/tools/javac/util/JCDiagnostic$Fragment; com/sun/tools/javac/util/JCDiagnostic$Fragment
staticfield com/sun/tools/javac/resources/CompilerProperties$Fragments TypeReqClass Lcom/sun/tools/javac/util/JCDiagnostic$Fragment; com/sun/tools/javac/util/JCDiagnostic$Fragment
staticfield com/sun/tools/javac/resources/CompilerProperties$Fragments TypeReqClassArray Lcom/sun/tools/javac/util/JCDiagnostic$Fragment; com/sun/tools/javac/util/JCDiagnostic$Fragment
staticfield com/sun/tools/javac/resources/CompilerProperties$Fragments TypeReqExact Lcom/sun/tools/javac/util/JCDiagnostic$Fragment; com/sun/tools/javac/util/JCDiagnostic$Fragment
staticfield com/sun/tools/javac/resources/CompilerProperties$Fragments TypeReqRef Lcom/sun/tools/javac/util/JCDiagnostic$Fragment; com/sun/tools/javac/util/JCDiagnostic$Fragment
staticfield com/sun/tools/javac/resources/CompilerProperties$Fragments UnableToAccessFile Lcom/sun/tools/javac/util/JCDiagnostic$Fragment; com/sun/tools/javac/util/JCDiagnostic$Fragment
staticfield com/sun/tools/javac/resources/CompilerProperties$Fragments Unbound Lcom/sun/tools/javac/util/JCDiagnostic$Fragment; com/sun/tools/javac/util/JCDiagnostic$Fragment
staticfield com/sun/tools/javac/resources/CompilerProperties$Fragments UncheckedAssign Lcom/sun/tools/javac/util/JCDiagnostic$Fragment; com/sun/tools/javac/util/JCDiagnostic$Fragment
staticfield com/sun/tools/javac/resources/CompilerProperties$Fragments UncheckedCastToType Lcom/sun/tools/javac/util/JCDiagnostic$Fragment; com/sun/tools/javac/util/JCDiagnostic$Fragment
staticfield com/sun/tools/javac/resources/CompilerProperties$Fragments UndeclTypeVar Lcom/sun/tools/javac/util/JCDiagnostic$Fragment; com/sun/tools/javac/util/JCDiagnostic$Fragment
staticfield com/sun/tools/javac/resources/CompilerProperties$Fragments UnexpectedConstPoolTagAt Lcom/sun/tools/javac/util/JCDiagnostic$Fragment; com/sun/tools/javac/util/JCDiagnostic$Fragment
staticfield com/sun/tools/javac/resources/CompilerProperties$Fragments UnexpectedRetVal Lcom/sun/tools/javac/util/JCDiagnostic$Fragment; com/sun/tools/javac/util/JCDiagnostic$Fragment
staticfield com/sun/tools/javac/resources/CompilerProperties$Fragments UnicodeStrNotSupported Lcom/sun/tools/javac/util/JCDiagnostic$Fragment; com/sun/tools/javac/util/JCDiagnostic$Fragment
staticfield com/sun/tools/javac/resources/CompilerProperties$Fragments UnnamedModule Lcom/sun/tools/javac/util/JCDiagnostic$Fragment; com/sun/tools/javac/util/JCDiagnostic$Fragment
staticfield com/sun/tools/javac/resources/CompilerProperties$Fragments UnnamedPackage Lcom/sun/tools/javac/util/JCDiagnostic$Fragment; com/sun/tools/javac/util/JCDiagnostic$Fragment
staticfield com/sun/tools/javac/resources/CompilerProperties$Fragments UserSelectedCompletionFailure Lcom/sun/tools/javac/util/JCDiagnostic$Fragment; com/sun/tools/javac/util/JCDiagnostic$Fragment
staticfield com/sun/tools/javac/resources/CompilerProperties$Fragments VarAndExplicitNotAllowed Lcom/sun/tools/javac/util/JCDiagnostic$Fragment; com/sun/tools/javac/util/JCDiagnostic$Fragment
staticfield com/sun/tools/javac/resources/CompilerProperties$Fragments VarAndImplicitNotAllowed Lcom/sun/tools/javac/util/JCDiagnostic$Fragment; com/sun/tools/javac/util/JCDiagnostic$Fragment
staticfield com/sun/tools/javac/resources/CompilerProperties$Fragments VersionNotAvailable Lcom/sun/tools/javac/util/JCDiagnostic$Fragment; com/sun/tools/javac/util/JCDiagnostic$Fragment
staticfield com/sun/tools/javac/resources/CompilerProperties$Fragments WhereDescriptionCaptured Lcom/sun/tools/javac/util/JCDiagnostic$Fragment; com/sun/tools/javac/util/JCDiagnostic$Fragment
staticfield com/sun/tools/javac/resources/CompilerProperties$Fragments WrongVersion Lcom/sun/tools/javac/util/JCDiagnostic$Fragment; com/sun/tools/javac/util/JCDiagnostic$Fragment
ciInstanceKlass com/sun/tools/javac/util/JCDiagnostic$DiagnosticType 1 1 78 7 1 9 12 1 1 9 12 1 9 12 1 9 12 1 9 12 1 1 10 100 12 1 1 10 7 12 1 1 1 10 12 1 1 9 12 1 1 8 8 1 10 12 1 8 8 1 8 8 1 8 8 1 10 12 1 1 1 1 1 1 1 1 1 1 1 1 1 1 1 1 1 1 100 1 1 1
staticfield com/sun/tools/javac/util/JCDiagnostic$DiagnosticType FRAGMENT Lcom/sun/tools/javac/util/JCDiagnostic$DiagnosticType; com/sun/tools/javac/util/JCDiagnostic$DiagnosticType
staticfield com/sun/tools/javac/util/JCDiagnostic$DiagnosticType NOTE Lcom/sun/tools/javac/util/JCDiagnostic$DiagnosticType; com/sun/tools/javac/util/JCDiagnostic$DiagnosticType
staticfield com/sun/tools/javac/util/JCDiagnostic$DiagnosticType WARNING Lcom/sun/tools/javac/util/JCDiagnostic$DiagnosticType; com/sun/tools/javac/util/JCDiagnostic$DiagnosticType
staticfield com/sun/tools/javac/util/JCDiagnostic$DiagnosticType ERROR Lcom/sun/tools/javac/util/JCDiagnostic$DiagnosticType; com/sun/tools/javac/util/JCDiagnostic$DiagnosticType
staticfield com/sun/tools/javac/util/JCDiagnostic$DiagnosticType $VALUES [Lcom/sun/tools/javac/util/JCDiagnostic$DiagnosticType; 4 [Lcom/sun/tools/javac/util/JCDiagnostic$DiagnosticType;
instanceKlass com/sun/tools/javac/code/Symtab$7
instanceKlass com/sun/tools/javac/code/Symbol$RootPackageSymbol
ciInstanceKlass com/sun/tools/javac/code/Symbol$PackageSymbol 1 1 200 100 1 9 7 12 1 1 1 10 7 12 1 1 1 9 7 12 1 1 1 10 12 1 1 9 12 1 1 10 12 1 7 1 10 12 1 9 12 1 1 10 100 12 1 1 1 9 12 1 10 12 1 1 9 12 1 1 10 12 1 1 100 1 9 12 1 1 9 12 1 1 10 100 1 10 12 1 10 12 1 1 9 12 1 1 9 100 1 10 12 1 10 12 1 1 5 0 9 100 12 1 1 1 9 12 1 1 10 100 12 1 1 11 100 12 1 1 1 11 100 12 1 1 1 10 12 1 1 10 12 1 1 100 1 1 1 1 1 1 1 1 1 1 1 1 1 1 1 1 1 1 1 1 1 1 100 1 1 1 1 1 1 1 1 1 1 1 1 1 1 1 1 1 1 1 1 1 1 100 1 1 1 1 100 1 100 1 1 100 1 1 1 1 1 100 1 100 1 1
instanceKlass com/sun/tools/javac/code/Type$3
instanceKlass com/sun/tools/javac/code/Type$2
instanceKlass com/sun/tools/javac/code/Type$1
ciInstanceKlass com/sun/tools/javac/code/Type$JCNoType 1 1 71 10 7 12 1 1 1 10 7 12 1 1 1 9 7 12 1 1 1 9 100 12 1 1 11 100 12 1 1 1 10 12 1 100 1 100 1 1 1 1 1 1 1 1 1 1 1 1 1 1 1 1 1 1 1 1 1 1 1 1 1 1 1 1 1 100 1 100 1 1 1
instanceKlass com/sun/tools/javac/code/Symtab$5
instanceKlass com/sun/tools/javac/code/Symtab$4
instanceKlass com/sun/tools/javac/code/Symtab$3
ciInstanceKlass com/sun/tools/javac/code/Symbol$ModuleSymbol 1 1 376 7 1 10 12 1 1 7 1 100 1 5 0 10 12 1 10 12 1 1 9 12 1 1 9 12 1 10 7 12 1 1 1 9 12 1 1 9 12 1 1 9 7 12 1 1 1 10 7 12 1 1 10 7 12 1 1 1 9 12 1 1 9 7 12 1 1 1 9 12 1 7 1 10 7 12 1 1 1 9 12 1 1 7 1 9 12 1 10 7 12 1 1 1 7 1 10 12 1 9 12 1 1 100 1 9 12 1 10 100 12 1 1 1 9 12 1 1 11 100 12 1 1 1 10 100 12 1 1 1 9 12 1 1 10 12 1 9 100 12 1 1 1 10 12 1 1 10 12 1 9 12 1 10 100 12 1 1 1 11 12 1 1 8 1 8 1 10 100 12 1 1 1 11 100 12 1 1 1 10 12 1 1 11 100 12 1 1 11 12 1 1 100 1 10 12 1 1 18 12 1 1 10 12 1 1 10 12 1 1 9 12 1 9 12 1 9 12 1 9 12 1 9 12 1 1 10 12 1 10 12 1 1 10 12 1 9 12 1 9 12 1 100 1 1 1 1 1 1 1 1 1 1 1 1 1 1 1 1 1 1 1 1 1 1 1 1 1 1 1 1 1 1 1 1 1 1 1 1 1 1 1 1 1 1 1 1 1 1 1 1 1 1 1 1 1 1 1 1 1 1 1 1 1 1 1 1 1 1 1 1 1 1 1 1 16 15 10 12 16 15 10 100 12 1 1 1 1 1 1 100 1 1 100 1 1 1 1 1 1 100 1 1 100 1 100 1 1 100 1 100 1 1 100 1 1 100 1 1 100 1 1 100 1 1 100 1 1 100 1 1 100 1 100 1 1
ciInstanceKlass com/sun/tools/javac/code/Symbol$Completer$1 1 1 30 10 7 12 1 1 1 100 1 100 1 1 1 1 1 1 1 1 1 1 1 1 1 1 1 1 100 1 1 1
ciInstanceKlass com/sun/tools/javac/util/Names 1 1 752 9 7 12 1 1 1 10 7 12 1 1 1 10 12 1 1 10 12 1 1 10 7 12 1 1 10 7 12 1 1 1 10 12 1 1 9 12 1 1 8 1 10 12 1 1 9 12 1 1 8 1 9 12 1 8 1 9 12 1 8 1 9 12 1 8 1 9 12 1 8 1 9 12 1 8 1 9 12 1 8 1 9 12 1 8 1 9 12 1 8 1 9 12 8 1 9 12 8 1 9 12 8 1 9 12 8 1 9 12 8 1 9 12 8 1 9 12 8 1 9 12 8 1 9 12 8 1 9 12 8 1 9 12 1 8 1 9 12 8 1 9 12 8 1 9 12 8 1 9 12 1 8 1 9 12 8 1 9 12 1 8 1 9 12 8 1 9 12 1 8 1 9 12 8 1 9 12 8 1 9 12 1 8 1 9 12 8 1 9 12 8 1 9 12 1 8 1 9 12 8 1 9 12 8 1 9 12 8 1 9 12 8 1 9 12 8 1 9 12 8 9 12 1 8 1 9 12 8 1 9 12 8 1 9 12 8 1 9 12 8 1 9 12 8 1 9 12 8 1 9 12 8 1 9 12 8 1 9 12 8 1 9 12 8 1 9 12 8 1 9 12 8 1 9 12 8 1 9 12 8 1 9 12 1 8 1 9 12 1 8 1 9 12 1 8 1 9 12 1 8 1 9 12 1 8 1 9 12 1 8 1 9 12 8 1 9 12 8 1 9 12 8 1 9 12 8 1 9 12 1 8 1 9 12 1 8 1 9 12 1 8 1 9 12 1 8 1 9 12 8 1 9 12 8 1 9 12 8 1 9 12 8 1 9 12 8 1 9 12 8 1 9 12 8 1 9 12 8 1 9 12 8 1 9 12 8 1 9 12 8 1 9 12 8 1 9 12 8 1 9 12 8 1 9 12 8 1 9 12 8 1 9 12 8 1 9 12 8 1 9 12 8 1 9 12 8 1 9 12 8 1 9 12 8 1 9 12 8 1 9 12 8 1 9 12 8 1 9 12 8 1 9 12 8 1 9 12 8 1 9 12 8 1 9 12 8 1 9 12 8 1 9 12 8 1 9 12 8 1 9 12 8 1 9 12 8 1 9 12 8 1 9 12 8 1 9 12 8 1 9 12 8 1 9 12 8 1 9 12 8 1 9 12 8 1 9 12 8 1 9 12 8 1 9 12 8 1 9 12 8 1 9 12 8 1 9 12 8 1 9 12 8 1 9 12 8 1 9 12 8 1 9 12 8 1 9 12 8 1 9 12 8 1 9 12 1 8 1 9 12 1 8 1 9 12 8 1 9 12 8 1 9 12 1 8 1 9 12 8 1 9 12 8 1 9 12 8 1 9 12 8 1 9 12 8 1 9 12 8 1 9 12 8 1 9 12 8 1 9 12 8 1 9 12 8 1 9 12 8 1 9 12 8 1 9 12 8 1 9 12 8 1 9 12 8 1 9 12 8 1 9 12 8 1 9 12 8 1 9 12 8 1 9 12 8 1 9 12 8 1 9 12 8 1 10 12 1 1 10 100 12 1 1 1 10 7 12 1 1 10 7 12 1 1 10 12 1 1 10 10 12 1 1 10 12 1 9 100 12 1 1 1 100 1 100 1 10 12 1 7 1 10 1 1 1 1 1 1 1 1 1 1 1 1 1 1 1 1 1 1 1 1 1 1 1 100 1 1 100 1 1
staticfield com/sun/tools/javac/util/Names namesKey Lcom/sun/tools/javac/util/Context$Key; com/sun/tools/javac/util/Context$Key
ciInstanceKlass com/sun/tools/javac/util/InvalidUtfException 0 0 28 10 100 12 1 1 1 9 100 12 1 1 1 1 1 1 5 0 1 1 1 1 1 1 1 1 1 1
instanceKlass com/sun/tools/javac/util/SharedNameTable
ciInstanceKlass com/sun/tools/javac/util/Name$Table 1 1 77 10 7 12 1 1 1 9 7 12 1 1 1 10 7 12 1 1 1 10 12 1 1 9 100 12 1 1 1 10 12 1 1 1 1 1 1 1 1 1 1 1 1 1 1 1 1 1 100 1 1 1 1 1 1 1 1 1 1 1 1 1 1 1 1 1 1 1 1 1 100 1 1 1 100 1 1
ciInstanceKlass com/sun/tools/javac/util/SharedNameTable 1 1 165 9 7 12 1 1 1 10 7 12 1 1 1 9 12 1 1 100 1 10 12 1 1 9 12 1 10 12 1 1 10 12 1 10 12 1 1 10 7 1 9 12 1 1 9 12 1 7 1 9 12 1 1 9 12 1 1 3 3 10 12 1 10 7 12 1 1 1 10 7 12 1 1 1 10 12 1 1 10 12 1 1 9 12 1 10 12 1 1 9 12 1 1 10 12 1 9 12 1 9 7 12 1 1 1 10 12 1 1 10 7 12 1 1 1 10 12 1 10 12 1 1 1 1 1 1 1 1 1 1 1 1 1 1 1 1 1 1 1 1 1 1 1 1 1 1 100 100 1 1 1 1 100 1 1 1 1 1 1 1 100 1 1 1 1
instanceKlass com/sun/tools/javac/util/SharedNameTable$NameImpl
ciInstanceKlass com/sun/tools/javac/util/Name 1 1 180 10 7 12 1 1 1 9 7 12 1 1 1 10 12 1 1 11 100 1 10 7 12 1 1 1 100 1 10 12 1 1 10 12 1 1 10 12 1 1 10 12 1 10 12 1 1 9 7 12 1 1 1 10 7 12 1 1 1 100 1 100 1 10 12 1 10 12 1 1 10 12 1 10 7 12 1 1 1 10 7 12 1 1 1 11 7 12 1 1 1 10 12 1 1 100 1 100 1 100 1 1 1 1 1 1 1 1 1 1 1 1 1 1 1 1 1 1 1 1 1 1 1 1 1 100 1 1 1 1 1 1 1 1 1 1 1 1 1 1 1 1 1 1 1 1 1 1 1 1 1 1 1 1 1 1 1 1 1 1 1 1 1 1 1 1 1 1 1 1 1 1 1 1 1 1 1 1 1 1
ciInstanceKlass com/sun/tools/javac/util/SharedNameTable$NameImpl 1 1 64 10 7 12 1 1 1 9 7 12 1 1 1 9 12 1 10 12 1 1 9 12 1 1 7 1 9 12 1 1 9 10 12 1 1 1 1 1 1 1 1 1 1 1 1 1 1 1 1 1 1 1 1 1 1 1 1 1 1 1 100 1 1 1
ciInstanceKlass com/sun/tools/javac/util/ArrayUtils 1 1 86 10 100 12 1 1 1 100 1 3 100 1 100 1 10 8 1 10 12 1 1 10 12 1 10 12 1 1 10 12 1 10 7 12 1 1 1 10 12 1 1 10 100 12 1 1 10 100 12 1 1 1 100 1 10 100 12 1 1 1 1 1 1 1 1 1 1 1 1 1 1 1 1 1 1 1 1 1 1 1 1 1 1 1 1 1
ciInstanceKlass com/sun/tools/javac/util/Convert 1 1 288 10 100 12 1 1 1 10 7 12 1 1 1 10 7 12 1 1 1 3 10 7 12 1 1 1 100 1 10 10 7 12 1 1 1 5 0 10 7 12 1 1 1 10 7 12 1 1 1 100 1 10 12 1 10 12 1 10 12 1 10 100 12 1 1 1 10 12 1 10 12 1 1 10 12 1 10 12 1 100 1 10 10 12 1 1 10 12 1 1 10 12 1 1 10 12 1 1 10 12 1 1 8 1 8 1 8 1 8 1 8 1 8 1 8 1 8 1 10 12 1 1 10 12 1 8 1 10 12 1 10 12 1 1 10 12 1 1 8 1 10 12 1 1 10 12 1 10 7 12 1 1 1 10 12 1 10 10 12 1 1 10 12 1 10 12 1 8 1 10 7 12 1 1 1 10 12 1 1 10 10 12 1 1 10 12 1 1 9 12 1 1 9 100 12 1 1 1 10 100 12 1 1 1 10 12 1 1 1 1 1 1 1 1 1 1 1 1 1 1 1 1 1 1 1 100 1 1 1 1 1 1 1 1 1 1 1 1 1 1 1 1 1 1 1 1 1 1 1 1 1 1 1 1 1 1 1 1 1 1 1 1 1 1 1 1 1 1 1 1 1 1 1 1 1 1 1 1 1 1 1 1 1 1 1 1 1 1
instanceKlass com/sun/tools/javac/code/Scope$ScopeImpl
ciInstanceKlass com/sun/tools/javac/code/Scope$WriteableScope 1 1 40 10 7 12 1 1 1 9 7 12 1 1 1 10 12 1 1 10 12 1 7 1 10 1 1 1 1 1 1 1 1 1 1 1 1 1 1 1 1 1
instanceKlass com/sun/tools/javac/code/Scope$ErrorScope
ciInstanceKlass com/sun/tools/javac/code/Scope$ScopeImpl 1 1 329 10 7 12 1 1 1 9 7 12 1 1 1 9 12 1 9 12 1 1 10 7 12 1 1 1 9 12 1 1 9 12 1 10 12 1 7 1 9 12 1 1 10 12 1 100 1 10 12 1 10 100 12 1 1 1 11 100 12 1 1 1 9 12 1 1 9 12 1 11 12 1 9 12 1 10 7 12 1 1 9 12 1 9 12 1 1 9 7 12 1 1 1 10 12 1 1 10 12 1 9 12 1 10 12 1 10 12 1 9 12 1 1 10 7 12 1 1 1 18 12 1 1 10 12 1 1 9 12 1 10 12 1 10 12 1 9 12 1 1 10 12 1 10 12 1 9 7 12 1 1 1 11 7 12 1 10 7 12 1 1 1 9 100 12 1 1 1 10 12 1 1 11 100 12 1 1 1 11 100 12 1 1 1 18 12 1 18 12 1 100 1 10 8 1 10 12 1 1 8 1 8 1 10 12 1 8 1 10 12 1 1 7 1 10 12 1 7 1 10 12 1 1 1 3 1 1 1 1 1 1 1 1 1 1 1 1 1 1 1 1 1 1 1 1 1 1 1 1 1 1 1 1 1 1 1 1 1 1 1 1 1 1 1 1 1 1 1 100 1 1 1 1 1 1 1 1 1 1 1 1 1 1 1 1 1 1 1 1 1 1 1 1 1 16 15 10 12 16 16 15 10 12 15 10 12 15 10 7 12 1 1 1 1 1 1 1 1 100 1 100 1 1 1 100 1 100 1 1
staticfield com/sun/tools/javac/code/Scope$ScopeImpl sentinel Lcom/sun/tools/javac/code/Scope$Entry; com/sun/tools/javac/code/Scope$Entry
ciInstanceKlass com/sun/tools/javac/jvm/ClassReader 1 1 2383 100 1 100 1 9 7 12 1 1 1 10 7 12 1 1 1 10 12 1 1 10 7 12 1 1 10 7 12 1 1 1 9 12 1 1 9 12 1 9 12 1 1 9 12 1 1 9 12 1 1 7 1 3 10 12 1 9 12 1 1 7 1 10 9 12 1 1 9 12 1 1 9 12 1 1 9 12 1 1 9 7 12 1 1 1 10 7 12 1 1 1 9 12 1 9 12 1 9 12 1 10 12 1 9 12 1 7 1 10 9 12 1 1 9 12 1 9 12 1 9 12 1 9 12 1 10 12 1 1 10 7 12 1 1 1 9 12 1 1 10 7 12 1 1 9 12 1 1 10 7 12 1 1 9 12 1 1 10 7 12 1 1 9 12 1 1 7 1 10 12 1 9 12 1 1 100 1 8 1 10 12 1 10 7 12 1 1 9 12 1 1 10 7 12 1 1 9 12 1 1 10 7 12 1 1 9 12 1 1 10 7 12 1 1 9 7 12 1 1 1 10 12 1 1 9 12 1 10 7 12 1 1 10 7 12 1 1 9 12 1 1 9 7 12 1 1 1 10 12 1 1 9 12 1 9 12 1 9 12 1 9 12 1 9 12 1 9 12 1 9 12 1 9 12 1 9 12 1 10 7 12 1 1 9 12 1 1 9 12 1 1 10 7 12 1 1 1 9 12 1 1 10 7 12 1 1 9 7 12 1 1 1 10 12 1 1 9 12 1 8 1 10 12 1 1 9 12 10 12 1 9 7 12 1 1 1 5 0 5 0 9 12 1 1 9 12 1 10 7 12 1 1 1 9 7 12 1 1 10 12 1 1 10 12 1 1 10 12 1 1 10 12 1 100 1 10 12 1 1 10 12 1 100 1 10 100 12 1 1 1 10 9 12 1 10 12 1 1 100 1 10 12 1 1 10 12 1 1 10 12 1 10 12 1 1 10 12 1 1 7 1 10 12 1 1 10 12 1 1 9 12 1 11 7 12 1 1 1 7 1 10 12 1 9 7 1 10 12 1 9 7 1 10 12 1 9 7 1 10 12 1 9 9 12 1 9 12 1 9 12 1 10 12 1 1 9 7 12 1 1 1 10 12 1 1 10 12 1 1 7 1 9 7 12 1 1 1 9 12 1 1 10 12 1 9 12 1 1 9 12 1 9 12 1 9 12 1 1 9 12 1 9 12 1 9 12 1 9 12 1 9 12 1 10 12 1 8 1 10 12 1 9 12 1 9 12 1 1 9 12 1 7 1 9 12 1 10 12 1 10 12 1 1 10 12 1 1 10 12 1 1 9 12 1 1 9 7 12 1 1 1 10 12 1 1 9 12 1 9 7 1 5 0 9 12 1 7 1 10 12 1 9 12 1 10 12 1 10 12 1 7 1 10 12 1 10 12 1 10 12 1 1 8 1 10 12 1 1 8 1 10 12 1 1 10 12 1 1 7 1 10 12 1 7 1 10 12 1 10 9 7 12 1 1 1 10 100 12 1 1 1 100 1 10 100 12 1 1 7 1 10 10 12 1 1 10 12 1 1 8 1 10 12 1 8 1 10 12 10 12 1 1 10 12 1 7 1 9 12 1 10 12 1 9 10 12 1 1 10 12 1 1 9 12 1 8 1 9 12 1 10 12 1 1 10 12 1 10 100 12 1 1 1 10 12 1 1 10 12 1 7 1 7 1 9 12 1 9 7 12 1 1 1 10 12 1 7 1 9 12 1 10 7 1 9 12 1 10 7 1 9 12 1 10 7 1 9 12 1 10 7 1 9 12 1 10 7 1 9 12 1 10 7 1 9 12 1 10 7 1 9 12 1 9 12 1 10 7 1 9 12 1 10 7 1 9 12 1 10 7 1 9 12 1 10 7 1 9 12 1 10 7 1 9 12 1 10 7 1 9 12 1 10 7 1 9 12 1 10 7 1 9 12 1 10 7 1 9 12 1 10 7 1 9 12 1 10 7 1 9 12 1 9 12 1 10 7 1 9 12 1 10 7 1 9 12 1 10 7 1 9 12 1 9 12 1 10 7 1 9 12 1 10 7 1 9 12 1 9 12 1 10 7 1 9 12 1 9 12 1 10 9 11 7 12 1 1 9 12 1 10 12 1 10 12 1 9 12 1 1 10 12 1 1 10 7 12 1 1 1 10 7 12 1 1 1 18 12 1 1 10 12 1 1 100 1 9 12 1 1 9 7 12 1 1 8 1 10 12 1 1 10 12 1 1 10 12 1 1 9 12 1 10 12 1 1 9 9 10 12 1 9 12 1 9 12 1 10 12 1 1 9 7 1 10 12 1 1 9 5 0 9 10 12 1 1 10 7 1 10 10 12 1 1 11 7 12 1 1 11 12 1 1 9 10 12 1 10 12 1 8 1 10 10 12 1 10 12 1 10 12 1 1 10 12 1 1 9 10 12 1 1 9 10 100 12 1 1 1 11 100 1 9 9 12 1 10 12 1 1 9 12 1 5 0 10 12 1 10 12 1 10 12 1 10 12 1 10 10 12 10 10 12 1 10 12 1 1 10 12 1 1 10 12 1 11 12 10 12 1 1 10 12 1 1 10 12 1 10 12 1 1 10 12 1 10 12 1 1 7 1 9 10 12 1 1 9 12 1 5 0 9 12 1 9 12 1 9 12 7 1 9 12 1 9 12 9 12 1 7 1 9 9 12 7 1 10 12 1 9 5 0 9 12 1 5 0 9 12 1 5 0 10 12 1 1 9 12 1 10 7 12 1 1 1 5 0 9 12 1 9 12 1 1 9 12 1 9 12 1 9 12 1 5 0 9 12 1 5 0 9 12 1 9 12 1 7 1 10 12 1 10 12 1 1 9 12 1 1 100 1 8 1 10 10 12 1 10 12 1 1 100 1 10 10 12 1 1 9 12 1 1 7 1 10 12 1 10 12 1 1 9 7 12 1 1 7 1 10 12 1 10 12 1 10 12 1 10 12 1 10 12 1 10 12 1 1 100 1 10 12 1 10 12 1 10 100 12 1 1 1 8 1 8 1 10 12 1 1 10 12 1 1 10 12 1 1 9 100 12 1 1 1 10 12 1 10 12 1 10 100 12 1 1 1 9 12 1 10 12 1 10 12 1 10 12 1 10 12 1 9 12 1 9 12 1 9 12 1 10 12 1 10 12 1 10 12 1 10 12 1 10 12 1 1 10 12 1 10 12 1 1 10 12 1 10 12 1 10 12 1 10 12 1 10 12 1 10 12 1 10 12 1 10 12 1 10 12 1 10 12 1 10 12 1 8 1 8 1 10 12 1 100 1 10 12 1 1 11 7 12 1 1 10 12 1 10 12 1 9 12 1 7 1 10 12 1 100 1 10 12 7 1 10 12 8 1 10 12 1 8 1 100 1 10 10 12 1 1 100 1 10 12 1 1 10 12 1 1 10 100 12 1 1 1 10 12 1 1 10 12 1 1 7 1 10 12 1 10 12 1 8 1 10 12 1 8 10 12 1 10 12 1 5 0 9 12 1 10 12 1 9 12 1 9 12 1 9 12 1 9 12 1 5 0 5 0 5 0 8 1 8 1 10 12 10 12 1 10 12 1 9 100 12 1 1 1 10 12 1 1 10 12 1 1 10 10 12 1 1 9 5 0 10 12 1 1 10 12 1 1 8 1 5 0 10 12 1 9 12 1 5 0 8 1 9 12 1 9 12 1 9 12 1 8 1 10 12 1 1 10 7 12 1 1 1 9 12 1 10 100 12 1 1 1 10 9 10 12 1 1 9 12 1 10 12 1 9 12 1 10 12 1 9 12 1 9 12 1 5 0 18 5 0 8 1 11 12 1 10 12 1 11 12 1 8 1 7 1 10 10 12 1 9 12 10 12 1 10 12 1 10 12 1 10 12 1 10 9 12 10 12 1 5 0 9 12 1 9 12 1 10 12 1 1 9 7 12 1 1 8 1 8 1 9 12 1 8 1 10 12 1 10 12 1 1 10 12 1 5 0 8 1 9 12 1 18 12 1 9 12 1 10 12 1 1 10 12 1 1 10 12 1 1 10 12 1 10 12 1 100 1 9 10 12 1 1 9 12 1 1 10 18 12 1 1 10 12 1 10 12 1 1 18 9 12 1 10 12 1 9 12 1 3 8 1 10 12 1 1 3 10 12 1 10 12 1 1 8 1 9 12 1 9 12 1 9 12 1 10 12 10 12 1 1 9 12 1 10 12 1 1 10 12 1 10 12 1 1 10 12 1 10 12 1 5 0 5 0 5 0 11 12 1 10 12 1 11 7 12 1 1 1 10 12 1 1 10 7 12 1 1 7 1 10 12 1 1 10 12 1 10 12 1 1 10 12 1 9 12 1 10 12 1 9 5 0 7 1 7 1 10 12 1 10 12 1 10 12 1 1 10 12 1 1 10 12 1 7 1 10 12 1 9 12 1 1 9 12 1 9 12 1 100 1 100 1 8 1 10 100 1 100 1 8 1 5 0 5 0 5 0 5 0 5 0 5 0 5 0 5 0 7 1 10 1 1 1 1 1 1 1 1 1 1 1 1 1 1 1 1 1 1 1 1 1 1 1 1 1 1 1 1 1 1 1 1 1 1 1 1 1 1 1 100 1 1 1 1 1 100 1 1 1 1 1 100 1 1 1 1 1 100 1 1 1 1 1 100 1 1 1 1 1 1 1 1 1 1 1 1 1 1 1 1 1 1 1 1 1 1 1 1 1 1 1 1 1 1 1 1 1 100 1 1 1 1 1 1 1 1 1 1 1 1 1 1 1 1 1 1 1 1 1 1 1 1 1 1 1 1 1 1 1 1 1 1 1 1 1 1 1 1 1 1 1 1 1 1 1 1 1 1 1 1 1 1 1 1 1 1 1 1 1 1 1 100 1 1 1 1 1 1 1 1 1 1 1 1 1 1 1 1 1 1 1 1 1 1 1 1 1 1 1 1 1 1 1 1 1 1 1 1 1 1 1 1 1 1 1 1 1 1 1 1 1 1 1 1 1 1 1 1 1 1 1 1 1 1 1 1 1 1 1 1 1 1 1 1 1 1 1 1 1 1 1 100 1 100 1 100 1 100 1 100 1 100 1 1 16 15 10 12 1 1 16 15 16 15 10 12 16 16 15 10 12 16 15 16 15 10 7 12 1 1 1 1 1 1 100 1 1 1 1 1 1 1 100 1 1 100 1 1 1 100 1 1 1 1 1 100 1 1 1 1 100 1 1 1 100 1 1 100 1 1 1 1 1 1 1 1 1 100 1 1 1 1 100 1 1 100 1 1 1 1 100 1 1 1 1 1 1 1 1 1 1 1 1 1 1 1 100 1 1 1 1 1 1 1 1 1 100 1 1 1 100 1 1 1 1 1 1 1 1 100 1 1 100 1 100 1 1
staticfield com/sun/tools/javac/jvm/ClassReader classReaderKey Lcom/sun/tools/javac/util/Context$Key; com/sun/tools/javac/util/Context$Key
ciInstanceKlass com/sun/tools/javac/jvm/ClassReader$1 1 1 108 9 7 12 1 1 1 10 7 12 1 1 1 9 12 1 1 9 12 1 1 10 7 12 1 1 1 9 12 1 1 10 7 12 1 1 1 9 12 1 1 10 10 12 1 1 10 100 12 1 1 1 9 100 12 1 1 1 10 100 12 1 1 1 10 12 1 1 10 12 1 1 100 1 10 12 10 1 1 1 1 1 1 1 1 1 1 1 1 1 1 1 1 1 1 1 1 12 1 1 1 1 100 1 1 100 1 1
instanceKlass com/sun/tools/javac/comp/Infer$PartiallyInferredMethodType
instanceKlass com/sun/tools/javac/code/Types$23$1
instanceKlass com/sun/tools/javac/code/Type$StructuralTypeMapping$4
ciInstanceKlass com/sun/tools/javac/code/Type$MethodType 1 1 197 10 7 12 1 1 1 10 7 12 1 1 1 9 7 12 1 1 1 9 12 1 1 9 12 1 9 7 12 1 1 1 11 7 12 1 1 1 100 1 10 12 1 10 12 1 1 10 12 1 1 10 12 1 10 12 1 1 9 12 1 9 12 1 1 10 12 1 1 10 12 1 100 1 10 12 1 1 10 12 1 1 10 12 10 12 1 9 12 1 1 10 12 1 9 12 1 9 100 12 1 1 1 11 100 12 1 1 1 10 12 1 10 12 1 10 12 1 1 10 12 1 10 12 1 10 12 1 100 1 100 1 1 1 1 1 1 1 1 1 1 1 1 1 1 1 1 1 1 1 1 1 1 1 1 1 1 1 1 1 1 1 1 1 1 1 1 1 1 1 1 1 1 1 1 1 1 1 1 1 1 100 1 100 1 1 1 1 100 1 1 100 1 1 100 1 1
instanceKlass com/sun/tools/javac/code/Types$SimpleVisitor
instanceKlass com/sun/tools/javac/code/Types$MapVisitor
ciInstanceKlass com/sun/tools/javac/code/Types$DefaultTypeVisitor 1 1 122 10 7 12 1 1 1 10 7 12 1 1 1 10 7 12 1 1 1 100 1 1 1 1 1 1 1 1 1 1 1 1 1 1 1 1 1 1 1 1 1 1 1 1 1 1 1 1 1 1 1 1 1 1 1 1 1 1 1 1 1 1 1 1 1 1 1 1 1 1 1 1 1 1 1 1 1 1 1 1 1 1 1 1 100 1 1 1 1 100 1 1 100 1 1 100 1 1 100 1 1 100 1 1 100 1 1 100 1 1 100 1 1 100 1 1 100 1 1 100 1 1
ciInstanceKlass com/sun/tools/javac/code/TypeTag 1 1 263 100 1 7 1 9 12 1 1 9 12 1 9 12 1 9 12 1 9 12 1 9 12 1 9 12 1 9 12 1 9 12 1 9 12 1 9 12 1 9 12 1 9 12 1 9 12 1 9 12 1 9 12 1 9 12 1 9 12 1 9 12 1 9 12 1 9 12 1 9 12 1 9 12 1 9 12 1 9 12 1 9 12 1 1 10 7 12 1 1 10 7 12 1 1 1 10 12 1 1 10 12 1 9 12 1 1 9 12 1 9 12 1 1 10 12 1 1 9 100 12 1 1 1 9 12 1 9 12 1 9 12 1 9 12 1 9 12 1 9 12 1 9 12 1 100 1 100 1 10 12 1 8 1 10 12 1 1 10 12 1 10 12 1 1 10 12 1 9 100 12 1 1 9 12 9 12 9 12 9 12 9 12 9 12 9 12 9 12 8 1 100 1 100 1 3 100 1 10 8 8 8 8 8 8 8 8 8 10 8 8 8 8 8 8 8 8 8 8 8 8 8 8 8 8 10 12 1 1 1 1 1 1 1 1 1 1 1 1 1 1 1 1 1 1 1 1 1 1 1 1 1 1 1 1 1 1 1 1 1 100 1 1
staticfield com/sun/tools/javac/code/TypeTag BYTE Lcom/sun/tools/javac/code/TypeTag; com/sun/tools/javac/code/TypeTag
staticfield com/sun/tools/javac/code/TypeTag CHAR Lcom/sun/tools/javac/code/TypeTag; com/sun/tools/javac/code/TypeTag
staticfield com/sun/tools/javac/code/TypeTag SHORT Lcom/sun/tools/javac/code/TypeTag; com/sun/tools/javac/code/TypeTag
staticfield com/sun/tools/javac/code/TypeTag LONG Lcom/sun/tools/javac/code/TypeTag; com/sun/tools/javac/code/TypeTag
staticfield com/sun/tools/javac/code/TypeTag FLOAT Lcom/sun/tools/javac/code/TypeTag; com/sun/tools/javac/code/TypeTag
staticfield com/sun/tools/javac/code/TypeTag INT Lcom/sun/tools/javac/code/TypeTag; com/sun/tools/javac/code/TypeTag
staticfield com/sun/tools/javac/code/TypeTag DOUBLE Lcom/sun/tools/javac/code/TypeTag; com/sun/tools/javac/code/TypeTag
staticfield com/sun/tools/javac/code/TypeTag BOOLEAN Lcom/sun/tools/javac/code/TypeTag; com/sun/tools/javac/code/TypeTag
staticfield com/sun/tools/javac/code/TypeTag VOID Lcom/sun/tools/javac/code/TypeTag; com/sun/tools/javac/code/TypeTag
staticfield com/sun/tools/javac/code/TypeTag CLASS Lcom/sun/tools/javac/code/TypeTag; com/sun/tools/javac/code/TypeTag
staticfield com/sun/tools/javac/code/TypeTag ARRAY Lcom/sun/tools/javac/code/TypeTag; com/sun/tools/javac/code/TypeTag
staticfield com/sun/tools/javac/code/TypeTag METHOD Lcom/sun/tools/javac/code/TypeTag; com/sun/tools/javac/code/TypeTag
staticfield com/sun/tools/javac/code/TypeTag PACKAGE Lcom/sun/tools/javac/code/TypeTag; com/sun/tools/javac/code/TypeTag
staticfield com/sun/tools/javac/code/TypeTag MODULE Lcom/sun/tools/javac/code/TypeTag; com/sun/tools/javac/code/TypeTag
staticfield com/sun/tools/javac/code/TypeTag TYPEVAR Lcom/sun/tools/javac/code/TypeTag; com/sun/tools/javac/code/TypeTag
staticfield com/sun/tools/javac/code/TypeTag WILDCARD Lcom/sun/tools/javac/code/TypeTag; com/sun/tools/javac/code/TypeTag
staticfield com/sun/tools/javac/code/TypeTag FORALL Lcom/sun/tools/javac/code/TypeTag; com/sun/tools/javac/code/TypeTag
staticfield com/sun/tools/javac/code/TypeTag DEFERRED Lcom/sun/tools/javac/code/TypeTag; com/sun/tools/javac/code/TypeTag
staticfield com/sun/tools/javac/code/TypeTag BOT Lcom/sun/tools/javac/code/TypeTag; com/sun/tools/javac/code/TypeTag
staticfield com/sun/tools/javac/code/TypeTag NONE Lcom/sun/tools/javac/code/TypeTag; com/sun/tools/javac/code/TypeTag
staticfield com/sun/tools/javac/code/TypeTag ERROR Lcom/sun/tools/javac/code/TypeTag; com/sun/tools/javac/code/TypeTag
staticfield com/sun/tools/javac/code/TypeTag UNKNOWN Lcom/sun/tools/javac/code/TypeTag; com/sun/tools/javac/code/TypeTag
staticfield com/sun/tools/javac/code/TypeTag UNDETVAR Lcom/sun/tools/javac/code/TypeTag; com/sun/tools/javac/code/TypeTag
staticfield com/sun/tools/javac/code/TypeTag UNINITIALIZED_THIS Lcom/sun/tools/javac/code/TypeTag; com/sun/tools/javac/code/TypeTag
staticfield com/sun/tools/javac/code/TypeTag UNINITIALIZED_OBJECT Lcom/sun/tools/javac/code/TypeTag; com/sun/tools/javac/code/TypeTag
staticfield com/sun/tools/javac/code/TypeTag $VALUES [Lcom/sun/tools/javac/code/TypeTag; 25 [Lcom/sun/tools/javac/code/TypeTag;
ciInstanceKlass com/sun/tools/javac/code/Symtab 1 1 1450 100 1 9 7 12 1 1 1 10 7 12 1 1 1 10 12 1 1 9 12 1 1 100 1 10 12 1 18 12 1 1 11 7 12 1 1 1 7 1 9 7 12 1 1 1 9 12 1 1 10 12 1 1 10 7 12 1 1 1 7 1 9 12 1 1 10 7 12 1 1 1 9 12 1 1 10 12 1 10 12 1 1 10 12 1 9 12 1 1 7 1 10 12 1 8 1 10 12 1 1 10 12 1 1 9 12 1 1 10 12 1 1 9 12 1 1 9 7 12 1 1 1 7 1 10 12 1 9 7 1 10 12 1 7 1 9 9 7 12 1 1 5 0 9 12 1 1 9 12 1 10 7 12 1 1 1 9 12 1 1 10 7 12 1 1 1 9 12 1 1 9 12 1 9 12 1 9 12 1 9 12 1 10 7 1 7 1 9 12 1 1 10 12 1 9 12 1 1 9 12 1 9 12 1 9 12 1 9 12 1 9 12 1 9 12 1 9 12 1 9 12 1 9 12 1 9 12 1 9 12 1 9 12 1 9 12 1 9 12 1 7 1 10 9 12 1 7 1 10 9 12 1 1 10 12 1 7 1 7 1 10 9 12 1 9 12 1 7 1 10 9 12 1 10 12 1 1 10 12 1 1 7 1 10 9 12 1 10 7 12 1 1 9 12 1 1 10 7 12 1 1 10 7 12 1 1 7 1 9 12 1 1 10 12 1 1 10 12 1 7 1 10 12 1 9 12 1 10 12 1 1 9 7 12 1 1 9 12 1 10 12 1 1 7 1 10 9 12 1 7 1 10 9 12 1 7 1 9 7 12 1 1 1 9 12 1 1 10 12 1 9 12 1 5 0 9 12 1 9 12 1 1 7 1 10 12 1 9 12 1 8 1 9 12 1 7 1 10 12 1 8 1 8 1 10 12 1 8 1 8 1 8 1 8 1 8 1 8 1 8 1 8 1 8 1 8 1 8 1 8 1 8 1 8 1 8 1 8 1 8 1 5 0 9 12 1 10 12 1 9 12 1 9 12 1 9 12 1 9 12 1 9 12 1 9 12 1 10 7 12 1 1 10 12 1 1 9 12 1 9 7 1 9 10 12 1 10 7 12 1 1 9 7 12 1 1 1 10 12 1 1 9 12 10 12 1 1 9 10 7 12 1 1 1 9 12 1 10 7 12 1 1 10 9 12 1 8 1 10 12 1 9 12 1 8 1 9 12 1 8 1 9 12 1 8 1 9 12 1 8 1 9 12 1 8 1 9 12 1 8 1 9 12 1 8 1 9 12 1 8 1 9 12 1 8 1 9 12 1 8 1 9 12 1 8 1 9 12 1 8 1 9 12 1 8 1 9 12 1 8 1 9 12 1 8 1 9 12 1 8 1 9 12 1 8 1 9 12 1 8 1 9 12 1 8 1 9 12 1 8 1 9 12 1 8 1 9 12 1 8 1 9 12 1 8 1 9 12 1 8 1 9 12 1 8 1 9 12 1 8 1 9 12 1 8 1 9 12 1 8 1 8 1 9 12 1 9 12 1 9 12 1 7 1 5 0 9 12 1 7 1 10 12 1 10 9 12 1 1 8 1 9 12 1 8 1 9 12 1 8 1 9 12 1 8 1 9 12 1 8 1 9 12 1 8 1 9 12 1 8 1 9 12 1 8 1 9 12 1 8 1 9 12 1 8 1 9 12 1 8 1 9 12 1 8 1 9 12 1 8 1 9 12 1 8 1 9 12 1 8 1 9 12 1 8 1 9 12 1 8 1 9 12 1 8 1 9 12 1 8 1 9 12 1 9 12 1 10 12 1 9 12 1 8 1 9 12 1 8 1 9 12 1 8 1 9 12 1 8 1 9 12 1 8 1 9 12 1 8 1 9 12 1 8 1 10 12 1 9 12 1 8 1 9 12 1 8 1 9 12 1 8 1 9 12 1 8 1 9 12 1 8 1 9 12 1 8 1 9 12 1 8 1 9 12 1 8 1 9 12 1 8 1 9 12 1 8 1 9 12 1 8 1 9 12 1 8 1 9 12 1 8 1 9 12 1 8 1 9 12 1 10 12 1 1 10 12 1 8 1 9 12 1 8 1 9 12 1 8 1 9 12 1 8 1 9 12 1 8 1 9 12 1 8 1 9 12 1 5 0 9 12 1 10 12 1 1 10 12 1 5 0 9 12 1 10 9 12 1 1 10 9 12 1 9 12 1 10 7 12 1 1 1 18 12 1 1 10 7 12 1 1 10 12 1 1 10 12 1 10 12 1 1 10 12 1 1 9 12 1 9 12 1 1 9 12 1 9 12 1 9 7 1 9 12 1 5 0 10 10 12 1 10 12 1 9 12 1 18 12 1 10 12 1 11 12 1 1 11 12 10 12 1 1 10 12 1 10 12 1 1 10 12 10 12 1 10 12 1 9 12 1 10 12 1 1 18 12 1 11 7 12 1 1 1 18 12 1 1 11 12 1 1 9 11 12 10 9 12 1 11 12 18 12 1 1 9 12 1 18 10 7 12 1 1 1 10 12 9 12 1 10 12 1 18 12 1 10 12 1 1 10 12 1 9 10 12 1 1 18 7 1 10 18 12 1 9 5 0 9 12 1 10 12 1 18 11 12 1 1 11 7 12 1 1 11 7 12 1 1 11 12 1 1 7 1 11 12 1 10 10 11 12 1 11 12 1 1 11 12 8 1 10 12 1 18 10 100 12 1 1 1 11 100 1 9 7 12 1 1 9 12 1 9 12 1 10 100 12 1 1 1 10 12 1 10 12 1 1 100 1 10 12 1 10 12 1 1 10 12 1 5 0 9 12 1 7 1 10 1 1 1 1 1 1 1 1 1 1 1 1 1 1 1 1 1 1 1 1 1 1 1 1 1 1 1 1 1 1 1 1 1 1 1 1 100 1 1 1 1 1 1 1 1 1 1 1 1 1 1 1 1 1 1 1 1 1 1 1 1 1 1 1 1 1 1 1 1 1 1 1 1 1 1 1 1 1 1 1 1 1 1 1 1 1 1 1 1 1 1 1 1 1 1 1 1 1 1 1 1 1 1 1 1 1 1 1 16 15 10 12 16 1 16 15 16 15 10 16 15 10 12 16 16 1 15 10 12 16 16 15 10 12 15 10 12 16 15 10 12 15 10 12 15 10 12 15 10 12 15 10 12 16 15 10 7 12 1 1 1 1 1 1 1 1 1 1 1 1 1 100 1 1 1 1 1 1 1 100 1 1 100 1 1 1 1 1 1 1 1 100 1 1 1 100 1 100 1 1
staticfield com/sun/tools/javac/code/Symtab symtabKey Lcom/sun/tools/javac/util/Context$Key; com/sun/tools/javac/util/Context$Key
staticfield com/sun/tools/javac/code/Symtab EMPTY Ljava/util/Map; java/util/HashMap
ciInstanceKlass com/sun/tools/javac/code/Symbol$RootPackageSymbol 1 1 35 10 7 12 1 1 1 9 7 12 1 1 1 9 12 1 1 1 1 1 1 1 1 1 1 1 1 1 1 1 100 1 1 1 1
ciInstanceKlass com/sun/tools/javac/code/Symtab$3 1 1 114 9 7 12 1 1 1 10 7 12 1 1 1 10 7 12 1 1 1 9 12 1 1 9 12 1 9 12 1 9 12 1 9 7 12 1 1 1 9 7 12 1 1 1 10 12 1 1 7 1 9 7 12 1 1 1 10 7 12 1 1 1 10 12 1 10 12 1 9 12 1 9 12 1 1 8 1 100 1 10 100 12 1 1 1 1 1 1 1 1 1 1 1 1 1 1 1 1 1 1 1 1 1 12 1 1 1 100 1 1 100 1 1 1
ciInstanceKlass com/sun/tools/javac/code/Type$1 1 1 26 10 7 12 1 1 1 8 1 100 1 1 1 1 1 1 1 1 1 1 1 100 1 1 1 1
instanceKlass com/sun/tools/javac/code/Types$TypeProjection
instanceKlass com/sun/tools/javac/code/Types$20
instanceKlass com/sun/tools/javac/code/Types$11
instanceKlass com/sun/tools/javac/code/Types$9
instanceKlass com/sun/tools/javac/comp/DeferredAttr$3
instanceKlass com/sun/tools/javac/code/Type$StructuralTypeMapping
ciInstanceKlass com/sun/tools/javac/code/Types$TypeMapping 1 1 99 10 7 12 1 1 1 10 7 12 1 1 1 18 12 1 1 10 7 12 1 1 1 10 12 1 1 7 1 10 12 1 1 10 12 10 12 1 100 1 1 1 1 1 1 1 1 1 1 1 1 1 1 1 1 1 1 1 1 1 1 1 1 1 1 1 1 1 1 1 7 1 1 16 15 10 12 16 15 10 7 12 1 1 1 1 1 1 100 1 1 100 1 1 100 1 100 1 1
ciInstanceKlass com/sun/tools/javac/code/Type$StructuralTypeMapping$4 1 1 48 10 7 12 1 1 1 100 1 1 1 1 1 1 1 1 1 1 1 1 1 1 1 1 1 1 1 1 1 1 1 1 100 1 12 1 1 1 100 1 1 1 100 1 100 1 1 1
ciInstanceKlass com/sun/tools/javac/code/Kinds$Kind 1 1 245 7 1 9 12 1 1 9 12 1 9 12 1 9 12 1 9 12 1 9 12 1 9 12 1 9 12 1 9 12 1 9 12 1 9 12 1 9 12 1 9 12 1 9 12 1 9 12 1 9 12 1 9 12 1 9 12 1 9 12 1 1 10 7 12 1 1 10 7 12 1 1 1 10 12 1 1 10 12 1 9 12 1 1 9 12 1 1 9 12 1 9 12 1 1 10 7 12 1 1 1 9 7 12 1 1 9 12 1 9 12 1 10 12 1 1 100 1 100 1 10 12 1 8 1 10 12 1 1 10 12 1 10 12 1 1 10 12 1 8 9 12 10 12 1 8 9 7 12 1 1 9 12 10 12 1 8 9 12 1 9 12 8 9 12 9 12 8 9 12 1 9 12 8 9 12 8 9 12 8 9 12 1 9 12 8 10 12 1 8 8 8 8 8 10 12 1 8 8 8 8 10 12 1 1 1 1 1 1 1 1 1 1 1 1 1 1 1 1 1 1 1 1 1 1 1 1 1 1 1 1 1 1 1 1 1 1 1 100 1 1 1 1 1 1
staticfield com/sun/tools/javac/code/Kinds$Kind NIL Lcom/sun/tools/javac/code/Kinds$Kind; com/sun/tools/javac/code/Kinds$Kind
staticfield com/sun/tools/javac/code/Kinds$Kind PCK Lcom/sun/tools/javac/code/Kinds$Kind; com/sun/tools/javac/code/Kinds$Kind
staticfield com/sun/tools/javac/code/Kinds$Kind TYP Lcom/sun/tools/javac/code/Kinds$Kind; com/sun/tools/javac/code/Kinds$Kind
staticfield com/sun/tools/javac/code/Kinds$Kind VAR Lcom/sun/tools/javac/code/Kinds$Kind; com/sun/tools/javac/code/Kinds$Kind
staticfield com/sun/tools/javac/code/Kinds$Kind MTH Lcom/sun/tools/javac/code/Kinds$Kind; com/sun/tools/javac/code/Kinds$Kind
staticfield com/sun/tools/javac/code/Kinds$Kind POLY Lcom/sun/tools/javac/code/Kinds$Kind; com/sun/tools/javac/code/Kinds$Kind
staticfield com/sun/tools/javac/code/Kinds$Kind MDL Lcom/sun/tools/javac/code/Kinds$Kind; com/sun/tools/javac/code/Kinds$Kind
staticfield com/sun/tools/javac/code/Kinds$Kind ERR Lcom/sun/tools/javac/code/Kinds$Kind; com/sun/tools/javac/code/Kinds$Kind
staticfield com/sun/tools/javac/code/Kinds$Kind AMBIGUOUS Lcom/sun/tools/javac/code/Kinds$Kind; com/sun/tools/javac/code/Kinds$Kind
staticfield com/sun/tools/javac/code/Kinds$Kind HIDDEN Lcom/sun/tools/javac/code/Kinds$Kind; com/sun/tools/javac/code/Kinds$Kind
staticfield com/sun/tools/javac/code/Kinds$Kind STATICERR Lcom/sun/tools/javac/code/Kinds$Kind; com/sun/tools/javac/code/Kinds$Kind
staticfield com/sun/tools/javac/code/Kinds$Kind MISSING_ENCL Lcom/sun/tools/javac/code/Kinds$Kind; com/sun/tools/javac/code/Kinds$Kind
staticfield com/sun/tools/javac/code/Kinds$Kind BAD_RESTRICTED_TYPE Lcom/sun/tools/javac/code/Kinds$Kind; com/sun/tools/javac/code/Kinds$Kind
staticfield com/sun/tools/javac/code/Kinds$Kind ABSENT_VAR Lcom/sun/tools/javac/code/Kinds$Kind; com/sun/tools/javac/code/Kinds$Kind
staticfield com/sun/tools/javac/code/Kinds$Kind WRONG_MTHS Lcom/sun/tools/javac/code/Kinds$Kind; com/sun/tools/javac/code/Kinds$Kind
staticfield com/sun/tools/javac/code/Kinds$Kind WRONG_MTH Lcom/sun/tools/javac/code/Kinds$Kind; com/sun/tools/javac/code/Kinds$Kind
staticfield com/sun/tools/javac/code/Kinds$Kind ABSENT_MTH Lcom/sun/tools/javac/code/Kinds$Kind; com/sun/tools/javac/code/Kinds$Kind
staticfield com/sun/tools/javac/code/Kinds$Kind ABSENT_TYP Lcom/sun/tools/javac/code/Kinds$Kind; com/sun/tools/javac/code/Kinds$Kind
staticfield com/sun/tools/javac/code/Kinds$Kind $VALUES [Lcom/sun/tools/javac/code/Kinds$Kind; 18 [Lcom/sun/tools/javac/code/Kinds$Kind;
ciInstanceKlass com/sun/tools/javac/code/Kinds$KindSelector 1 1 127 10 7 12 1 1 1 9 7 12 1 1 1 10 12 1 100 1 10 100 12 1 1 1 9 12 1 1 9 12 1 9 12 1 10 12 1 1 9 12 9 12 1 9 12 1 9 12 1 9 12 1 9 12 1 9 12 1 9 12 1 9 12 1 9 12 1 9 12 1 9 12 1 9 12 1 10 12 1 1 9 12 1 9 12 1 9 12 1 9 12 1 9 12 1 1 1 1 1 1 1 1 1 1 1 100 1 1 1 1 1 1 1 1 1 1 1 1 1 1 1 1 100 1 1 1 1
staticfield com/sun/tools/javac/code/Kinds$KindSelector NIL Lcom/sun/tools/javac/code/Kinds$KindSelector; com/sun/tools/javac/code/Kinds$KindSelector
staticfield com/sun/tools/javac/code/Kinds$KindSelector PCK Lcom/sun/tools/javac/code/Kinds$KindSelector; com/sun/tools/javac/code/Kinds$KindSelector
staticfield com/sun/tools/javac/code/Kinds$KindSelector TYP Lcom/sun/tools/javac/code/Kinds$KindSelector; com/sun/tools/javac/code/Kinds$KindSelector
staticfield com/sun/tools/javac/code/Kinds$KindSelector VAR Lcom/sun/tools/javac/code/Kinds$KindSelector; com/sun/tools/javac/code/Kinds$KindSelector
staticfield com/sun/tools/javac/code/Kinds$KindSelector VAL Lcom/sun/tools/javac/code/Kinds$KindSelector; com/sun/tools/javac/code/Kinds$KindSelector
staticfield com/sun/tools/javac/code/Kinds$KindSelector MTH Lcom/sun/tools/javac/code/Kinds$KindSelector; com/sun/tools/javac/code/Kinds$KindSelector
staticfield com/sun/tools/javac/code/Kinds$KindSelector POLY Lcom/sun/tools/javac/code/Kinds$KindSelector; com/sun/tools/javac/code/Kinds$KindSelector
staticfield com/sun/tools/javac/code/Kinds$KindSelector MDL Lcom/sun/tools/javac/code/Kinds$KindSelector; com/sun/tools/javac/code/Kinds$KindSelector
staticfield com/sun/tools/javac/code/Kinds$KindSelector ERR Lcom/sun/tools/javac/code/Kinds$KindSelector; com/sun/tools/javac/code/Kinds$KindSelector
staticfield com/sun/tools/javac/code/Kinds$KindSelector ASG Lcom/sun/tools/javac/code/Kinds$KindSelector; com/sun/tools/javac/code/Kinds$KindSelector
staticfield com/sun/tools/javac/code/Kinds$KindSelector TYP_PCK Lcom/sun/tools/javac/code/Kinds$KindSelector; com/sun/tools/javac/code/Kinds$KindSelector
staticfield com/sun/tools/javac/code/Kinds$KindSelector VAL_MTH Lcom/sun/tools/javac/code/Kinds$KindSelector; com/sun/tools/javac/code/Kinds$KindSelector
staticfield com/sun/tools/javac/code/Kinds$KindSelector VAL_POLY Lcom/sun/tools/javac/code/Kinds$KindSelector; com/sun/tools/javac/code/Kinds$KindSelector
staticfield com/sun/tools/javac/code/Kinds$KindSelector VAL_TYP Lcom/sun/tools/javac/code/Kinds$KindSelector; com/sun/tools/javac/code/Kinds$KindSelector
staticfield com/sun/tools/javac/code/Kinds$KindSelector VAL_TYP_PCK Lcom/sun/tools/javac/code/Kinds$KindSelector; com/sun/tools/javac/code/Kinds$KindSelector
ciInstanceKlass com/sun/tools/javac/util/Convert$Validation 1 1 74 7 1 9 12 1 1 9 12 1 9 12 1 9 12 1 1 10 100 12 1 1 10 7 12 1 1 1 10 12 1 1 9 12 1 1 9 12 1 9 12 1 8 10 12 1 8 8 10 12 1 1 1 1 1 1 1 1 1 1 1 1 1 1 1 1 1 1 1 1 100 1 1 1
staticfield com/sun/tools/javac/util/Convert$Validation NONE Lcom/sun/tools/javac/util/Convert$Validation; com/sun/tools/javac/util/Convert$Validation
staticfield com/sun/tools/javac/util/Convert$Validation PREJDK14 Lcom/sun/tools/javac/util/Convert$Validation; com/sun/tools/javac/util/Convert$Validation
staticfield com/sun/tools/javac/util/Convert$Validation STRICT Lcom/sun/tools/javac/util/Convert$Validation; com/sun/tools/javac/util/Convert$Validation
staticfield com/sun/tools/javac/util/Convert$Validation $VALUES [Lcom/sun/tools/javac/util/Convert$Validation; 3 [Lcom/sun/tools/javac/util/Convert$Validation;
instanceKlass com/sun/tools/javac/comp/Annotate$AnnotationTypeMetadata$1
ciInstanceKlass com/sun/tools/javac/comp/Annotate$AnnotationTypeMetadata 1 1 218 100 1 10 7 12 1 1 1 9 7 12 1 1 1 9 12 1 1 10 7 12 1 1 1 10 12 1 11 7 12 1 1 10 12 1 9 12 1 1 10 7 12 1 1 1 9 12 1 7 1 10 10 12 1 1 9 7 12 1 1 1 10 7 12 1 1 1 11 7 12 1 1 1 11 7 12 1 1 11 12 1 1 100 1 9 12 1 1 9 100 12 1 1 9 12 1 1 9 100 12 1 1 1 9 100 12 1 1 1 9 100 12 1 1 10 12 1 1 5 0 100 1 11 7 12 1 1 1 10 12 1 1 11 9 12 1 1 100 1 10 8 1 10 12 1 1 10 12 1 10 12 1 1 9 12 1 1 7 1 10 12 1 1 1 1 1 1 1 1 1 1 1 1 1 1 1 1 1 1 1 1 1 1 1 1 1 1 1 1 1 1 1 1 1 1 1 1 100 1 1 1 1 1 100 1 100 1 1 100 1 1 1 100 1 1 1 1
staticfield com/sun/tools/javac/comp/Annotate$AnnotationTypeMetadata NOT_AN_ANNOTATION_TYPE Lcom/sun/tools/javac/comp/Annotate$AnnotationTypeMetadata; com/sun/tools/javac/comp/Annotate$AnnotationTypeMetadata$1
ciInstanceKlass com/sun/tools/javac/comp/Annotate$AnnotationTypeMetadata$1 1 1 63 10 7 12 1 1 1 8 1 100 1 10 12 1 100 1 1 1 1 1 1 1 1 1 1 1 1 1 1 1 1 1 1 1 1 1 1 1 1 1 1 1 1 100 1 1 1 100 1 100 1 1 100 1 1 100 1 1 100 1 100 1 1
instanceKlass com/sun/tools/javac/code/Directive$OpensDirective
instanceKlass com/sun/tools/javac/code/Directive$ExportsDirective
instanceKlass com/sun/tools/javac/code/Directive$RequiresDirective
ciInstanceKlass com/sun/tools/javac/code/Directive 1 1 47 10 7 12 1 1 1 100 1 100 1 1 1 1 1 1 1 1 1 100 1 100 1 100 1 100 1 100 1 100 1 100 1 100 1 1 100 1 1 1 1 1 1 1 1 1 1
ciInstanceKlass com/sun/tools/javac/code/Directive$RequiresDirective 1 1 119 7 1 10 100 12 1 1 1 10 7 12 1 1 1 10 7 12 1 1 9 12 1 1 9 12 1 1 9 100 12 1 1 1 9 12 1 1 11 7 12 1 1 1 9 12 1 100 1 10 8 1 10 12 1 1 10 12 1 8 1 8 1 10 12 1 1 11 100 12 1 1 1 10 12 1 1 100 1 1 1 1 1 1 1 1 1 1 1 1 1 1 1 1 1 1 1 1 1 1 1 1 1 1 1 1 1 1 1 1 100 1 100 1 1 100 1 1 1
ciInstanceKlass com/sun/tools/javac/util/Iterators 1 1 61 10 100 12 1 1 1 9 7 12 1 1 1 7 1 10 12 1 7 1 10 12 1 10 7 12 1 1 1 1 1 1 1 1 1 1 1 1 1 1 1 1 1 1 1 1 1 1 1 1 1 1 1 1 1 1 1 1 1 1 1
staticfield com/sun/tools/javac/util/Iterators EMPTY Ljava/util/Iterator; java/util/Collections$EmptyIterator
ciInstanceKlass com/sun/tools/javac/code/Types 1 1 2245 100 1 9 7 12 1 1 1 10 7 12 1 1 1 10 12 1 1 10 7 12 1 1 10 7 12 1 1 1 9 12 1 1 7 1 10 12 1 9 12 1 1 7 1 10 9 12 1 1 7 1 10 9 12 1 1 7 1 10 9 12 1 1 7 1 10 9 12 1 1 7 1 10 9 12 1 7 1 10 9 12 1 7 1 10 9 12 1 7 1 10 9 12 1 7 1 10 9 12 1 1 7 1 10 9 12 1 7 1 10 9 12 1 7 1 10 9 12 1 7 1 10 9 12 1 7 1 10 9 12 1 7 1 10 9 12 1 7 1 10 9 12 1 7 1 10 9 12 1 7 1 10 9 12 1 1 7 1 10 9 12 1 7 1 10 9 12 1 1 7 1 10 9 12 1 1 7 1 10 9 12 1 1 7 1 10 12 1 9 12 1 9 12 1 7 1 10 9 12 1 1 7 1 10 9 12 1 7 1 10 9 12 1 9 12 1 18 12 1 1 9 12 1 1 7 1 10 9 12 1 1 10 12 1 1 10 7 12 1 1 1 9 12 1 1 10 7 12 1 1 9 12 1 1 10 7 12 1 1 10 7 12 1 1 9 12 1 1 10 7 12 1 1 9 12 1 1 8 1 10 12 1 1 9 12 1 1 10 7 12 1 1 9 12 1 1 10 7 12 1 1 9 12 1 1 7 1 10 12 1 9 12 1 1 9 7 12 1 1 1 10 7 12 1 1 1 100 1 10 12 1 1 9 12 1 1 9 12 1 1 10 7 12 1 1 1 9 12 1 10 12 1 1 9 12 1 10 12 1 10 12 1 10 12 1 9 12 1 10 12 1 10 12 1 10 12 1 10 10 12 1 100 1 10 12 1 9 100 12 1 1 1 10 12 1 1 100 1 10 10 12 1 1 10 12 1 1 10 7 12 1 1 7 1 10 12 1 10 7 1 9 12 1 10 12 1 10 12 1 1 9 12 1 10 12 1 10 12 1 10 12 1 1 9 7 1 10 12 1 10 12 1 10 12 1 10 100 12 1 1 1 9 12 1 1 10 12 1 10 12 1 1 100 1 10 12 1 10 12 1 10 12 1 1 18 12 1 11 100 12 1 1 1 9 7 1 7 1 10 10 12 1 1 11 7 12 1 1 11 12 1 1 9 12 1 1 10 12 1 1 10 12 1 1 9 7 12 1 1 1 9 12 1 1 10 100 12 1 1 1 10 12 1 1 8 1 10 7 12 1 1 1 9 12 1 10 12 1 10 12 1 1 9 12 1 9 100 12 1 1 1 9 100 12 1 1 1 10 12 1 1 10 12 1 9 100 12 1 1 1 9 12 1 10 100 12 1 1 1 9 12 1 1 7 1 10 7 12 1 1 1 9 12 1 10 12 1 10 12 1 7 1 9 12 1 1 10 12 1 9 12 1 10 12 1 10 12 1 10 12 1 1 9 12 1 9 12 1 1 9 12 1 1 10 12 1 1 10 12 1 1 10 12 1 1 10 7 12 1 1 1 11 7 1 10 12 1 1 10 10 12 1 10 12 1 10 12 10 12 1 1 9 10 12 1 1 9 12 1 11 100 12 1 1 1 9 100 12 1 1 1 10 12 1 1 10 12 10 12 1 1 10 12 1 1 9 12 1 7 1 9 12 1 10 12 10 12 1 10 12 1 10 12 1 10 12 1 9 100 12 1 1 1 10 12 1 1 10 12 1 9 12 1 10 12 1 1 10 10 12 1 9 12 1 10 12 1 10 12 1 10 12 1 10 12 1 10 12 10 12 1 9 12 1 10 7 1 10 12 1 100 1 9 12 1 9 100 12 1 1 1 10 12 1 1 9 10 12 1 9 12 1 1 5 0 9 9 12 1 9 12 1 10 12 1 9 12 1 10 12 10 12 1 100 1 9 12 1 1 10 12 1 1 10 12 1 10 12 10 12 1 1 9 12 9 12 1 9 7 12 1 1 1 10 7 12 1 1 1 10 12 1 10 12 1 1 10 12 10 12 1 10 12 1 10 10 12 1 18 12 1 11 12 1 10 12 10 12 1 10 12 1 10 12 1 1 100 1 9 9 12 1 9 12 1 100 1 10 8 1 10 12 1 1 10 12 1 1 10 9 12 1 10 12 1 9 10 12 1 9 5 0 10 12 1 9 12 1 10 12 1 10 12 1 100 1 10 12 1 10 12 1 1 10 12 1 10 12 9 12 1 10 12 1 1 10 7 1 10 12 1 10 10 12 1 1 5 0 9 12 1 1 10 9 12 1 9 12 1 10 100 1 10 12 1 9 12 1 11 7 12 1 1 10 12 1 11 12 1 10 12 1 10 12 1 10 12 10 12 1 1 10 12 1 1 9 12 1 1 9 12 1 10 5 0 10 12 1 10 12 10 12 1 1 10 12 1 5 0 10 12 1 1 10 100 12 1 1 9 12 1 10 100 12 1 1 1 10 12 10 12 1 10 12 1 10 12 1 10 12 1 10 12 1 10 12 1 1 10 12 1 100 1 10 12 1 1 10 12 1 10 12 1 10 18 12 1 10 12 1 1 7 1 10 7 12 1 1 10 12 1 10 12 1 1 100 1 9 12 1 1 10 100 12 1 1 1 10 12 1 1 10 5 0 10 9 7 12 1 1 1 10 7 12 1 1 1 9 9 12 1 5 0 10 12 1 1 10 12 1 1 10 100 1 10 12 1 10 12 1 100 1 10 12 1 10 12 1 10 10 12 1 10 12 1 10 12 1 10 12 1 10 12 1 7 1 10 12 1 10 12 1 10 12 1 10 12 1 9 10 9 12 1 9 12 1 10 12 1 1 7 1 9 12 1 10 10 12 1 10 12 1 9 9 10 12 1 1 9 12 1 10 12 1 1 100 1 10 10 100 12 1 1 1 10 12 1 10 12 1 10 12 1 1 10 12 1 8 1 10 12 1 8 1 10 12 1 1 8 1 10 12 1 10 12 1 1 10 12 1 18 12 1 18 12 1 18 12 1 1 18 12 1 7 1 11 7 12 1 1 11 7 12 1 1 10 12 1 1 10 12 1 10 12 1 10 10 12 1 10 12 1 10 100 1 10 12 1 11 7 1 10 12 1 1 9 12 1 9 12 1 10 12 1 11 12 1 9 12 1 10 12 1 10 10 12 1 10 12 1 11 10 12 1 10 10 12 1 1 10 12 1 1 100 1 9 12 1 10 12 10 12 1 10 12 1 10 12 10 12 1 1 10 12 9 12 9 12 1 9 12 1 10 12 1 10 12 1 1 10 12 10 12 1 10 12 1 10 12 10 12 1 1 9 12 1 1 10 7 1 7 1 9 12 1 10 10 12 1 10 12 1 10 12 1 9 12 1 1 9 12 1 1 10 12 1 1 9 12 1 10 12 1 10 10 10 12 1 1 10 12 1 10 12 1 10 9 12 1 10 12 1 10 12 1 10 10 10 12 1 10 12 1 10 12 1 1 10 12 1 10 12 1 5 0 10 12 10 12 10 12 1 10 12 100 1 10 12 1 10 12 1 1 10 12 1 100 1 10 12 1 100 1 10 12 1 10 10 12 1 9 12 1 9 7 1 10 12 1 1 9 7 12 1 1 9 12 1 10 12 1 1 9 12 1 10 12 1 1 7 1 9 12 1 9 7 1 9 12 1 9 12 9 12 9 12 1 9 12 11 7 12 1 1 9 12 1 9 12 1 1 9 12 1 9 12 1 9 12 1 9 12 1 100 1 9 8 1 10 12 1 9 12 1 1 10 100 12 1 1 11 9 9 12 7 1 10 12 1 8 1 7 1 10 7 1 10 10 7 1 10 1 1 1 1 1 1 1 1 1 1 1 1 1 1 1 1 1 1 1 1 1 1 1 1 1 1 1 1 1 1 1 1 1 1 1 1 1 1 1 1 1 1 1 1 1 1 1 1 1 1 1 1 1 1 1 1 1 1 1 1 1 1 1 1 1 1 1 1 1 1 1 1 1 100 1 1 1 1 1 1 1 1 1 1 1 1 1 1 1 1 1 1 1 1 1 1 1 1 1 1 1 1 1 1 1 1 1 1 1 1 100 1 1 1 1 1 1 1 1 1 1 1 1 1 1 1 1 1 1 1 1 1 1 1 1 1 1 1 1 1 1 1 1 1 1 1 1 1 1 1 1 1 1 1 1 1 1 1 1 1 1 1 1 1 1 100 1 1 1 1 1 1 1 1 1 1 1 1 1 1 1 1 1 1 1 1 1 1 1 1 100 1 1 1 1 1 1 1 1 1 1 1 1 1 1 1 1 1 1 1 1 1 1 1 1 1 1 1 1 1 1 1 1 1 1 1 1 1 1 1 1 1 1 1 1 1 1 1 1 1 1 1 1 1 1 1 1 1 1 1 1 1 1 1 1 1 1 1 1 1 1 1 1 1 1 1 1 1 1 1 1 1 1 1 1 1 1 1 1 1 1 1 1 1 1 1 1 100 1 1 1 1 1 1 1 1 1 1 1 1 1 1 1 1 1 1 1 1 1 1 1 1 1 1 1 1 1 1 1 1 1 1 1 1 1 1 1 1 1 1 1 1 1 1 1 1 1 1 1 1 1 1 1 1 1 1 1 1 100 1 1 1 1 1 1 1 1 1 1 1 1 1 1 1 1 100 1 100 1 100 1 100 1 100 1 100 1 100 1 100 1 100 1 100 1 100 1 100 1 100 1 100 1 100 1 100 1 100 1 100 1 100 1 100 1 100 1 100 1 1 16 15 10 12 16 16 15 10 12 16 15 10 12 16 15 10 12 16 15 10 12 16 1 16 1 15 10 12 16 1 16 15 10 12 1 16 1 16 15 10 12 16 1 15 10 7 12 1 1 1 1 1 1 1 1 1 1 1 1 1 1 1 100 1 1 100 1 1 1 1 1 1 1 1 1 1 1 1 1 1 1 1 100 1 1 1 1 1 100 1 1 1 1 1 100 1 1 1 1 1 1 1 1 1 1 1 100 1 1 1 1 1 1 100 1 1 1 1 1 1 1 1 1 100 1 1 100 1 1 1 1 1 1 1 1 1 1 1 100 1 100 1 1
staticfield com/sun/tools/javac/code/Types typesKey Lcom/sun/tools/javac/util/Context$Key; com/sun/tools/javac/util/Context$Key
staticfield com/sun/tools/javac/code/Types newInstanceFun Lcom/sun/tools/javac/code/Types$TypeMapping; com/sun/tools/javac/code/Types$20
staticfield com/sun/tools/javac/code/Types hashCodeVisitor Lcom/sun/tools/javac/code/Types$HashCodeVisitor; com/sun/tools/javac/code/Types$HashCodeVisitor
staticfield com/sun/tools/javac/code/Types hashCodeStrictVisitor Lcom/sun/tools/javac/code/Types$HashCodeVisitor; com/sun/tools/javac/code/Types$24
ciInstanceKlass com/sun/tools/javac/comp/TypeEnter 1 1 925 100 1 9 7 12 1 1 1 10 7 12 1 1 1 10 12 1 1 10 7 12 1 1 9 12 1 1 7 1 10 12 1 9 12 1 1 10 12 1 1 10 7 12 1 1 1 9 12 1 1 10 7 12 1 1 9 12 1 1 10 7 12 1 1 9 12 1 1 10 7 12 1 1 9 12 1 1 10 7 12 1 1 9 12 1 1 10 7 12 1 1 9 12 1 1 10 7 12 1 1 9 12 1 1 10 7 12 1 1 9 12 1 1 10 7 12 1 1 9 12 1 1 10 7 12 1 1 9 12 1 1 10 7 12 1 1 9 12 1 1 10 7 12 1 1 9 12 1 1 10 7 12 1 1 9 12 1 1 10 7 12 1 1 9 12 1 1 10 7 12 1 1 9 12 1 1 10 7 12 1 1 9 12 1 1 10 7 12 1 1 9 12 1 1 10 7 12 1 1 9 12 1 1 10 7 12 1 1 9 7 12 1 1 1 10 12 1 1 9 12 1 10 7 12 1 1 1 11 7 12 1 1 1 11 12 1 1 7 1 9 12 1 1 10 7 12 1 1 10 12 1 1 18 12 1 1 10 12 1 1 10 7 12 1 1 1 5 0 10 7 12 1 1 1 9 12 1 1 10 12 1 9 12 1 1 5 0 7 1 9 7 12 1 1 1 10 12 1 1 10 12 1 10 12 1 1 10 12 1 1 10 12 1 10 12 1 7 1 10 7 1 9 12 1 1 9 12 1 1 9 12 1 1 10 12 1 1 11 7 12 1 1 18 12 1 10 12 1 9 12 1 1 10 12 1 1 11 7 12 1 10 12 1 1 10 12 1 10 12 1 9 12 1 1 10 7 12 1 1 10 100 1 10 12 1 1 10 12 1 1 10 7 12 1 1 1 18 12 1 1 10 100 12 1 1 1 11 100 1 9 12 1 1 10 7 12 1 1 1 10 12 1 1 100 1 11 7 12 1 1 1 11 12 1 1 7 1 10 11 12 1 1 9 9 12 1 11 12 1 9 7 12 1 1 1 10 12 1 1 9 12 1 9 12 1 1 10 12 1 1 9 12 1 1 10 12 1 1 10 12 1 10 12 1 10 12 1 10 12 1 11 12 1 10 7 12 1 1 1 18 12 1 1 10 12 1 1 10 12 1 1 10 12 1 1 10 10 12 1 10 12 1 1 10 12 1 1 11 12 1 1 10 12 1 1 10 12 1 1 100 1 9 12 1 1 9 100 1 9 12 1 5 0 9 12 1 5 0 10 12 1 1 9 12 1 5 0 9 12 1 5 0 9 12 1 9 12 1 10 12 1 1 18 11 100 12 1 1 1 18 12 1 11 12 1 18 12 1 11 12 1 1 18 12 1 1 10 100 12 1 1 1 9 100 12 1 1 1 10 100 12 1 1 1 9 100 12 1 1 1 10 100 12 1 1 9 100 12 1 1 1 100 1 10 12 1 10 12 1 9 12 1 10 12 1 1 9 12 1 9 12 1 1 9 100 12 1 1 10 12 1 1 7 1 10 100 1 1 1 1 1 3 1 1 1 1 1 1 1 1 1 1 1 1 1 1 1 1 1 1 1 1 1 1 1 1 1 1 1 1 1 1 1 1 1 100 1 1 1 1 1 1 1 100 1 1 1 1 1 1 1 1 1 1 1 1 1 1 1 1 1 1 1 1 1 1 1 1 1 1 1 1 1 1 1 1 1 1 1 1 1 1 1 1 1 1 1 1 1 1 1 1 1 1 1 1 1 1 1 1 100 1 100 1 100 1 100 1 100 1 100 1 100 1 100 1 100 1 100 1 100 1 100 1 100 1 100 1 100 1 1 16 15 10 12 15 10 12 16 15 10 12 16 16 15 16 1 15 10 12 16 15 10 12 16 15 10 12 16 1 16 1 15 10 12 16 1 15 10 7 12 1 1 1 1 1 1 1 1 100 1 1 1 1 1 1 100 1 1 1 1 100 1 100 1 1 1 1 1 100 1 1 1 100 1 1 100 1 1 100 1 1 100 1 1 100 1 1 1 1 1 1 100 1 1 1 1 1 1 1 1 1 1 1 1 100 1 1 1 100 1 100 1 1
staticfield com/sun/tools/javac/comp/TypeEnter typeEnterKey Lcom/sun/tools/javac/util/Context$Key; com/sun/tools/javac/util/Context$Key
ciInstanceKlass com/sun/tools/javac/comp/TypeEnter$HierarchyPhase 1 1 276 9 7 12 1 1 1 9 7 12 1 1 1 7 1 10 12 1 1 10 7 12 1 1 10 7 12 1 1 1 11 7 12 1 1 1 11 12 1 1 7 1 9 12 1 1 9 7 12 1 1 1 9 7 12 1 1 1 10 12 1 1 9 12 1 1 7 1 10 12 1 1 10 12 1 1 9 12 1 1 9 7 12 1 1 1 9 7 12 1 1 9 12 1 1 9 12 1 1 10 7 12 1 1 1 9 12 1 10 7 12 1 1 1 9 100 12 1 1 1 9 12 1 1 10 12 1 9 12 1 1 9 12 1 10 12 1 1 9 12 1 1 9 7 12 1 1 10 12 1 1 10 12 1 1 9 7 12 1 1 1 10 12 1 1 10 7 12 1 1 1 100 1 9 12 1 9 12 1 1 7 1 10 7 12 1 1 1 9 100 1 9 12 1 1 10 7 12 1 1 1 10 12 1 1 10 12 1 1 100 1 1 1 1 1 1 1 1 1 1 1 1 1 1 1 1 1 1 1 1 1 1 1 1 1 1 1 1 100 1 1 1 1 1 1 100 1 1 1 1 100 1 1 100 1 1 1 1 1 1 100 1 100 1 1 100 1 1 1 1 1 1 100 1 1 1
ciInstanceKlass com/sun/tools/javac/code/DeferredCompletionFailureHandler 1 1 124 9 7 12 1 1 1 10 7 12 1 1 1 10 12 1 1 10 7 12 1 1 7 1 10 12 1 9 12 1 1 7 1 10 9 12 1 7 1 10 9 12 1 9 12 1 10 12 1 1 11 7 12 1 1 11 12 1 11 12 1 1 11 12 1 1 11 12 1 1 100 1 7 1 10 1 1 1 1 1 1 1 1 1 1 1 1 1 1 1 1 1 1 1 1 1 1 1 1 1 1 1 1 1 100 1 100 1 1 1 1 100 1 100 1 1 100 1 1 100 1 1 1 1
staticfield com/sun/tools/javac/code/DeferredCompletionFailureHandler deferredCompletionFailureHandlerKey Lcom/sun/tools/javac/util/Context$Key; com/sun/tools/javac/util/Context$Key
ciInstanceKlass  @bci com/sun/tools/javac/code/Symtab enterPackage (Lcom/sun/tools/javac/code/Symbol$ModuleSymbol;Lcom/sun/tools/javac/util/Name;)Lcom/sun/tools/javac/code/Symbol$PackageSymbol; 29 <appendix> member <vmtarget> ; 1 1 26 1 7 1 7 1 100 1 1 1 1 1 12 10 12 9 1 1 1 100 1 1 12 10 1 1
ciInstanceKlass  @bci com/sun/tools/javac/code/Symtab getClass (Lcom/sun/tools/javac/code/Symbol$ModuleSymbol;Lcom/sun/tools/javac/util/Name;)Lcom/sun/tools/javac/code/Symbol$ClassSymbol; 7 <appendix> member <vmtarget> ; 1 1 26 1 7 1 7 1 100 1 1 1 1 1 12 10 12 9 1 1 1 100 1 1 12 10 1 1
ciInstanceKlass  @bci com/sun/tools/javac/code/Symtab doEnterClass (Lcom/sun/tools/javac/code/Symbol$ModuleSymbol;Lcom/sun/tools/javac/code/Symbol$ClassSymbol;)V 8 <appendix> argL0 ; 1 1 23 1 7 1 7 1 100 1 1 12 10 1 1 1 7 1 7 1 1 12 10 1 1
instanceKlass com/sun/tools/javac/util/DiagnosticSource$1
ciInstanceKlass com/sun/tools/javac/util/DiagnosticSource 1 1 163 100 1 10 7 12 1 1 1 9 7 12 1 1 1 9 12 1 1 10 12 1 1 9 12 1 1 9 12 1 1 9 12 1 9 12 1 11 12 1 1 100 1 10 12 1 9 12 1 1 100 1 8 1 10 12 1 100 1 9 12 1 1 10 100 12 1 1 1 100 10 12 1 1 100 1 8 1 10 100 12 1 1 1 11 100 12 1 1 1 100 1 10 100 12 1 1 1 10 12 1 1 11 100 12 1 1 1 10 12 1 1 10 12 1 7 1 10 9 12 1 1 1 1 1 1 1 1 1 1 1 1 1 1 1 100 1 1 1 1 1 1 1 1 1 1 1 1 1 1 1 1 1 1 1 1 1 1 1 1 1 1 1
staticfield com/sun/tools/javac/util/DiagnosticSource NO_SOURCE Lcom/sun/tools/javac/util/DiagnosticSource; com/sun/tools/javac/util/DiagnosticSource$1
ciInstanceKlass  @bci com/sun/tools/javac/code/Symtab lookupPackage (Lcom/sun/tools/javac/code/Symbol$ModuleSymbol;Lcom/sun/tools/javac/util/Name;Z)Lcom/sun/tools/javac/code/Symbol$PackageSymbol; 101 <appendix> argL0 ; 1 1 23 1 7 1 7 1 100 1 1 12 10 1 1 1 7 1 7 1 1 12 10 1 1
ciInstanceKlass  @bci com/sun/tools/javac/code/Symtab lookupPackage (Lcom/sun/tools/javac/code/Symbol$ModuleSymbol;Lcom/sun/tools/javac/util/Name;Z)Lcom/sun/tools/javac/code/Symbol$PackageSymbol; 112 <appendix> member <vmtarget> ; 1 1 28 1 7 1 7 1 100 1 1 1 1 1 12 10 12 9 1 1 1 7 1 7 1 1 12 10 1 1
ciMethodData java/lang/Object <init> ()V 2 359081 orig 80 1 0 0 0 0 0 0 0 0 0 0 0 0 0 0 0 0 0 0 0 0 0 0 0 0 0 0 0 0 0 0 0 0 0 0 0 0 0 0 0 0 0 0 0 0 0 0 0 0 0 0 0 0 0 0 0 0 0 0 0 0 0 0 0 0 0 0 0 0 0 0 0 0 0 0 0 0 0 0 0 data 4 0x0 0x9 0x1 0x0 oops 0 methods 0
ciMethodData java/lang/String isLatin1 ()Z 2 256478 orig 80 0 0 0 0 0 0 0 0 0 0 0 0 0 0 0 0 0 0 0 0 0 0 0 0 0 0 0 0 0 0 0 0 0 0 0 0 0 0 0 0 0 0 0 0 0 0 0 0 0 0 0 0 0 0 0 0 0 0 0 0 0 0 0 0 0 0 0 0 0 0 0 0 0 0 0 0 0 0 0 0 data 18 0x30007 0x0 0x58 0x3e9df 0xa0007 0x3a 0x38 0x3e9a5 0xe0003 0x3e9a5 0x18 0x0 0x0 0x0 0x0 0x9 0x1 0x0 oops 0 methods 0
ciMethodData java/util/Objects requireNonNull (Ljava/lang/Object;)Ljava/lang/Object; 2 92109 orig 80 0 0 0 0 0 0 0 0 0 0 0 0 0 0 0 0 0 0 0 0 0 0 0 0 0 0 0 0 0 0 0 0 0 0 0 0 0 0 0 0 0 0 0 0 0 0 0 0 0 0 0 0 0 0 0 0 0 0 0 0 0 0 0 0 0 0 0 0 0 0 0 0 0 0 0 0 0 0 0 0 data 15 0x10007 0x167cd 0x30 0x0 0x80002 0x0 0x0 0x0 0x0 0x0 0x0 0x0 0x9 0x1 0x0 oops 0 methods 0
ciMethodData java/util/AbstractCollection <init> ()V 2 60565 orig 80 0 0 0 0 0 0 0 0 0 0 0 0 0 0 0 0 0 0 0 0 0 0 0 0 0 0 0 0 0 0 0 0 0 0 0 0 0 0 0 0 0 0 0 0 0 0 0 0 0 0 0 0 0 0 0 0 0 0 0 0 0 0 0 0 0 0 0 0 0 0 0 0 0 0 0 0 0 0 0 0 data 7 0x10002 0xec95 0x0 0x0 0x9 0x1 0x0 oops 0 methods 0
ciMethodData java/lang/String length ()I 2 331670 orig 80 0 0 0 0 0 0 0 0 0 0 0 0 0 0 0 0 0 0 0 0 0 0 0 0 0 0 0 0 0 0 0 0 0 0 0 0 0 0 0 0 0 0 0 0 0 0 0 0 0 0 0 0 0 0 0 0 0 0 0 0 0 0 0 0 0 0 0 0 0 0 0 0 0 0 0 0 0 0 0 0 data 16 0x60005 0x50f97 0x0 0x0 0x0 0x0 0x0 0x0 0x0 0x0 0x0 0x0 0x0 0x9 0x1 0x0 oops 0 methods 0
ciMethodData java/util/HashMap hash (Ljava/lang/Object;)I 2 27528 orig 80 0 0 0 0 0 0 0 0 0 0 0 0 0 0 0 0 0 0 0 0 0 0 0 0 0 0 0 0 0 0 0 0 0 0 0 0 0 0 0 0 0 0 0 0 0 0 0 0 0 0 0 0 0 0 0 0 0 0 0 0 0 0 0 0 0 0 0 0 0 0 0 0 0 0 0 0 0 0 0 0 data 23 0x10007 0x6b88 0x38 0x0 0x50003 0x0 0x50 0x90005 0x3c77 0x0 0x2517dca7238 0x2d1c 0x2517ecd37c0 0x1f5 0x0 0x0 0x0 0x0 0x0 0x0 0x9 0x1 0x0 oops 2 10 java/lang/String 12 java/lang/module/ModuleDescriptor methods 0
ciMethodData java/util/HashMap getNode (Ljava/lang/Object;)Ljava/util/HashMap$Node; 2 5823 orig 80 1 0 0 0 0 0 0 0 0 0 0 0 0 0 0 0 0 0 0 0 1 0 0 2 0 0 0 0 0 0 0 0 0 0 0 0 0 0 0 0 0 0 0 0 0 0 0 0 0 0 0 0 0 0 0 0 0 0 0 0 0 0 0 0 0 0 0 0 0 0 0 0 0 0 0 0 0 0 0 0 data 103 0x60007 0x2d 0x2e8 0x1693 0xe0007 0x0 0x2c8 0x1693 0x170002 0x1693 0x210007 0x630 0x298 0x1063 0x2a0007 0x4b7 0xb8 0xbac 0x350007 0x896 0x98 0x316 0x390007 0x0 0x78 0x316 0x7003f0005 0x2 0x0 0x2517dca7238 0x315 0x2517ea8f930 0x1 0x420007 0x0 0x20 0x318 0x4e0007 0x276 0x1c0 0x241 0x520004 0xfffffffffffffdbf 0x0 0x2517ea8a6f8 0x3f 0x0 0x0 0x550007 0x241 0x90 0x0 0x590004 0x0 0x0 0x0 0x0 0x0 0x0 0x5f0005 0x0 0x0 0x0 0x0 0x0 0x0 0x6a0007 0xb8 0xb8 0x1f0 0x760007 0x176 0x98 0x7a 0x7a0007 0x0 0x78 0x7a 0x400800005 0x0 0x0 0x2517dca7238 0x7a 0x2517ea8f9e0 0x1 0x830007 0x0 0x20 0x7b 0x910007 0x67 0xffffffffffffff48 0x51 0x0 0x0 0x0 0x0 0x0 0x0 0x9 0x2 0x0 0x0 oops 5 29 java/lang/String 31 sun/nio/fs/WindowsPath 44 java/util/HashMap$Node 81 java/lang/String 83 jdk/internal/jrtfs/JrtPath methods 0
ciMethodData java/util/HashMap get (Ljava/lang/Object;)Ljava/lang/Object; 2 22825 orig 80 0 0 0 0 0 0 0 0 0 0 0 0 0 0 0 0 0 0 0 0 0 0 0 0 0 0 0 0 0 0 0 0 0 0 0 0 0 0 0 0 0 0 0 0 0 0 0 0 0 0 0 0 0 0 0 0 0 0 0 0 0 0 0 0 0 0 0 0 0 0 0 0 0 0 0 0 0 0 0 0 data 24 0x20005 0x592a 0x0 0x0 0x0 0x0 0x0 0x70007 0x23d9 0x38 0x3554 0xb0003 0x3554 0x18 0x0 0x0 0x0 0x0 0x0 0x0 0x9 0x2 0x0 0x0 oops 0 methods 0
ciMethodData java/lang/Object equals (Ljava/lang/Object;)Z 2 12475 orig 80 0 0 0 0 0 0 0 0 0 0 0 0 0 0 0 0 0 0 0 0 0 0 0 0 0 0 0 0 0 0 0 0 0 0 0 0 0 0 0 0 0 0 0 0 0 0 0 0 0 0 0 0 0 0 0 0 0 0 0 0 0 0 0 0 0 0 0 0 0 0 0 0 0 0 0 0 0 0 0 0 data 17 0x20007 0x2cb7 0x38 0x405 0x60003 0x405 0x18 0x0 0x0 0x0 0x0 0x0 0x0 0x9 0x2 0x0 0x0 oops 0 methods 0
ciMethod java/lang/IllegalStateException <init> (Ljava/lang/String;)V 0 0 1 0 -1
ciMethod java/lang/AssertionError <init> ()V 0 0 1 0 -1
ciMethod java/lang/AssertionError <init> (Ljava/lang/Object;)V 0 0 1 0 -1
ciMethod java/lang/UnsupportedOperationException <init> (Ljava/lang/String;)V 0 0 1 0 -1
ciMethodData java/lang/String substring (II)Ljava/lang/String; 2 12217 orig 80 0 0 0 0 0 0 0 0 0 0 0 0 0 0 0 0 0 0 0 0 0 0 0 0 0 0 0 0 0 0 0 0 0 0 0 0 0 0 0 0 0 0 0 0 0 0 0 0 0 0 0 0 0 0 0 0 0 0 0 0 0 0 0 0 0 0 0 0 0 0 0 0 0 0 0 0 0 0 0 0 data 46 0x10005 0x2fb9 0x0 0x0 0x0 0x0 0x0 0x80002 0x2fb9 0xc0007 0x12dd 0x40 0x1cdc 0x110007 0x1cd3 0x20 0x9 0x1c0005 0x2fb0 0x0 0x0 0x0 0x0 0x0 0x1f0007 0x0 0x48 0x2fb0 0x290002 0x2fb0 0x2c0003 0x2fb0 0x28 0x360002 0x0 0x0 0x0 0x0 0x0 0x0 0x0 0x9 0x3 0x0 0x0 0x0 oops 0 methods 0
ciMethodData java/util/stream/ReferencePipeline$2$1 accept (Ljava/lang/Object;)V 2 3186 orig 80 0 0 0 0 0 0 0 0 0 0 0 0 0 0 0 0 0 0 0 0 0 0 0 0 0 0 0 0 0 0 0 0 0 0 0 0 0 0 0 0 0 0 0 0 0 0 0 0 0 0 0 0 0 0 0 0 0 0 0 0 0 0 0 0 0 0 0 0 0 0 0 0 0 0 0 0 0 0 0 0 data 28 0x80005 0xc68 0x0 0x2517e31b610 0x1 0x2517e31b6c0 0x9 0xd0007 0x70 0x58 0xc02 0x150005 0x0 0x0 0x2517e9a8540 0x1 0x2517e31b770 0xc01 0x0 0x0 0x0 0x0 0x0 0x0 0x9 0x2 0x0 0x0 oops 4 3  @bci com/sun/tools/doclint/DocLint newDocLint ()Lcom/sun/tools/doclint/DocLint; 17 <appendix> argL0 ; 5  @bci com/sun/tools/javac/main/Arguments checkOptionAllowed (ZLcom/sun/tools/javac/main/Arguments$ErrorReporter;[Lcom/sun/tools/javac/main/Option;)V 17 <appendix> member <vmtarget> ; 14 java/util/stream/FindOps$FindSink$OfRef 16  @bci java/util/stream/StreamSpliterators$WrappingSpliterator initPartialTraversalState ()V 24 <appendix> member <vmtarget> ; methods 0
ciMethodData java/util/ArrayList <init> ()V 2 4519 orig 80 0 0 0 0 0 0 0 0 0 0 0 0 0 0 0 0 0 0 0 0 0 0 0 0 0 0 0 0 0 0 0 0 0 0 0 0 0 0 0 0 0 0 0 0 0 0 0 0 0 0 0 0 0 0 0 0 0 0 0 0 0 0 0 0 0 0 0 0 0 0 0 0 0 0 0 0 0 0 0 0 data 9 0x10002 0x11a7 0x0 0x0 0x0 0x0 0x9 0x1 0x0 oops 0 methods 0
ciMethodData java/util/AbstractList <init> ()V 2 8897 orig 80 0 0 0 0 0 0 0 0 0 0 0 0 0 0 0 0 0 0 0 0 0 0 0 0 0 0 0 0 0 0 0 0 0 0 0 0 0 0 0 0 0 0 0 0 0 0 0 0 0 0 0 0 0 0 0 0 0 0 0 0 0 0 0 0 0 0 0 0 0 0 0 0 0 0 0 0 0 0 0 0 data 9 0x10002 0x22c1 0x0 0x0 0x0 0x0 0x9 0x1 0x0 oops 0 methods 0
ciMethod java/nio/file/ProviderMismatchException <init> (Ljava/lang/String;)V 0 0 1 0 -1
ciMethod jdk/internal/jrtfs/JrtFileSystem lambda$iteratorOf$2 (Ljdk/internal/jrtfs/JrtPath;Ljdk/internal/jimage/ImageReader$Node;)Ljava/nio/file/Path; 1024 0 3073 0 0
ciMethod jdk/internal/jrtfs/JrtPath <init> (Ljdk/internal/jrtfs/JrtFileSystem;Ljava/lang/String;)V 1024 0 6113 0 0
ciMethod jdk/internal/jrtfs/JrtPath <init> (Ljdk/internal/jrtfs/JrtFileSystem;Ljava/lang/String;Z)V 4318 0 23946 0 -1
ciMethod jdk/internal/jrtfs/JrtPath getFileName ()Ljdk/internal/jrtfs/JrtPath; 1024 0 17606 0 0
ciMethod jdk/internal/jrtfs/JrtPath isAbsolute ()Z 842 0 10730 0 -1
ciMethod jdk/internal/jrtfs/JrtPath resolve (Ljava/nio/file/Path;)Ljdk/internal/jrtfs/JrtPath; 1024 0 6111 0 0
ciMethod jdk/internal/jrtfs/JrtPath checkPath (Ljava/nio/file/Path;)Ljdk/internal/jrtfs/JrtPath; 1024 0 6111 0 -1
ciMethod jdk/internal/jrtfs/JrtPath normalize (Ljava/lang/String;)Ljava/lang/String; 284 5592 1696 0 -1
ciMethod jdk/internal/jrtfs/JrtPath normalize (Ljava/lang/String;I)Ljava/lang/String; 0 0 1 0 -1
ciMethod jdk/internal/jimage/ImageReader$Node getNameString ()Ljava/lang/String; 782 0 391 0 0
ciMethodData java/lang/invoke/Invokers$Holder linkToTargetMethod (Ljava/lang/Object;)Ljava/lang/Object; 2 16347 orig 80 0 0 0 0 0 0 0 0 0 0 0 0 0 0 0 0 0 0 0 0 0 0 0 0 0 0 0 0 0 0 0 0 0 0 0 0 0 0 0 0 0 0 0 0 0 0 0 0 0 0 0 0 0 0 0 0 0 0 0 0 0 0 0 0 0 0 0 0 0 0 0 0 0 0 0 0 0 0 0 0 data 29 0x10004 0x0 0x0 0x2517eba9040 0x1cc5 0x0 0x0 0x4000b 0x3fdb 0x0 0x0 0x0 0x0 0x0 0x1 0x2 0x0 0x0 0x0 0x0 0x0 0x0 0x9 0x1 0x0 0xc 0x2 0x0 0x2517eba9040 oops 2 3 java/lang/invoke/BoundMethodHandle$Species_L 28 java/lang/invoke/BoundMethodHandle$Species_L methods 0
ciMethodData java/lang/invoke/DirectMethodHandle allocateInstance (Ljava/lang/Object;)Ljava/lang/Object; 2 29727 orig 80 0 0 0 0 0 0 0 0 0 0 0 0 0 0 0 0 0 0 0 0 0 0 0 0 0 0 0 0 0 0 0 0 0 0 0 0 0 0 0 0 0 0 0 0 0 0 0 0 0 0 0 0 0 0 0 0 0 0 0 0 0 0 0 0 0 0 0 0 0 0 0 0 0 0 0 0 0 0 0 0 data 23 0x10004 0x0 0x0 0x2517e7bdf30 0x2902 0x0 0x0 0xc0005 0x7420 0x0 0x0 0x0 0x0 0x0 0x0 0x0 0x0 0x0 0x0 0x0 0x9 0x1 0x0 oops 1 3 java/lang/invoke/DirectMethodHandle$Constructor methods 0
ciMethodData java/lang/invoke/DirectMethodHandle constructorMethod (Ljava/lang/Object;)Ljava/lang/Object; 2 28672 orig 80 0 0 0 0 0 0 0 0 0 0 0 0 0 0 0 0 0 0 0 0 0 0 0 0 0 0 0 0 0 0 0 0 0 0 0 0 0 0 0 0 0 0 0 0 0 0 0 0 0 0 0 0 0 0 0 0 0 0 0 0 0 0 0 0 0 0 0 0 0 0 0 0 0 0 0 0 0 0 0 0 data 16 0x10004 0x0 0x0 0x2517e7bdf30 0x24a0 0x0 0x0 0x0 0x0 0x0 0x0 0x0 0x0 0x9 0x1 0x0 oops 1 3 java/lang/invoke/DirectMethodHandle$Constructor methods 0
ciMethodData java/lang/invoke/Invokers$Holder linkToTargetMethod (Ljava/lang/Object;Ljava/lang/Object;)Ljava/lang/Object; 2 17767 orig 80 0 0 0 0 0 0 0 0 0 0 0 0 0 0 0 0 0 0 0 0 0 0 0 0 0 0 0 0 0 0 0 0 0 0 0 0 0 0 0 0 0 0 0 0 0 0 0 0 0 0 0 0 0 0 0 0 0 0 0 0 0 0 0 0 0 0 0 0 0 0 0 0 0 0 0 0 0 0 0 0 data 34 0x10004 0x0 0x0 0x2517e7bdf30 0xe72 0x0 0x0 0x5000b 0x4568 0x0 0x0 0x0 0x0 0x0 0x3 0x1 0x2 0x2 0x0 0x0 0x0 0x0 0x0 0x0 0x9 0x2 0x0 0x0 0xc 0x4 0x0 0x2 0x1 0x2517e7bdf30 oops 2 3 java/lang/invoke/DirectMethodHandle$Constructor 33 java/lang/invoke/DirectMethodHandle$Constructor methods 0
ciMethodData java/lang/invoke/DirectMethodHandle$Holder newInvokeSpecial (Ljava/lang/Object;Ljava/lang/Object;)Ljava/lang/Object; 2 18809 orig 80 0 0 0 0 0 0 0 0 0 0 0 0 0 0 0 0 0 0 0 0 0 0 0 0 0 0 0 0 0 0 0 0 0 0 0 0 0 0 0 0 0 0 0 0 0 0 0 0 0 0 0 0 0 0 0 0 0 0 0 0 0 0 0 0 0 0 0 0 0 0 0 0 0 0 0 0 0 0 0 0 data 42 0x1000a 0x4978 0x3 0x0 0x2517e7bdf30 0x2 0x6000a 0x4978 0x3 0x0 0x2517e7bdf30 0x2517dca9888 0xd0004 0x0 0x0 0x2517dca9888 0x34 0x0 0x0 0x10000a 0x4978 0x4 0x0 0x2 0x1 0x2 0x0 0x0 0x0 0x0 0x0 0x0 0x9 0x2 0x0 0x0 0xc 0x4 0x0 0x2517e7bdf30 0x1 0x2 oops 5 4 java/lang/invoke/DirectMethodHandle$Constructor 10 java/lang/invoke/DirectMethodHandle$Constructor 11 java/lang/invoke/MemberName 15 java/lang/invoke/MemberName 39 java/lang/invoke/DirectMethodHandle$Constructor methods 0
ciMethod  @bci jdk/internal/jrtfs/JrtFileSystem iteratorOf (Ljdk/internal/jrtfs/JrtPath;Ljava/nio/file/DirectoryStream$Filter;)Ljava/util/Iterator; 71 <appendix> member <vmtarget> ; apply (Ljava/lang/Object;)Ljava/lang/Object; 1024 0 3073 0 0
ciMethod java/util/stream/SpinedBuffer capacity ()J 330 0 164 0 -1
ciMethod java/util/stream/SpinedBuffer inflateSpine ()V 36 0 104 0 -1
ciMethod java/util/stream/SpinedBuffer ensureCapacity (J)V 206 124 82 0 -1
ciMethod java/util/stream/SpinedBuffer increaseCapacity ()V 18 0 52 0 -1
ciMethod java/util/stream/SpinedBuffer clear ()V 1024 986 2968 0 -1
ciMethod java/util/stream/SpinedBuffer accept (Ljava/lang/Object;)V 1024 0 6152 0 0
ciMethod java/util/stream/AbstractSpinedBuffer chunkSize (I)I 124 0 62 0 -1
ciMethod  @bci java/util/stream/StreamSpliterators$WrappingSpliterator initPartialTraversalState ()V 24 <appendix> member <vmtarget> ; accept (Ljava/lang/Object;)V 1024 0 3073 0 0
ciMethodData jdk/internal/jrtfs/JrtPath normalize (Ljava/lang/String;)Ljava/lang/String; 2 1554 orig 80 0 0 0 0 0 0 0 0 0 0 0 0 0 0 0 0 0 0 0 0 0 0 0 0 0 0 0 0 0 0 0 0 0 0 0 0 0 0 0 0 0 0 0 0 0 0 0 0 0 0 0 0 0 0 0 0 0 0 0 0 0 0 0 0 0 0 0 0 0 0 0 0 0 0 0 0 0 0 0 0 data 69 0x10005 0x612 0x0 0x0 0x0 0x0 0x0 0x60007 0x612 0x20 0x0 0x110007 0x612 0x110 0x1215d 0x160005 0x1215d 0x0 0x0 0x0 0x0 0x0 0x1f0007 0x0 0x40 0x1215d 0x240007 0x1215d 0x30 0x0 0x290002 0x0 0x310007 0x10b85 0x50 0x15d8 0x370007 0x15d8 0x30 0x0 0x3e0002 0x0 0x480003 0x1215d 0xffffffffffffff08 0x4e0007 0x610 0x78 0x2 0x530007 0x0 0x58 0x2 0x5b0005 0x2 0x0 0x0 0x0 0x0 0x0 0x0 0x0 0x0 0x0 0x0 0x0 0x9 0x1 0x0 oops 0 methods 0
ciMethodData java/util/HashMap getOrDefault (Ljava/lang/Object;Ljava/lang/Object;)Ljava/lang/Object; 2 5434 orig 80 0 0 0 0 0 0 0 0 0 0 0 0 0 0 0 0 0 0 0 0 0 0 0 0 0 0 0 0 0 0 0 0 0 0 0 0 0 0 0 0 0 0 0 0 0 0 0 0 0 0 0 0 0 0 0 0 0 0 0 0 0 0 0 0 0 0 0 0 0 0 0 0 0 0 0 0 0 0 0 0 data 25 0x20005 0x153b 0x0 0x0 0x0 0x0 0x0 0x70007 0x1340 0x38 0x1fb 0xb0003 0x1fb 0x18 0x0 0x0 0x0 0x0 0x0 0x0 0x9 0x3 0x0 0x0 0x0 oops 0 methods 0
ciMethodData java/util/Collections emptyMap ()Ljava/util/Map; 2 13785 orig 80 0 0 0 0 0 0 0 0 0 0 0 0 0 0 0 0 0 0 0 0 0 0 0 0 0 0 0 0 0 0 0 0 0 0 0 0 0 0 0 0 0 0 0 0 0 0 0 0 0 0 0 0 0 0 0 0 0 0 0 0 0 0 0 0 0 0 0 0 0 0 0 0 0 0 0 0 0 0 0 0 data 4 0x0 0x0 0x9 0x0 oops 0 methods 0
ciMethod java/util/stream/MatchOps makeRef (Ljava/util/function/Predicate;Ljava/util/stream/MatchOps$MatchKind;)Ljava/util/stream/TerminalOp; 368 0 1730 0 0
ciMethod java/util/stream/MatchOps lambda$makeRef$0 (Ljava/util/stream/MatchOps$MatchKind;Ljava/util/function/Predicate;)Ljava/util/stream/MatchOps$BooleanTerminalSink; 1024 0 1794 0 0
ciMethod java/util/stream/MatchOps$MatchOp <init> (Ljava/util/stream/StreamShape;Ljava/util/stream/MatchOps$MatchKind;Ljava/util/function/Supplier;)V 1024 0 1730 0 0
ciMethod java/util/stream/MatchOps$MatchOp getOpFlags ()I 1024 0 1775 0 0
ciMethod java/util/stream/MatchOps$MatchOp evaluateSequential (Ljava/util/stream/PipelineHelper;Ljava/util/Spliterator;)Ljava/lang/Boolean; 1024 0 1789 0 0
ciMethod java/util/stream/MatchOps$MatchOp evaluateSequential (Ljava/util/stream/PipelineHelper;Ljava/util/Spliterator;)Ljava/lang/Object; 1024 0 1789 0 0
ciMethod java/util/stream/MatchOps$BooleanTerminalSink <init> (Ljava/util/stream/MatchOps$MatchKind;)V 1024 0 1794 0 0
ciMethod java/util/stream/MatchOps$BooleanTerminalSink getAndClearState ()Z 688 0 344 0 0
ciMethod  @bci java/util/stream/MatchOps makeRef (Ljava/util/function/Predicate;Ljava/util/stream/MatchOps$MatchKind;)Ljava/util/stream/TerminalOp; 20 <appendix> member <vmtarget> ; <init> (Ljava/util/stream/MatchOps$MatchKind;Ljava/util/function/Predicate;)V 1024 0 1739 0 0
ciMethod  @bci java/util/stream/MatchOps makeRef (Ljava/util/function/Predicate;Ljava/util/stream/MatchOps$MatchKind;)Ljava/util/stream/TerminalOp; 20 <appendix> member <vmtarget> ; get ()Ljava/lang/Object; 1024 0 1794 0 0
ciMethod java/util/stream/MatchOps$1MatchSink <init> (Ljava/util/stream/MatchOps$MatchKind;Ljava/util/function/Predicate;)V 1024 0 1794 0 0
ciMethod java/util/stream/MatchOps$1MatchSink accept (Ljava/lang/Object;)V 1024 0 3411 0 0
ciMethodData java/util/LinkedHashMap get (Ljava/lang/Object;)Ljava/lang/Object; 2 8255 orig 80 0 0 0 0 0 0 0 0 0 0 0 0 0 0 0 0 0 0 0 0 0 0 0 0 0 0 0 0 0 0 0 0 0 0 0 0 0 0 0 0 0 0 0 0 0 0 0 0 0 0 0 0 0 0 0 0 0 0 0 0 0 0 0 0 0 0 0 0 0 0 0 0 0 0 0 0 0 0 0 0 data 32 0x20005 0x2040 0x0 0x0 0x0 0x0 0x0 0x70007 0xa7a 0x20 0x15c6 0x100007 0xa7a 0x58 0x0 0x150005 0x0 0x0 0x0 0x0 0x0 0x0 0x0 0x0 0x0 0x0 0x0 0x0 0x9 0x2 0x0 0x0 oops 0 methods 0
ciMethodData java/util/stream/AbstractPipeline isParallel ()Z 2 1456 orig 80 0 0 0 0 0 0 0 0 0 0 0 0 0 0 0 0 0 0 0 0 0 0 0 0 0 0 0 0 0 0 0 0 0 0 0 0 0 0 0 0 0 0 0 0 0 0 0 0 0 0 0 0 0 0 0 0 0 0 0 0 0 0 0 0 0 0 0 0 0 0 0 0 0 0 0 0 0 0 0 0 data 7 0x0 0x0 0x0 0x0 0x9 0x1 0x0 oops 0 methods 0
ciMethod java/util/stream/Nodes$SpinedNodeBuilder begin (J)V 82 0 34 0 0
ciMethod java/util/stream/Nodes$SpinedNodeBuilder end ()V 82 0 34 0 0
ciMethodData java/util/stream/StreamOpFlag isKnown (I)Z 2 1204 orig 80 0 0 0 0 0 0 0 0 0 0 0 0 0 0 0 0 0 0 0 0 0 0 0 0 0 0 0 0 0 0 0 0 0 0 0 0 0 0 0 0 0 0 0 0 0 0 0 0 0 0 0 0 0 0 0 0 0 0 0 0 0 0 0 0 0 0 0 0 0 0 0 0 0 0 0 0 0 0 0 0 data 15 0xa0007 0x41 0x38 0x473 0xe0003 0x473 0x18 0x0 0x0 0x0 0x0 0x9 0x2 0x0 0x0 oops 0 methods 0
ciMethodData java/util/stream/AbstractPipeline sourceSpliterator (I)Ljava/util/Spliterator; 1 7 orig 80 0 0 0 0 0 0 0 0 0 0 0 0 0 0 0 0 0 0 0 0 0 0 0 0 0 0 0 0 0 0 0 0 0 0 0 0 0 0 0 0 0 0 0 0 0 0 0 0 0 0 0 0 0 0 0 0 0 0 0 0 0 0 0 0 0 0 0 0 0 0 0 0 0 0 0 0 0 0 0 0 data 121 0x90007 0x0 0x38 0x7 0x1c0003 0x7 0xd0 0x260007 0x0 0xa8 0x0 0x300005 0x0 0x0 0x0 0x0 0x0 0x0 0x350004 0x0 0x0 0x0 0x0 0x0 0x0 0x410003 0x0 0x28 0x4a0002 0x0 0x4f0005 0x7 0x0 0x0 0x0 0x0 0x0 0x520007 0x7 0x1e0 0x0 0x5c0007 0x0 0x1c0 0x0 0x770007 0x0 0x1a0 0x0 0x830005 0x0 0x0 0x0 0x0 0x0 0x0 0x860007 0x0 0x120 0x0 0x900005 0x0 0x0 0x0 0x0 0x0 0x0 0x930007 0x0 0x20 0x0 0xa50005 0x0 0x0 0x0 0x0 0x0 0x0 0xac0005 0x0 0x0 0x0 0x0 0x0 0x0 0xb10007 0x0 0x38 0x0 0xc00003 0x0 0x18 0xe30002 0x0 0xf40003 0x0 0xfffffffffffffe78 0xf80007 0x0 0x30 0x7 0x1010002 0x7 0x0 0x0 0x0 0x0 0x0 0x0 0x0 0x0 0x0 0x0 0x0 0x0 0x0 0x0 0x9 0x2 0x0 0x0 oops 0 methods 0
ciMethodData java/util/stream/AbstractPipeline opEvaluateParallelLazy (Ljava/util/stream/PipelineHelper;Ljava/util/Spliterator;)Ljava/util/Spliterator; 1 0 orig 80 0 0 0 0 0 0 0 0 0 0 0 0 0 0 0 0 0 0 0 0 0 0 0 0 0 0 0 0 0 0 0 0 0 0 0 0 0 0 0 0 0 0 0 0 0 0 0 0 0 0 0 0 0 0 0 0 0 0 0 0 0 0 0 0 0 0 0 0 0 0 0 0 0 0 0 0 0 0 0 0 data 29 0x3000a 0x0 0x1 0x0 0x80005 0x0 0x0 0x0 0x0 0x0 0x0 0xb0005 0x0 0x0 0x0 0x0 0x0 0x0 0x0 0x0 0x0 0x0 0x0 0x0 0x9 0x3 0x0 0x0 0x0 oops 0 methods 0
ciMethodData java/util/stream/AbstractPipeline opEvaluateParallel (Ljava/util/stream/PipelineHelper;Ljava/util/Spliterator;Ljava/util/function/IntFunction;)Ljava/util/stream/Node; 1 0 orig 80 0 0 0 0 0 0 0 0 0 0 0 0 0 0 0 0 0 0 0 0 0 0 0 0 0 0 0 0 0 0 0 0 0 0 0 0 0 0 0 0 0 0 0 0 0 0 0 0 0 0 0 0 0 0 0 0 0 0 0 0 0 0 0 0 0 0 0 0 0 0 0 0 0 0 0 0 0 0 0 0 data 11 0x70002 0x0 0x0 0x0 0x0 0x9 0x4 0x0 0x0 0x0 0x0 oops 0 methods 0
ciMethodData java/util/stream/StreamOpFlag combineOpFlags (II)I 2 1868 orig 80 0 0 0 0 0 0 0 0 0 0 0 0 0 0 0 0 0 0 0 0 0 0 0 0 0 0 0 0 0 0 0 0 0 0 0 0 0 0 0 0 0 0 0 0 0 0 0 0 0 0 0 0 0 0 0 0 0 0 0 0 0 0 0 0 0 0 0 0 0 0 0 0 0 0 0 0 0 0 0 0 data 12 0x20002 0x74c 0x0 0x0 0x0 0x0 0x0 0x0 0x9 0x2 0x0 0x0 oops 0 methods 0
ciMethodData java/util/stream/StreamOpFlag getMask (I)I 2 1868 orig 80 0 0 0 0 0 0 0 0 0 0 0 0 0 0 0 0 0 0 0 0 0 0 0 0 0 0 0 0 0 0 0 0 0 0 0 0 0 0 0 0 0 0 0 0 0 0 0 0 0 0 0 0 0 0 0 0 0 0 0 0 0 0 0 0 0 0 0 0 0 0 0 0 0 0 0 0 0 0 0 0 data 14 0x10007 0x74c 0x38 0x0 0x70003 0x0 0x18 0x0 0x0 0x0 0x0 0x9 0x1 0x0 oops 0 methods 0
ciMethodData java/util/stream/PipelineHelper <init> ()V 2 3549 orig 80 0 0 0 0 0 0 0 0 0 0 0 0 0 0 0 0 0 0 0 0 0 0 0 0 0 0 0 0 0 0 0 0 0 0 0 0 0 0 0 0 0 0 0 0 0 0 0 0 0 0 0 0 0 0 0 0 0 0 0 0 0 0 0 0 0 0 0 0 0 0 0 0 0 0 0 0 0 0 0 0 data 7 0x10002 0xdde 0x0 0x0 0x9 0x1 0x0 oops 0 methods 0
ciMethodData java/util/stream/Sink$ChainedReference cancellationRequested ()Z 2 11034 orig 80 0 0 0 0 0 0 0 0 0 0 0 0 0 0 0 0 0 0 0 0 0 0 0 0 0 0 0 0 0 0 0 0 0 0 0 0 0 0 0 0 0 0 0 0 0 0 0 0 0 0 0 0 0 0 0 0 0 0 0 0 0 0 0 0 0 0 0 0 0 0 0 0 0 0 0 0 0 0 0 0 data 16 0x40005 0x1f21 0x0 0x2517e262698 0xbbc 0x2517e9a8540 0x37 0x0 0x0 0x0 0x0 0x0 0x0 0x9 0x1 0x0 oops 2 3 java/util/stream/ReferencePipeline$2$1 5 java/util/stream/FindOps$FindSink$OfRef methods 0
ciMethodData java/util/stream/ReferencePipeline$3$1 accept (Ljava/lang/Object;)V 2 6132 orig 80 0 0 0 0 0 0 0 0 0 0 0 0 0 0 0 0 0 0 0 0 0 0 0 0 0 0 0 0 0 0 0 0 0 0 0 0 0 0 0 0 0 0 0 0 0 0 0 0 0 0 0 0 0 0 0 0 0 0 0 0 0 0 0 0 0 0 0 0 0 0 0 0 0 0 0 0 0 0 0 0 data 24 0xc0005 0x0 0x0 0x2517e9aea68 0xb1e 0x2517ebe0fc0 0xcd7 0x110005 0x0 0x0 0x2517e262698 0xb1e 0x2517ea858a8 0xcd7 0x0 0x0 0x0 0x0 0x0 0x0 0x9 0x2 0x0 0x0 oops 4 3  @bci jdk/internal/jrtfs/JrtFileSystem iteratorOf (Ljdk/internal/jrtfs/JrtPath;Ljava/nio/file/DirectoryStream$Filter;)Ljava/util/Iterator; 71 <appendix> member <vmtarget> ; 5  @bci com/sun/tools/javac/code/Symtab lookupPackage (Lcom/sun/tools/javac/code/Symbol$ModuleSymbol;Lcom/sun/tools/javac/util/Name;Z)Lcom/sun/tools/javac/code/Symbol$PackageSymbol; 101 <appendix> argL0 ; 10 java/util/stream/ReferencePipeline$2$1 12 java/util/stream/MatchOps$1MatchSink methods 0
ciMethodData java/util/stream/SpinedBuffer accept (Ljava/lang/Object;)V 2 6212 orig 80 0 0 0 0 0 0 0 0 0 0 0 0 0 0 0 0 0 0 0 0 0 0 0 0 0 0 0 0 0 0 0 0 0 0 0 0 0 0 0 0 0 0 0 0 0 0 0 0 0 0 0 0 0 0 0 0 0 0 0 0 0 0 0 0 0 0 0 0 0 0 0 0 0 0 0 0 0 0 0 0 data 47 0x90007 0x180b 0xd0 0x3a 0xd0005 0x3a 0x0 0x0 0x0 0x0 0x0 0x1b0007 0x0 0x40 0x3a 0x290007 0x0 0x58 0x3a 0x2d0005 0x0 0x0 0x2517e4b5808 0x3a 0x0 0x0 0x5c0004 0x0 0x0 0x2517ea8f9e0 0x183e 0x2517e2832e8 0x7 0x0 0x0 0x0 0x0 0x0 0x0 0x0 0x0 0x0 0x0 0x9 0x2 0x0 0x0 oops 3 22 java/util/stream/Nodes$SpinedNodeBuilder 29 jdk/internal/jrtfs/JrtPath 31 sun/nio/fs/WindowsPath$WindowsPathWithAttributes methods 0
ciMethodData jdk/internal/jrtfs/JrtPath getFileName ()Ljdk/internal/jrtfs/JrtPath; 2 19337 orig 80 0 0 0 0 0 0 0 0 0 0 0 0 0 0 0 0 0 0 0 0 0 0 0 0 0 0 0 0 0 0 0 0 0 0 0 0 0 0 0 0 0 0 0 0 0 0 0 0 0 0 0 0 0 0 0 0 0 0 0 0 0 0 0 0 0 0 0 0 0 0 0 0 0 0 0 0 0 0 0 0 data 62 0x40005 0x4b8a 0x0 0x0 0x0 0x0 0x0 0x70007 0x4b8a 0x20 0x0 0x100005 0x4b8a 0x0 0x0 0x0 0x0 0x0 0x140007 0x4b8a 0x78 0x0 0x1c0005 0x0 0x0 0x0 0x0 0x0 0x0 0x210007 0x0 0x20 0x0 0x2c0005 0x4b8a 0x0 0x0 0x0 0x0 0x0 0x320007 0x4b8a 0x20 0x0 0x460005 0x4b8a 0x0 0x0 0x0 0x0 0x0 0x4a0002 0x4b8a 0x0 0x0 0x0 0x0 0x0 0x0 0x9 0x1 0x0 oops 0 methods 0
ciMethodData jdk/internal/jrtfs/JrtPath <init> (Ljdk/internal/jrtfs/JrtFileSystem;Ljava/lang/String;)V 2 6168 orig 80 0 0 0 0 0 0 0 0 0 0 0 0 0 0 0 0 0 0 0 0 0 0 0 0 0 0 0 0 0 0 0 0 0 0 0 0 0 0 0 0 0 0 0 0 0 0 0 0 0 0 0 0 0 0 0 0 0 0 0 0 0 0 0 0 0 0 0 0 0 0 0 0 0 0 0 0 0 0 0 0 data 15 0x10002 0x1819 0xb0002 0x1819 0x0 0x0 0x0 0x0 0x0 0x0 0x9 0x3 0xe 0x0 0x0 oops 0 methods 0
ciMethodData jdk/internal/jrtfs/JrtPath resolve (Ljava/nio/file/Path;)Ljdk/internal/jrtfs/JrtPath; 2 6166 orig 80 0 0 0 0 0 0 0 0 0 0 0 0 0 0 0 0 0 0 0 0 0 0 0 0 0 0 0 0 0 0 0 0 0 0 0 0 0 0 0 0 0 0 0 0 0 0 0 0 0 0 0 0 0 0 0 0 0 0 0 0 0 0 0 0 0 0 0 0 0 0 0 0 0 0 0 0 0 0 0 0 data 114 0x20005 0x1817 0x0 0x0 0x0 0x0 0x0 0xa0005 0x1817 0x0 0x0 0x0 0x0 0x0 0xd0007 0x0 0x78 0x1817 0x110005 0x1817 0x0 0x0 0x0 0x0 0x0 0x140007 0x1817 0x20 0x0 0x1d0005 0x1817 0x0 0x0 0x0 0x0 0x0 0x200007 0x1817 0x20 0x0 0x2d0005 0x1817 0x0 0x0 0x0 0x0 0x0 0x340005 0x1817 0x0 0x0 0x0 0x0 0x0 0x3a0002 0x1817 0x430005 0x1817 0x0 0x0 0x0 0x0 0x0 0x4f0005 0x1817 0x0 0x0 0x0 0x0 0x0 0x540005 0x1817 0x0 0x0 0x0 0x0 0x0 0x590007 0x0 0x58 0x1817 0x5f0005 0x1817 0x0 0x0 0x0 0x0 0x0 0x680005 0x1817 0x0 0x0 0x0 0x0 0x0 0x750005 0x1817 0x0 0x0 0x0 0x0 0x0 0x790002 0x1817 0x0 0x0 0x0 0x0 0x0 0x0 0x9 0x2 0x0 0x0 oops 0 methods 0
ciMethodData jdk/internal/jrtfs/JrtPath checkPath (Ljava/nio/file/Path;)Ljdk/internal/jrtfs/JrtPath; 2 6166 orig 80 0 0 0 0 0 0 0 0 0 0 0 0 0 0 0 0 0 0 0 0 0 0 0 0 0 0 0 0 0 0 0 0 0 0 0 0 0 0 0 0 0 0 0 0 0 0 0 0 0 0 0 0 0 0 0 0 0 0 0 0 0 0 0 0 0 0 0 0 0 0 0 0 0 0 0 0 0 0 0 0 data 62 0x10002 0x1817 0x60004 0x0 0x0 0x2517ea8f9e0 0x1817 0x0 0x0 0x90007 0x1817 0x120 0x0 0x140002 0x0 0x190005 0x0 0x0 0x0 0x0 0x0 0x0 0x1d0005 0x0 0x0 0x0 0x0 0x0 0x0 0x220005 0x0 0x0 0x0 0x0 0x0 0x0 0x250005 0x0 0x0 0x0 0x0 0x0 0x0 0x280002 0x0 0x2d0004 0x0 0x0 0x2517ea8f9e0 0x1817 0x0 0x0 0x0 0x0 0x0 0x0 0x0 0x0 0x9 0x2 0x0 0x0 oops 2 5 jdk/internal/jrtfs/JrtPath 48 jdk/internal/jrtfs/JrtPath methods 0
ciMethodData java/util/ArrayList$ArrayListSpliterator getFence ()I 2 3078 orig 80 0 0 0 0 0 0 0 0 0 0 0 0 0 0 0 0 0 0 0 0 0 0 0 0 0 0 0 0 0 0 0 0 0 0 0 0 0 0 0 0 0 0 0 0 0 0 0 0 0 0 0 0 0 0 0 0 0 0 0 0 0 0 0 0 0 0 0 0 0 0 0 0 0 0 0 0 0 0 0 0 data 11 0x60007 0xb99 0x20 0x6e 0x0 0x0 0x0 0x0 0x9 0x1 0xc oops 0 methods 0
ciMethodData java/util/stream/SpinedBuffer clear ()V 2 2887 orig 80 0 0 0 0 0 0 0 0 0 0 0 0 0 0 0 0 0 0 0 0 0 0 0 0 0 0 0 0 0 0 0 0 0 0 0 0 0 0 0 0 0 0 0 0 0 0 0 0 0 0 0 0 0 0 0 0 0 0 0 0 0 0 0 0 0 0 0 0 0 0 0 0 0 0 0 0 0 0 0 0 data 45 0x40007 0xb48 0xa8 0x0 0x190007 0x0 0x70 0x0 0x220004 0x0 0x0 0x0 0x0 0x0 0x0 0x260003 0x0 0xffffffffffffffa8 0x330003 0x0 0x88 0x3d0007 0xb48 0x70 0xb32 0x460104 0x0 0x0 0x0 0x0 0x0 0x0 0x4a0003 0xb32 0xffffffffffffffa8 0x0 0x0 0x0 0x0 0x0 0x0 0x0 0x9 0x1 0x1c oops 0 methods 0
ciMethodData  @bci jdk/internal/jrtfs/JrtFileSystem iteratorOf (Ljdk/internal/jrtfs/JrtPath;Ljava/nio/file/DirectoryStream$Filter;)Ljava/util/Iterator; 71 <appendix> member <vmtarget> ; apply (Ljava/lang/Object;)Ljava/lang/Object; 2 2561 orig 80 0 0 0 0 0 0 0 0 0 0 0 0 0 0 0 0 0 0 0 0 0 0 0 0 0 0 0 0 0 0 0 0 0 0 0 0 0 0 0 0 0 0 0 0 0 0 0 0 0 0 0 0 0 0 0 0 0 0 0 0 0 0 0 0 0 0 0 0 0 0 0 0 0 0 0 0 0 0 0 0 data 24 0x90004 0x0 0x0 0x2517e68edd0 0x9d5 0x2517e68ee80 0x2d 0xc0005 0xa02 0x0 0x0 0x0 0x0 0x0 0x0 0x0 0x0 0x0 0x0 0x0 0x9 0x2 0x0 0x0 oops 2 3 jdk/internal/jimage/ImageReader$Resource 5 jdk/internal/jimage/ImageReader$Directory methods 0
ciMethodData jdk/internal/jrtfs/JrtFileSystem lambda$iteratorOf$2 (Ljdk/internal/jrtfs/JrtPath;Ljdk/internal/jimage/ImageReader$Node;)Ljava/nio/file/Path; 2 2561 orig 80 0 0 0 0 0 0 0 0 0 0 0 0 0 0 0 0 0 0 0 0 0 0 0 0 0 0 0 0 0 0 0 0 0 0 0 0 0 0 0 0 0 0 0 0 0 0 0 0 0 0 0 0 0 0 0 0 0 0 0 0 0 0 0 0 0 0 0 0 0 0 0 0 0 0 0 0 0 0 0 0 data 34 0x70005 0xa02 0x0 0x0 0x0 0x0 0x0 0xa0002 0xa02 0xd0005 0xa02 0x0 0x0 0x0 0x0 0x0 0x100005 0xa02 0x0 0x0 0x0 0x0 0x0 0x0 0x0 0x0 0x0 0x0 0x0 0x9 0x3 0x0 0x0 0x0 oops 0 methods 0
ciMethodData  @bci java/util/stream/StreamSpliterators$WrappingSpliterator initPartialTraversalState ()V 24 <appendix> member <vmtarget> ; accept (Ljava/lang/Object;)V 2 2561 orig 80 0 0 0 0 0 0 0 0 0 0 0 0 0 0 0 0 0 0 0 0 0 0 0 0 0 0 0 0 0 0 0 0 0 0 0 0 0 0 0 0 0 0 0 0 0 0 0 0 0 0 0 0 0 0 0 0 0 0 0 0 0 0 0 0 0 0 0 0 0 0 0 0 0 0 0 0 0 0 0 0 data 17 0x50005 0x0 0x0 0x2517ebbcda8 0xa02 0x0 0x0 0x0 0x0 0x0 0x0 0x0 0x0 0x9 0x2 0x0 0x0 oops 1 3 java/util/stream/SpinedBuffer methods 0
ciMethodData java/util/stream/SpinedBuffer inflateSpine ()V 1 106 orig 80 0 0 0 0 0 0 0 0 0 0 0 0 0 0 0 0 0 0 0 0 0 0 0 0 0 0 0 0 0 0 0 0 0 0 0 0 0 0 0 0 0 0 0 0 0 0 0 0 0 0 0 0 0 0 0 0 0 0 0 0 0 0 0 0 0 0 0 0 0 0 0 0 0 0 0 0 0 0 0 0 data 20 0x40007 0x58 0x58 0x12 0x210004 0x0 0x0 0x2517e59ad18 0x12 0x0 0x0 0x0 0x0 0x0 0x0 0x0 0x0 0x9 0x1 0x18 oops 1 7 [Ljava/lang/Object; methods 0
ciMethodData java/util/stream/SpinedBuffer increaseCapacity ()V 1 53 orig 80 0 0 0 0 0 0 0 0 0 0 0 0 0 0 0 0 0 0 0 0 0 0 0 0 0 0 0 0 0 0 0 0 0 0 0 0 0 0 0 0 0 0 0 0 0 0 0 0 0 0 0 0 0 0 0 0 0 0 0 0 0 0 0 0 0 0 0 0 0 0 0 0 0 0 0 0 0 0 0 0 data 23 0x20005 0x0 0x0 0x2517e4b5808 0x35 0x0 0x0 0x70005 0x35 0x0 0x0 0x0 0x0 0x0 0x0 0x0 0x0 0x0 0x0 0x0 0x9 0x1 0x0 oops 1 3 java/util/stream/Nodes$SpinedNodeBuilder methods 0
ciMethodData java/lang/invoke/Invokers$Holder linkToTargetMethod (Ljava/lang/Object;Ljava/lang/Object;Ljava/lang/Object;)Ljava/lang/Object; 2 3868 orig 80 0 0 0 0 0 0 0 0 0 0 0 0 0 0 0 0 0 0 0 0 0 0 0 0 0 0 0 0 0 0 0 0 0 0 0 0 0 0 0 0 0 0 0 0 0 0 0 0 0 0 0 0 0 0 0 0 0 0 0 0 0 0 0 0 0 0 0 0 0 0 0 0 0 0 0 0 0 0 0 0 data 37 0x10004 0x0 0x0 0x2517e7bdf30 0xb0c 0x0 0x0 0x6000b 0xf1d 0x0 0x0 0x0 0x0 0x0 0x5 0x1 0x2 0x2 0x2 0x2 0x0 0x0 0x0 0x0 0x0 0x0 0x9 0x3 0x0 0x0 0x0 0xc 0x4 0x0 0x2 0x1 0x2 oops 1 3 java/lang/invoke/DirectMethodHandle$Constructor methods 0
ciMethodData java/lang/invoke/DirectMethodHandle$Holder newInvokeSpecial (Ljava/lang/Object;Ljava/lang/Object;Ljava/lang/Object;)Ljava/lang/Object; 2 3868 orig 80 0 0 0 0 0 0 0 0 0 0 0 0 0 0 0 0 0 0 0 0 0 0 0 0 0 0 0 0 0 0 0 0 0 0 0 0 0 0 0 0 0 0 0 0 0 0 0 0 0 0 0 0 0 0 0 0 0 0 0 0 0 0 0 0 0 0 0 0 0 0 0 0 0 0 0 0 0 0 0 0 data 43 0x1000a 0xf1d 0x3 0x0 0x2517e7bdf30 0x2 0x6000a 0xf1d 0x3 0x0 0x2517e7bdf30 0x2517dca9888 0x100004 0x0 0x0 0x2517dca9888 0x248 0x0 0x0 0x13000a 0xf1d 0x4 0x0 0x2 0x1 0x2 0x0 0x0 0x0 0x0 0x0 0x0 0x9 0x3 0x0 0x0 0x0 0xc 0x4 0x0 0x2517e7bdf30 0x1 0x2 oops 5 4 java/lang/invoke/DirectMethodHandle$Constructor 10 java/lang/invoke/DirectMethodHandle$Constructor 11 java/lang/invoke/MemberName 15 java/lang/invoke/MemberName 40 java/lang/invoke/DirectMethodHandle$Constructor methods 0
ciMethodData java/util/Collection stream ()Ljava/util/stream/Stream; 2 1592 orig 80 0 0 0 0 0 0 0 0 0 0 0 0 0 0 0 0 0 0 0 0 0 0 0 0 0 0 0 0 0 0 0 0 0 0 0 0 0 0 0 0 0 0 0 0 0 0 0 0 0 0 0 0 0 0 0 0 0 0 0 0 0 0 0 0 0 0 0 0 0 0 0 0 0 0 0 0 0 0 0 0 data 18 0x10005 0x53 0x0 0x2517f51c6c0 0x59b 0x2517dcaab78 0x4a 0x70002 0x638 0x0 0x0 0x0 0x0 0x0 0x0 0x9 0x1 0x0 oops 2 3 com/sun/tools/javac/util/List 5 java/util/ArrayList methods 0
ciMethodData java/util/List spliterator ()Ljava/util/Spliterator; 2 1517 orig 80 0 0 0 0 0 0 0 0 0 0 0 0 0 0 0 0 0 0 0 0 0 0 0 0 0 0 0 0 0 0 0 0 0 0 0 0 0 0 0 0 0 0 0 0 0 0 0 0 0 0 0 0 0 0 0 0 0 0 0 0 0 0 0 0 0 0 0 0 0 0 0 0 0 0 0 0 0 0 0 0 data 24 0x10004 0xfffffffffffffa13 0x0 0x2517f51c6c0 0x1e 0x0 0x0 0x40007 0x5ed 0x30 0x0 0xc0002 0x0 0x130002 0x5ed 0x0 0x0 0x0 0x0 0x0 0x0 0x9 0x1 0x0 oops 1 3 com/sun/tools/javac/util/List methods 0
ciMethodData java/util/Spliterators$IteratorSpliterator tryAdvance (Ljava/util/function/Consumer;)Z 2 4872 orig 80 0 0 0 0 0 0 0 0 0 0 0 0 0 0 0 0 0 0 0 0 0 0 0 0 0 0 0 0 0 0 0 0 0 0 0 0 0 0 0 0 0 0 0 0 0 0 0 0 0 0 0 0 0 0 0 0 0 0 0 0 0 0 0 0 0 0 0 0 0 0 0 0 0 0 0 0 0 0 0 0 data 59 0x10007 0x1309 0x30 0x0 0x80002 0x0 0x100007 0x1309 0x90 0x0 0x180005 0x0 0x0 0x0 0x0 0x0 0x0 0x250005 0x0 0x0 0x0 0x0 0x0 0x0 0x320005 0x0 0x0 0x2517ea5a160 0x12b3 0x2517ea5b630 0x56 0x370007 0x65d 0x90 0xcac 0x3f0005 0x0 0x0 0x2517ea5a160 0xcac 0x0 0x0 0x440005 0x0 0x0 0x2517e261cb8 0xcac 0x0 0x0 0x0 0x0 0x0 0x0 0x0 0x0 0x9 0x2 0x0 0x0 oops 4 27 com/sun/tools/javac/util/List$2 29 java/util/Collections$EmptyIterator 38 com/sun/tools/javac/util/List$2 45 java/util/stream/ReferencePipeline$3$1 methods 0
ciMethodData java/util/Spliterators spliterator (Ljava/util/Collection;I)Ljava/util/Spliterator; 2 1515 orig 80 0 0 0 0 0 0 0 0 0 0 0 0 0 0 0 0 0 0 0 0 0 0 0 0 0 0 0 0 0 0 0 0 0 0 0 0 0 0 0 0 0 0 0 0 0 0 0 0 0 0 0 0 0 0 0 0 0 0 0 0 0 0 0 0 0 0 0 0 0 0 0 0 0 0 0 0 0 0 0 0 data 21 0x50002 0x5eb 0x80004 0x0 0x0 0x2517f51c6c0 0x1c 0x0 0x0 0xc0002 0x5eb 0x0 0x0 0x0 0x0 0x0 0x0 0x9 0x2 0x0 0x0 oops 1 5 com/sun/tools/javac/util/List methods 0
ciMethodData java/util/Spliterators$IteratorSpliterator <init> (Ljava/util/Collection;I)V 2 1513 orig 80 0 0 0 0 0 0 0 0 0 0 0 0 0 0 0 0 0 0 0 0 0 0 0 0 0 0 0 0 0 0 0 0 0 0 0 0 0 0 0 0 0 0 0 0 0 0 0 0 0 0 0 0 0 0 0 0 0 0 0 0 0 0 0 0 0 0 0 0 0 0 0 0 0 0 0 0 0 0 0 0 data 18 0x10002 0x5e9 0x140007 0x0 0x38 0x5e9 0x1f0003 0x5e9 0x18 0x0 0x0 0x0 0x0 0x9 0x3 0x1e 0x0 0x0 oops 0 methods 0
ciMethodData java/util/stream/StreamSupport stream (Ljava/util/Spliterator;Z)Ljava/util/stream/Stream; 2 1599 orig 80 0 0 0 0 0 0 0 0 0 0 0 0 0 0 0 0 0 0 0 0 0 0 0 0 0 0 0 0 0 0 0 0 0 0 0 0 0 0 0 0 0 0 0 0 0 0 0 0 0 0 0 0 0 0 0 0 0 0 0 0 0 0 0 0 0 0 0 0 0 0 0 0 0 0 0 0 0 0 0 0 data 16 0x10002 0x63f 0xb0002 0x63f 0xf0002 0x63f 0x0 0x0 0x0 0x0 0x0 0x0 0x9 0x2 0x0 0x0 oops 0 methods 0
ciMethodData java/util/stream/ReferencePipeline map (Ljava/util/function/Function;)Ljava/util/stream/Stream; 2 1595 orig 80 0 0 0 0 0 0 0 0 0 0 0 0 0 0 0 0 0 0 0 0 0 0 0 0 0 0 0 0 0 0 0 0 0 0 0 0 0 0 0 0 0 0 0 0 0 0 0 0 0 0 0 0 0 0 0 0 0 0 0 0 0 0 0 0 0 0 0 0 0 0 0 0 0 0 0 0 0 0 0 0 data 14 0x10002 0x63b 0x160002 0x63b 0x0 0x0 0x0 0x0 0x0 0x0 0x9 0x2 0x0 0x0 oops 0 methods 0
ciMethodData java/util/stream/ReferencePipeline anyMatch (Ljava/util/function/Predicate;)Z 2 1546 orig 80 0 0 0 0 0 0 0 0 0 0 0 0 0 0 0 0 0 0 0 0 0 0 0 0 0 0 0 0 0 0 0 0 0 0 0 0 0 0 0 0 0 0 0 0 0 0 0 0 0 0 0 0 0 0 0 0 0 0 0 0 0 0 0 0 0 0 0 0 0 0 0 0 0 0 0 0 0 0 0 0 data 33 0x50002 0x60a 0x80005 0x60a 0x0 0x0 0x0 0x0 0x0 0xb0004 0x0 0x0 0x2517dcab138 0x60a 0x0 0x0 0xe0005 0x60a 0x0 0x0 0x0 0x0 0x0 0x0 0x0 0x0 0x0 0x0 0x0 0x9 0x2 0x0 0x0 oops 1 12 java/lang/Boolean methods 0
ciMethodData java/util/stream/MatchOps makeRef (Ljava/util/function/Predicate;Ljava/util/stream/MatchOps$MatchKind;)Ljava/util/stream/TerminalOp; 2 1546 orig 80 0 0 0 0 0 0 0 0 0 0 0 0 0 0 0 0 0 0 0 0 0 0 0 0 0 0 0 0 0 0 0 0 0 0 0 0 0 0 0 0 0 0 0 0 0 0 0 0 0 0 0 0 0 0 0 0 0 0 0 0 0 0 0 0 0 0 0 0 0 0 0 0 0 0 0 0 0 0 0 0 data 24 0x10002 0x60a 0x60002 0x60a 0x14000a 0x60a 0x5 0x0 0x2517e802dc0 0x1 0x2517ebe1120 0x2517e804970 0x190002 0x60a 0x0 0x0 0x0 0x0 0x0 0x0 0x9 0x2 0x0 0x0 oops 3 8 java/util/stream/MatchOps$MatchKind 10  @bci com/sun/tools/javac/code/Symtab lookupPackage (Lcom/sun/tools/javac/code/Symbol$ModuleSymbol;Lcom/sun/tools/javac/util/Name;Z)Lcom/sun/tools/javac/code/Symbol$PackageSymbol; 112 <appendix> member <vmtarget> ; 11  @bci java/util/stream/MatchOps makeRef (Ljava/util/function/Predicate;Ljava/util/stream/MatchOps$MatchKind;)Ljava/util/stream/TerminalOp; 20 <appendix> member <vmtarget> ; methods 0
ciMethodData java/util/stream/AbstractPipeline evaluate (Ljava/util/stream/TerminalOp;)Ljava/lang/Object; 2 1642 orig 80 0 0 0 0 0 0 0 0 0 0 0 0 0 0 0 0 0 0 0 0 0 0 0 0 0 0 0 0 0 0 0 0 0 0 0 0 0 0 0 0 0 0 0 0 0 0 0 0 0 0 0 0 0 0 0 0 0 0 0 0 0 0 0 0 0 0 0 0 0 0 0 0 0 0 0 0 0 0 0 0 data 96 0x30007 0x66a 0xc0 0x0 0x70005 0x0 0x0 0x0 0x0 0x0 0x0 0xb0005 0x0 0x0 0x0 0x0 0x0 0x0 0x100007 0x0 0x30 0x0 0x170002 0x0 0x1f0007 0x66a 0x30 0x0 0x280002 0x0 0x320005 0x66a 0x0 0x0 0x0 0x0 0x0 0x350007 0x66a 0xe0 0x0 0x3c0005 0x0 0x0 0x0 0x0 0x0 0x0 0x410005 0x0 0x0 0x0 0x0 0x0 0x0 0x440005 0x0 0x0 0x0 0x0 0x0 0x0 0x490003 0x0 0xc0 0x500005 0x0 0x0 0x2517e8040e0 0x62e 0x2517ea08dd0 0x3c 0x550005 0x66a 0x0 0x0 0x0 0x0 0x0 0x580005 0x0 0x0 0x2517e8040e0 0x62e 0x2517ea08dd0 0x3c 0x0 0x0 0x0 0x0 0x0 0x0 0x9 0x2 0x0 0x0 oops 4 68 java/util/stream/MatchOps$MatchOp 70 java/util/stream/ReduceOps$3 82 java/util/stream/MatchOps$MatchOp 84 java/util/stream/ReduceOps$3 methods 0
ciMethodData java/util/stream/StreamOpFlag fromCharacteristics (Ljava/util/Spliterator;)I 2 1537 orig 80 0 0 0 0 0 0 0 0 0 0 0 0 0 0 0 0 0 0 0 0 0 0 0 0 0 0 0 0 0 0 0 0 0 0 0 0 0 0 0 0 0 0 0 0 0 0 0 0 0 0 0 0 0 0 0 0 0 0 0 0 0 0 0 0 0 0 0 0 0 0 0 0 0 0 0 0 0 0 0 0 data 31 0x10005 0x0 0x0 0x2517e3c1148 0x5be 0x2517e5362e0 0x44 0xa0007 0x602 0x78 0x0 0xe0005 0x0 0x0 0x0 0x0 0x0 0x0 0x130007 0x0 0x20 0x0 0x0 0x0 0x0 0x0 0x0 0x0 0x9 0x1 0x0 oops 2 3 java/util/Spliterators$IteratorSpliterator 5 java/util/ArrayList$ArrayListSpliterator methods 0
ciMethodData java/util/stream/ReferencePipeline$Head <init> (Ljava/util/Spliterator;IZ)V 2 1537 orig 80 0 0 0 0 0 0 0 0 0 0 0 0 0 0 0 0 0 0 0 0 0 0 0 0 0 0 0 0 0 0 0 0 0 0 0 0 0 0 0 0 0 0 0 0 0 0 0 0 0 0 0 0 0 0 0 0 0 0 0 0 0 0 0 0 0 0 0 0 0 0 0 0 0 0 0 0 0 0 0 0 data 10 0x40002 0x602 0x0 0x0 0x9 0x4 0x0 0x0 0x0 0x0 oops 0 methods 0
ciMethodData java/util/stream/ReferencePipeline <init> (Ljava/util/Spliterator;IZ)V 2 1537 orig 80 0 0 0 0 0 0 0 0 0 0 0 0 0 0 0 0 0 0 0 0 0 0 0 0 0 0 0 0 0 0 0 0 0 0 0 0 0 0 0 0 0 0 0 0 0 0 0 0 0 0 0 0 0 0 0 0 0 0 0 0 0 0 0 0 0 0 0 0 0 0 0 0 0 0 0 0 0 0 0 0 data 10 0x40002 0x602 0x0 0x0 0x9 0x4 0x0 0x0 0x0 0x0 oops 0 methods 0
ciMethodData java/util/stream/AbstractPipeline <init> (Ljava/util/Spliterator;IZ)V 2 1537 orig 80 0 0 0 0 0 0 0 0 0 0 0 0 0 0 0 0 0 0 0 0 0 0 0 0 0 0 0 0 0 0 0 0 0 0 0 0 0 0 0 0 0 0 0 0 0 0 0 0 0 0 0 0 0 0 0 0 0 0 0 0 0 0 0 0 0 0 0 0 0 0 0 0 0 0 0 0 0 0 0 0 data 14 0x10002 0x602 0x0 0x0 0x0 0x0 0x0 0x0 0x9 0x4 0x3e 0x0 0x0 0x0 oops 0 methods 0
ciMethodData java/util/stream/AbstractPipeline wrapSink (Ljava/util/stream/Sink;)Ljava/util/stream/Sink; 2 1635 orig 80 0 0 0 0 0 0 0 0 0 0 0 0 0 0 0 0 0 0 0 0 0 0 0 0 0 0 0 0 0 0 0 0 0 0 0 0 0 0 0 0 0 0 0 0 0 0 0 0 0 0 0 0 0 0 0 0 0 0 0 0 0 0 0 0 0 0 0 0 0 0 0 0 0 0 0 0 0 0 0 0 data 26 0x10002 0x664 0xb0007 0x664 0x70 0x663 0x170005 0x0 0x0 0x2517ebe11d0 0x656 0x2517e7ba6e0 0xd 0x200003 0x663 0xffffffffffffffa8 0x0 0x0 0x0 0x0 0x0 0x0 0x9 0x2 0x0 0x0 oops 2 9 java/util/stream/ReferencePipeline$3 11 java/util/stream/ReferencePipeline$2 methods 0
ciMethodData java/util/Spliterator getExactSizeIfKnown ()J 2 1635 orig 80 0 0 0 0 0 0 0 0 0 0 0 0 0 0 0 0 0 0 0 0 0 0 0 0 0 0 0 0 0 0 0 0 0 0 0 0 0 0 0 0 0 0 0 0 0 0 0 0 0 0 0 0 0 0 0 0 0 0 0 0 0 0 0 0 0 0 0 0 0 0 0 0 0 0 0 0 0 0 0 0 data 30 0x10005 0x0 0x0 0x2517e3c1148 0x61e 0x2517e5362e0 0x46 0x90007 0x656 0x38 0xe 0xf0003 0xe 0x50 0x130005 0x0 0x0 0x2517e3c1148 0x610 0x2517e5362e0 0x46 0x0 0x0 0x0 0x0 0x0 0x0 0x9 0x1 0x0 oops 4 3 java/util/Spliterators$IteratorSpliterator 5 java/util/ArrayList$ArrayListSpliterator 17 java/util/Spliterators$IteratorSpliterator 19 java/util/ArrayList$ArrayListSpliterator methods 0
ciMethodData java/util/stream/AbstractPipeline wrapAndCopyInto (Ljava/util/stream/Sink;Ljava/util/Spliterator;)Ljava/util/stream/Sink; 2 1617 orig 80 0 0 0 0 0 0 0 0 0 0 0 0 0 0 0 0 0 0 0 0 0 0 0 0 0 0 0 0 0 0 0 0 0 0 0 0 0 0 0 0 0 0 0 0 0 0 0 0 0 0 0 0 0 0 0 0 0 0 0 0 0 0 0 0 0 0 0 0 0 0 0 0 0 0 0 0 0 0 0 0 data 34 0x30002 0x652 0x60004 0x0 0x0 0x2517e25f658 0x39 0x2517ea858a8 0x60b 0x90005 0x652 0x0 0x0 0x0 0x0 0x0 0xd0005 0x652 0x0 0x0 0x0 0x0 0x0 0x0 0x0 0x0 0x0 0x0 0x0 0x9 0x3 0x0 0x0 0x0 oops 2 5 java/util/stream/ReduceOps$3ReducingSink 7 java/util/stream/MatchOps$1MatchSink methods 0
ciMethodData java/util/stream/AbstractPipeline copyInto (Ljava/util/stream/Sink;Ljava/util/Spliterator;)V 2 1617 orig 80 0 0 0 0 0 0 0 0 0 0 0 0 0 0 0 0 0 0 0 0 0 0 0 0 0 0 0 0 0 0 0 0 0 0 0 0 0 0 0 0 0 0 0 0 0 0 0 0 0 0 0 0 0 0 0 0 0 0 0 0 0 0 0 0 0 0 0 0 0 0 0 0 0 0 0 0 0 0 0 0 data 69 0x10002 0x652 0x90005 0x652 0x0 0x0 0x0 0x0 0x0 0xc0005 0x652 0x0 0x0 0x0 0x0 0x0 0xf0007 0x60b 0x118 0x47 0x140005 0x0 0x0 0x2517e5362e0 0x39 0x2517e3c1148 0xe 0x190005 0x0 0x0 0x2517e261cb8 0x39 0x2517e4b5808 0xe 0x200005 0x0 0x0 0x2517e5362e0 0x39 0x2517e3c1148 0xe 0x260005 0x0 0x0 0x2517e261cb8 0x39 0x2517e4b5808 0xe 0x2b0003 0x47 0x50 0x310005 0x60b 0x0 0x0 0x0 0x0 0x0 0x0 0x0 0x0 0x0 0x0 0x0 0x9 0x3 0x0 0x0 0x0 oops 8 23 java/util/ArrayList$ArrayListSpliterator 25 java/util/Spliterators$IteratorSpliterator 30 java/util/stream/ReferencePipeline$3$1 32 java/util/stream/Nodes$SpinedNodeBuilder 37 java/util/ArrayList$ArrayListSpliterator 39 java/util/Spliterators$IteratorSpliterator 44 java/util/stream/ReferencePipeline$3$1 46 java/util/stream/Nodes$SpinedNodeBuilder methods 0
ciMethodData java/util/stream/Sink end ()V 2 1601 orig 80 0 0 0 0 0 0 0 0 0 0 0 0 0 0 0 0 0 0 0 0 0 0 0 0 0 0 0 0 0 0 0 0 0 0 0 0 0 0 0 0 0 0 0 0 0 0 0 0 0 0 0 0 0 0 0 0 0 0 0 0 0 0 0 0 0 0 0 0 0 0 0 0 0 0 0 0 0 0 0 0 data 4 0x0 0x9 0x1 0x0 oops 0 methods 0
ciMethodData java/util/stream/ReferencePipeline$StatelessOp <init> (Ljava/util/stream/AbstractPipeline;Ljava/util/stream/StreamShape;I)V 2 1512 orig 80 0 0 0 0 0 0 0 0 0 0 0 0 0 0 0 0 0 0 0 0 0 0 0 0 0 0 0 0 0 0 0 0 0 0 0 0 0 0 0 0 0 0 0 0 0 0 0 0 0 0 0 0 0 0 0 0 0 0 0 0 0 0 0 0 0 0 0 0 0 0 0 0 0 0 0 0 0 0 0 0 data 31 0x30002 0x5e9 0x90007 0x5e9 0x88 0x0 0xd0005 0x0 0x0 0x0 0x0 0x0 0x0 0x110007 0x0 0x30 0x0 0x180002 0x0 0x0 0x0 0x0 0x0 0x0 0x0 0x9 0x4 0x1e 0x38 0x0 0x0 oops 0 methods 0
ciMethodData java/util/stream/ReferencePipeline <init> (Ljava/util/stream/AbstractPipeline;I)V 2 1513 orig 80 0 0 0 0 0 0 0 0 0 0 0 0 0 0 0 0 0 0 0 0 0 0 0 0 0 0 0 0 0 0 0 0 0 0 0 0 0 0 0 0 0 0 0 0 0 0 0 0 0 0 0 0 0 0 0 0 0 0 0 0 0 0 0 0 0 0 0 0 0 0 0 0 0 0 0 0 0 0 0 0 data 9 0x30002 0x5ea 0x0 0x0 0x9 0x3 0x1e 0x38 0x0 oops 0 methods 0
ciMethodData java/util/stream/AbstractPipeline <init> (Ljava/util/stream/AbstractPipeline;I)V 2 1514 orig 80 0 0 0 0 0 0 0 0 0 0 0 0 0 0 0 0 0 0 0 0 0 0 0 0 0 0 0 0 0 0 0 0 0 0 0 0 0 0 0 0 0 0 0 0 0 0 0 0 0 0 0 0 0 0 0 0 0 0 0 0 0 0 0 0 0 0 0 0 0 0 0 0 0 0 0 0 0 0 0 0 data 34 0x10002 0x5eb 0x80007 0x5eb 0x30 0x0 0x110002 0x0 0x330002 0x5eb 0x420005 0x0 0x0 0x2517ebe11d0 0x5df 0x2517e7ba6e0 0xc 0x450007 0x5eb 0x20 0x0 0x0 0x0 0x0 0x0 0x0 0x0 0x0 0x0 0x9 0x3 0x1e 0x38 0x0 oops 2 13 java/util/stream/ReferencePipeline$3 15 java/util/stream/ReferencePipeline$2 methods 0
ciMethodData java/util/stream/Sink$ChainedReference <init> (Ljava/util/stream/Sink;)V 2 1604 orig 80 0 0 0 0 0 0 0 0 0 0 0 0 0 0 0 0 0 0 0 0 0 0 0 0 0 0 0 0 0 0 0 0 0 0 0 0 0 0 0 0 0 0 0 0 0 0 0 0 0 0 0 0 0 0 0 0 0 0 0 0 0 0 0 0 0 0 0 0 0 0 0 0 0 0 0 0 0 0 0 0 data 21 0x10002 0x645 0x60002 0x645 0x90004 0x0 0x0 0x2517ea858a8 0x5f3 0x2517e25f658 0x38 0x0 0x0 0x0 0x0 0x0 0x0 0x9 0x2 0x6 0x0 oops 2 7 java/util/stream/MatchOps$1MatchSink 9 java/util/stream/ReduceOps$3ReducingSink methods 0
ciMethodData java/util/stream/Sink$ChainedReference end ()V 2 1604 orig 80 0 0 0 0 0 0 0 0 0 0 0 0 0 0 0 0 0 0 0 0 0 0 0 0 0 0 0 0 0 0 0 0 0 0 0 0 0 0 0 0 0 0 0 0 0 0 0 0 0 0 0 0 0 0 0 0 0 0 0 0 0 0 0 0 0 0 0 0 0 0 0 0 0 0 0 0 0 0 0 0 data 16 0x40005 0x1a 0x0 0x2517ea858a8 0x5f3 0x2517e25f658 0x38 0x0 0x0 0x0 0x0 0x0 0x0 0x9 0x1 0x0 oops 2 3 java/util/stream/MatchOps$1MatchSink 5 java/util/stream/ReduceOps$3ReducingSink methods 0
ciMethodData java/util/Spliterators$IteratorSpliterator estimateSize ()J 2 1443 orig 80 0 0 0 0 0 0 0 0 0 0 0 0 0 0 0 0 0 0 0 0 0 0 0 0 0 0 0 0 0 0 0 0 0 0 0 0 0 0 0 0 0 0 0 0 0 0 0 0 0 0 0 0 0 0 0 0 0 0 0 0 0 0 0 0 0 0 0 0 0 0 0 0 0 0 0 0 0 0 0 0 data 27 0x40007 0x0 0x90 0x5a4 0xc0005 0x0 0x0 0x2517f51c6c0 0x582 0x2517ebe0f10 0x22 0x190005 0x0 0x0 0x2517f51c6c0 0x582 0x2517ebe0f10 0x22 0x0 0x0 0x0 0x0 0x0 0x0 0x9 0x1 0x0 oops 4 7 com/sun/tools/javac/util/List 9 com/sun/tools/javac/util/List$1 14 com/sun/tools/javac/util/List 16 com/sun/tools/javac/util/List$1 methods 0
ciMethodData java/util/stream/Sink begin (J)V 2 1424 orig 80 0 0 0 0 0 0 0 0 0 0 0 0 0 0 0 0 0 0 0 0 0 0 0 0 0 0 0 0 0 0 0 0 0 0 0 0 0 0 0 0 0 0 0 0 0 0 0 0 0 0 0 0 0 0 0 0 0 0 0 0 0 0 0 0 0 0 0 0 0 0 0 0 0 0 0 0 0 0 0 0 data 6 0x0 0x9 0x3 0x0 0x0 0x0 oops 0 methods 0
ciMethodData java/util/stream/AbstractPipeline copyIntoWithCancel (Ljava/util/stream/Sink;Ljava/util/Spliterator;)Z 2 1405 orig 80 0 0 0 0 0 0 0 0 0 0 0 0 0 0 0 0 0 0 0 0 0 0 0 0 0 0 0 0 0 0 0 0 0 0 0 0 0 0 0 0 0 0 0 0 0 0 0 0 0 0 0 0 0 0 0 0 0 0 0 0 0 0 0 0 0 0 0 0 0 0 0 0 0 0 0 0 0 0 0 0 data 46 0x60007 0x57e 0x38 0x57e 0xe0003 0x57e 0xffffffffffffffe0 0x130005 0x0 0x0 0x2517e3c1148 0x57e 0x0 0x0 0x180005 0x0 0x0 0x2517e261cb8 0x57e 0x0 0x0 0x200005 0x0 0x0 0x2517ebe1070 0x57e 0x0 0x0 0x260005 0x0 0x0 0x2517e261cb8 0x57e 0x0 0x0 0x0 0x0 0x0 0x0 0x0 0x0 0x9 0x3 0x0 0x0 0x0 oops 4 10 java/util/Spliterators$IteratorSpliterator 17 java/util/stream/ReferencePipeline$3$1 24 java/util/stream/ReferencePipeline$Head 31 java/util/stream/ReferencePipeline$3$1 methods 0
ciMethodData java/util/stream/ReferencePipeline forEachWithCancel (Ljava/util/Spliterator;Ljava/util/stream/Sink;)Z 2 1415 orig 80 0 0 0 0 0 0 0 0 0 0 0 0 0 0 0 0 0 0 0 0 0 0 0 0 0 0 0 0 0 0 0 0 0 0 0 0 0 0 0 0 0 0 0 0 0 0 0 0 0 0 0 0 0 0 0 0 0 0 0 0 0 0 0 0 0 0 0 0 0 0 0 0 0 0 0 0 0 0 0 0 data 33 0x10005 0x0 0x0 0x2517e261cb8 0x1190 0x0 0x0 0x80007 0x0 0x78 0x1190 0xd0005 0x0 0x0 0x2517e3c1148 0x1190 0x0 0x0 0x120007 0xc08 0xffffffffffffff70 0x588 0x0 0x0 0x0 0x0 0x0 0x0 0x9 0x3 0x0 0x0 0x0 oops 2 3 java/util/stream/ReferencePipeline$3$1 14 java/util/Spliterators$IteratorSpliterator methods 0
ciMethodData java/util/stream/ReferencePipeline$3 <init> (Ljava/util/stream/ReferencePipeline;Ljava/util/stream/AbstractPipeline;Ljava/util/stream/StreamShape;ILjava/util/function/Function;)V 2 1314 orig 80 0 0 0 0 0 0 0 0 0 0 0 0 0 0 0 0 0 0 0 0 0 0 0 0 0 0 0 0 0 0 0 0 0 0 0 0 0 0 0 0 0 0 0 0 0 0 0 0 0 0 0 0 0 0 0 0 0 0 0 0 0 0 0 0 0 0 0 0 0 0 0 0 0 0 0 0 0 0 0 0 data 14 0xb0002 0x523 0x0 0x0 0x0 0x0 0x9 0x6 0xde 0x0 0x38 0x0 0x0 0x0 oops 0 methods 0
ciMethodData java/util/stream/ReferencePipeline$3 opWrapSink (ILjava/util/stream/Sink;)Ljava/util/stream/Sink; 2 1405 orig 80 0 0 0 0 0 0 0 0 0 0 0 0 0 0 0 0 0 0 0 0 0 0 0 0 0 0 0 0 0 0 0 0 0 0 0 0 0 0 0 0 0 0 0 0 0 0 0 0 0 0 0 0 0 0 0 0 0 0 0 0 0 0 0 0 0 0 0 0 0 0 0 0 0 0 0 0 0 0 0 0 data 10 0x60002 0x57e 0x0 0x0 0x0 0x9 0x3 0x0 0x0 0x0 oops 0 methods 0
ciMethodData java/util/stream/ReferencePipeline$3$1 <init> (Ljava/util/stream/ReferencePipeline$3;Ljava/util/stream/Sink;)V 2 1405 orig 80 0 0 0 0 0 0 0 0 0 0 0 0 0 0 0 0 0 0 0 0 0 0 0 0 0 0 0 0 0 0 0 0 0 0 0 0 0 0 0 0 0 0 0 0 0 0 0 0 0 0 0 0 0 0 0 0 0 0 0 0 0 0 0 0 0 0 0 0 0 0 0 0 0 0 0 0 0 0 0 0 data 11 0x70002 0x57e 0x0 0x0 0x0 0x0 0x9 0x3 0x6 0x0 0x0 oops 0 methods 0
ciMethodData java/util/stream/Sink$ChainedReference begin (J)V 2 1405 orig 80 0 0 0 0 0 0 0 0 0 0 0 0 0 0 0 0 0 0 0 0 0 0 0 0 0 0 0 0 0 0 0 0 0 0 0 0 0 0 0 0 0 0 0 0 0 0 0 0 0 0 0 0 0 0 0 0 0 0 0 0 0 0 0 0 0 0 0 0 0 0 0 0 0 0 0 0 0 0 0 0 data 18 0x50005 0xd 0x0 0x2517ea858a8 0x53c 0x2517e25f658 0x35 0x0 0x0 0x0 0x0 0x0 0x0 0x9 0x3 0x0 0x0 0x0 oops 2 3 java/util/stream/MatchOps$1MatchSink 5 java/util/stream/ReduceOps$3ReducingSink methods 0
ciMethodData  @bci java/util/stream/MatchOps makeRef (Ljava/util/function/Predicate;Ljava/util/stream/MatchOps$MatchKind;)Ljava/util/stream/TerminalOp; 20 <appendix> member <vmtarget> ; <init> (Ljava/util/stream/MatchOps$MatchKind;Ljava/util/function/Predicate;)V 2 1227 orig 80 0 0 0 0 0 0 0 0 0 0 0 0 0 0 0 0 0 0 0 0 0 0 0 0 0 0 0 0 0 0 0 0 0 0 0 0 0 0 0 0 0 0 0 0 0 0 0 0 0 0 0 0 0 0 0 0 0 0 0 0 0 0 0 0 0 0 0 0 0 0 0 0 0 0 0 0 0 0 0 0 data 11 0x10002 0x4cc 0x0 0x0 0x0 0x0 0x9 0x3 0x6 0x0 0x0 oops 0 methods 0
ciMethodData java/util/stream/MatchOps$MatchOp <init> (Ljava/util/stream/StreamShape;Ljava/util/stream/MatchOps$MatchKind;Ljava/util/function/Supplier;)V 2 1241 orig 80 0 0 0 0 0 0 0 0 0 0 0 0 0 0 0 0 0 0 0 0 0 0 0 0 0 0 0 0 0 0 0 0 0 0 0 0 0 0 0 0 0 0 0 0 0 0 0 0 0 0 0 0 0 0 0 0 0 0 0 0 0 0 0 0 0 0 0 0 0 0 0 0 0 0 0 0 0 0 0 0 data 12 0x10002 0x4da 0x0 0x0 0x0 0x0 0x9 0x4 0xe 0x0 0x0 0x0 oops 0 methods 0
ciMethodData java/util/stream/MatchOps$MatchOp getOpFlags ()I 2 1263 orig 80 0 0 0 0 0 0 0 0 0 0 0 0 0 0 0 0 0 0 0 0 0 0 0 0 0 0 0 0 0 0 0 0 0 0 0 0 0 0 0 0 0 0 0 0 0 0 0 0 0 0 0 0 0 0 0 0 0 0 0 0 0 0 0 0 0 0 0 0 0 0 0 0 0 0 0 0 0 0 0 0 data 6 0x0 0x0 0x0 0x9 0x1 0x0 oops 0 methods 0
ciMethodData java/util/stream/MatchOps$MatchOp evaluateSequential (Ljava/util/stream/PipelineHelper;Ljava/util/Spliterator;)Ljava/lang/Object; 2 1277 orig 80 0 0 0 0 0 0 0 0 0 0 0 0 0 0 0 0 0 0 0 0 0 0 0 0 0 0 0 0 0 0 0 0 0 0 0 0 0 0 0 0 0 0 0 0 0 0 0 0 0 0 0 0 0 0 0 0 0 0 0 0 0 0 0 0 0 0 0 0 0 0 0 0 0 0 0 0 0 0 0 0 data 18 0x30005 0x4fe 0x0 0x0 0x0 0x0 0x0 0x0 0x0 0x0 0x0 0x0 0x0 0x9 0x3 0x0 0x0 0x0 oops 0 methods 0
ciMethodData java/util/stream/MatchOps$MatchOp evaluateSequential (Ljava/util/stream/PipelineHelper;Ljava/util/Spliterator;)Ljava/lang/Boolean; 2 1282 orig 80 0 0 0 0 0 0 0 0 0 0 0 0 0 0 0 0 0 0 0 0 0 0 0 0 0 0 0 0 0 0 0 0 0 0 0 0 0 0 0 0 0 0 0 0 0 0 0 0 0 0 0 0 0 0 0 0 0 0 0 0 0 0 0 0 0 0 0 0 0 0 0 0 0 0 0 0 0 0 0 0 data 48 0x50005 0x0 0x0 0x2517e804970 0x503 0x0 0x0 0xa0004 0x0 0x0 0x2517ea858a8 0x503 0x0 0x0 0xe0005 0x0 0x0 0x2517ebe11d0 0x503 0x0 0x0 0x110004 0x0 0x0 0x2517ea858a8 0x503 0x0 0x0 0x140005 0x0 0x0 0x2517ea858a8 0x503 0x0 0x0 0x170002 0x503 0x0 0x0 0x0 0x0 0x0 0x0 0x9 0x3 0x0 0x0 0x0 oops 5 3  @bci java/util/stream/MatchOps makeRef (Ljava/util/function/Predicate;Ljava/util/stream/MatchOps$MatchKind;)Ljava/util/stream/TerminalOp; 20 <appendix> member <vmtarget> ; 10 java/util/stream/MatchOps$1MatchSink 17 java/util/stream/ReferencePipeline$3 24 java/util/stream/MatchOps$1MatchSink 31 java/util/stream/MatchOps$1MatchSink methods 0
ciMethodData  @bci java/util/stream/MatchOps makeRef (Ljava/util/function/Predicate;Ljava/util/stream/MatchOps$MatchKind;)Ljava/util/stream/TerminalOp; 20 <appendix> member <vmtarget> ; get ()Ljava/lang/Object; 2 1282 orig 80 0 0 0 0 0 0 0 0 0 0 0 0 0 0 0 0 0 0 0 0 0 0 0 0 0 0 0 0 0 0 0 0 0 0 0 0 0 0 0 0 0 0 0 0 0 0 0 0 0 0 0 0 0 0 0 0 0 0 0 0 0 0 0 0 0 0 0 0 0 0 0 0 0 0 0 0 0 0 0 0 data 11 0x80002 0x503 0x0 0x0 0x0 0x0 0x0 0x0 0x9 0x1 0x0 oops 0 methods 0
ciMethodData java/util/stream/MatchOps lambda$makeRef$0 (Ljava/util/stream/MatchOps$MatchKind;Ljava/util/function/Predicate;)Ljava/util/stream/MatchOps$BooleanTerminalSink; 2 1282 orig 80 0 0 0 0 0 0 0 0 0 0 0 0 0 0 0 0 0 0 0 0 0 0 0 0 0 0 0 0 0 0 0 0 0 0 0 0 0 0 0 0 0 0 0 0 0 0 0 0 0 0 0 0 0 0 0 0 0 0 0 0 0 0 0 0 0 0 0 0 0 0 0 0 0 0 0 0 0 0 0 0 data 9 0x60002 0x503 0x0 0x0 0x0 0x9 0x2 0x0 0x0 oops 0 methods 0
ciMethodData java/util/stream/MatchOps$1MatchSink <init> (Ljava/util/stream/MatchOps$MatchKind;Ljava/util/function/Predicate;)V 2 1282 orig 80 0 0 0 0 0 0 0 0 0 0 0 0 0 0 0 0 0 0 0 0 0 0 0 0 0 0 0 0 0 0 0 0 0 0 0 0 0 0 0 0 0 0 0 0 0 0 0 0 0 0 0 0 0 0 0 0 0 0 0 0 0 0 0 0 0 0 0 0 0 0 0 0 0 0 0 0 0 0 0 0 data 11 0xc0002 0x503 0x0 0x0 0x0 0x0 0x9 0x3 0xe 0x0 0x0 oops 0 methods 0
ciMethodData java/util/stream/MatchOps$BooleanTerminalSink <init> (Ljava/util/stream/MatchOps$MatchKind;)V 2 1282 orig 80 0 0 0 0 0 0 0 0 0 0 0 0 0 0 0 0 0 0 0 0 0 0 0 0 0 0 0 0 0 0 0 0 0 0 0 0 0 0 0 0 0 0 0 0 0 0 0 0 0 0 0 0 0 0 0 0 0 0 0 0 0 0 0 0 0 0 0 0 0 0 0 0 0 0 0 0 0 0 0 0 data 17 0x10002 0x503 0x90007 0x503 0x38 0x0 0xd0003 0x0 0x18 0x0 0x0 0x0 0x0 0x9 0x2 0x6 0x0 oops 0 methods 0
ciMethodData java/util/stream/MatchOps$1MatchSink accept (Ljava/lang/Object;)V 2 2899 orig 80 0 0 0 0 0 0 0 0 0 0 0 0 0 0 0 0 0 0 0 0 0 0 0 0 0 0 0 0 0 0 0 0 0 0 0 0 0 0 0 0 0 0 0 0 0 0 0 0 0 0 0 0 0 0 0 0 0 0 0 0 0 0 0 0 0 0 0 0 0 0 0 0 0 0 0 0 0 0 0 0 data 25 0x40007 0x0 0x78 0xb54 0xc0005 0x0 0x0 0x2517ebe1120 0xb54 0x0 0x0 0x180007 0xb54 0x20 0x0 0x0 0x0 0x0 0x0 0x0 0x0 0x9 0x2 0x0 0x0 oops 1 7  @bci com/sun/tools/javac/code/Symtab lookupPackage (Lcom/sun/tools/javac/code/Symbol$ModuleSymbol;Lcom/sun/tools/javac/util/Name;Z)Lcom/sun/tools/javac/code/Symbol$PackageSymbol; 112 <appendix> member <vmtarget> ; methods 0
ciMethod  @bci com/sun/tools/javac/comp/Infer$CheckBounds <init> (Lcom/sun/tools/javac/comp/Infer;Lcom/sun/tools/javac/code/Type$UndetVar;Lcom/sun/tools/javac/code/Type;Lcom/sun/tools/javac/code/Type$UndetVar$InferenceBound;)V 4 <appendix> form vmentry <vmtarget> ; invoke (Ljava/lang/Object;)Ljava/lang/Object; 790 0 16737 0 -1
ciMethodData  @bci com/sun/tools/javac/comp/Infer$CheckBounds <init> (Lcom/sun/tools/javac/comp/Infer;Lcom/sun/tools/javac/code/Type$UndetVar;Lcom/sun/tools/javac/code/Type;Lcom/sun/tools/javac/code/Type$UndetVar$InferenceBound;)V 4 <appendix> form vmentry <vmtarget> ; invoke (Ljava/lang/Object;)Ljava/lang/Object; 2 16344 orig 80 0 0 0 0 0 0 0 0 0 0 0 0 0 0 0 0 0 0 0 0 0 0 0 0 0 0 0 0 0 0 0 0 0 0 0 0 0 0 0 0 0 0 0 0 0 0 0 0 0 0 0 0 0 0 0 0 0 0 0 0 0 0 0 0 0 0 0 0 0 0 0 0 0 0 0 0 0 0 0 0 data 20 0x10004 0x0 0x0 0x2517eba9040 0x1cbd 0x0 0x0 0x0 0x0 0x0 0x0 0x0 0x0 0x9 0x1 0x0 0xc 0x2 0x0 0x2517eba9040 oops 2 3 java/lang/invoke/BoundMethodHandle$Species_L 19 java/lang/invoke/BoundMethodHandle$Species_L methods 0
ciMethod com/sun/tools/javac/util/JCDiagnostic$DiagnosticInfo of (Lcom/sun/tools/javac/util/JCDiagnostic$DiagnosticType;Ljava/lang/String;Ljava/lang/String;[Ljava/lang/Object;)Lcom/sun/tools/javac/util/JCDiagnostic$DiagnosticInfo; 0 0 1 0 -1
ciMethod com/sun/tools/javac/util/Assert checkNonNull (Ljava/lang/Object;)Ljava/lang/Object; 1024 0 45219 0 104
ciMethod com/sun/tools/javac/util/Assert check (ZLjava/util/function/Supplier;)V 1024 0 740 0 -1
ciMethod com/sun/tools/javac/util/Assert checkNonNull (Ljava/lang/Object;Ljava/util/function/Supplier;)Ljava/lang/Object; 1024 0 11808 0 0
ciMethod com/sun/tools/javac/util/Assert error ()Ljava/lang/Error; 0 0 1 0 -1
ciMethod com/sun/tools/javac/util/Assert error (Ljava/lang/String;)Ljava/lang/Error; 0 0 1 0 -1
ciMethod com/sun/tools/javac/util/AbstractLog warning (Lcom/sun/tools/javac/util/JCDiagnostic$Warning;)V 0 0 1 0 -1
ciMethod com/sun/tools/javac/util/JCDiagnostic$Factory fragment (Lcom/sun/tools/javac/util/JCDiagnostic$Fragment;)Lcom/sun/tools/javac/util/JCDiagnostic; 0 0 1 0 -1
ciMethod com/sun/tools/javac/util/JCDiagnostic$Factory create (Lcom/sun/tools/javac/code/Lint$LintCategory;Ljava/util/Set;Lcom/sun/tools/javac/util/DiagnosticSource;Lcom/sun/tools/javac/util/JCDiagnostic$DiagnosticPosition;Lcom/sun/tools/javac/util/JCDiagnostic$DiagnosticInfo;)Lcom/sun/tools/javac/util/JCDiagnostic; 174 0 1 0 -1
ciMethod com/sun/tools/javac/util/JCDiagnostic$Factory normalize (Lcom/sun/tools/javac/util/JCDiagnostic$DiagnosticInfo;)Lcom/sun/tools/javac/util/JCDiagnostic$DiagnosticInfo; 174 0 1 0 -1
ciMethod com/sun/tools/javac/util/List nil ()Lcom/sun/tools/javac/util/List; 798 0 100016 0 88
ciMethod com/sun/tools/javac/util/List of (Ljava/lang/Object;)Lcom/sun/tools/javac/util/List; 382 0 23902 0 -1
ciMethod com/sun/tools/javac/util/List length ()I 56 1164 2026 0 0
ciMethod com/sun/tools/javac/util/List size ()I 1024 0 1889 0 0
ciMethod com/sun/tools/javac/util/List setTail (Lcom/sun/tools/javac/util/List;)Lcom/sun/tools/javac/util/List; 1024 0 1741 0 -1
ciMethod com/sun/tools/javac/util/List iterator ()Ljava/util/Iterator; 1024 0 20800 0 200
ciMethod com/sun/tools/javac/util/List$2 <init> (Lcom/sun/tools/javac/util/List;)V 1024 0 5241 0 0
ciMethod com/sun/tools/javac/util/List$2 hasNext ()Z 1024 0 15414 0 112
ciMethod com/sun/tools/javac/util/List$2 next ()Ljava/lang/Object; 1024 0 14339 0 304
ciMethod com/sun/tools/javac/code/Symbol <init> (Lcom/sun/tools/javac/code/Kinds$Kind;JLcom/sun/tools/javac/util/Name;Lcom/sun/tools/javac/code/Type;Lcom/sun/tools/javac/code/Symbol;)V 4132 0 12844 0 0
ciMethod com/sun/tools/javac/code/Symbol getQualifiedName ()Lcom/sun/tools/javac/util/Name; 432 0 216 0 -1
ciMethod com/sun/tools/javac/code/Symbol flatName ()Lcom/sun/tools/javac/util/Name; 1024 0 7112 0 0
ciMethod com/sun/tools/javac/code/Symbol enclClass ()Lcom/sun/tools/javac/code/Symbol$ClassSymbol; 2404 3988 378 0 -1
ciMethod com/sun/tools/javac/code/Symbol complete ()V 4202 0 21057 0 0
ciMethod com/sun/tools/javac/code/AnnoConstruct <init> ()V 2594 0 19700 0 0
ciMethod com/sun/tools/javac/code/Symbol$TypeSymbol <init> (Lcom/sun/tools/javac/code/Kinds$Kind;JLcom/sun/tools/javac/util/Name;Lcom/sun/tools/javac/code/Type;Lcom/sun/tools/javac/code/Symbol;)V 4110 0 4754 0 0
ciMethod com/sun/tools/javac/code/Symbol$TypeSymbol formFullName (Lcom/sun/tools/javac/util/Name;Lcom/sun/tools/javac/code/Symbol;)Lcom/sun/tools/javac/util/Name; 4104 0 5734 0 0
ciMethod com/sun/tools/javac/code/Symbol$TypeSymbol formFlatName (Lcom/sun/tools/javac/util/Name;Lcom/sun/tools/javac/code/Symbol;)Lcom/sun/tools/javac/util/Name; 1024 0 7208 0 0
ciMethod com/sun/tools/javac/code/Type hasTag (Lcom/sun/tools/javac/code/TypeTag;)Z 110 0 24728 0 120
ciMethod com/sun/tools/javac/code/Type getTag ()Lcom/sun/tools/javac/code/TypeTag; 0 0 1 0 -1
ciMethod com/sun/tools/javac/code/Type isPrimitive ()Z 628 0 314 0 -1
ciMethod com/sun/tools/javac/code/Type <init> (Lcom/sun/tools/javac/code/Symbol$TypeSymbol;Lcom/sun/tools/javac/util/List;)V 4616 0 9828 0 0
ciMethod com/sun/tools/javac/code/Type getMetadata ()Lcom/sun/tools/javac/util/List; 420 0 210 0 -1
ciMethod com/sun/tools/javac/code/Type getEnclosingType ()Lcom/sun/tools/javac/code/Type; 0 0 1 0 -1
ciMethod com/sun/tools/javac/code/Type$ClassType <init> (Lcom/sun/tools/javac/code/Type;Lcom/sun/tools/javac/util/List;Lcom/sun/tools/javac/code/Symbol$TypeSymbol;)V 1024 0 4171 0 0
ciMethod com/sun/tools/javac/code/Type$ClassType <init> (Lcom/sun/tools/javac/code/Type;Lcom/sun/tools/javac/util/List;Lcom/sun/tools/javac/code/Symbol$TypeSymbol;Lcom/sun/tools/javac/util/List;)V 1024 0 5362 0 0
ciMethod com/sun/tools/javac/code/Type$ClassType getTag ()Lcom/sun/tools/javac/code/TypeTag; 1024 0 2666 0 88
ciMethod com/sun/tools/javac/util/JCDiagnostic <init> (Lcom/sun/tools/javac/api/DiagnosticFormatter;Lcom/sun/tools/javac/util/JCDiagnostic$DiagnosticInfo;Lcom/sun/tools/javac/code/Lint$LintCategory;Ljava/util/Set;Lcom/sun/tools/javac/util/DiagnosticSource;Lcom/sun/tools/javac/util/JCDiagnostic$DiagnosticPosition;)V 174 0 1 0 -1
ciMethod com/sun/tools/javac/code/ClassFinder$BadClassFile <init> (Lcom/sun/tools/javac/code/Symbol$TypeSymbol;Ljavax/tools/JavaFileObject;Lcom/sun/tools/javac/util/JCDiagnostic;Lcom/sun/tools/javac/util/JCDiagnostic$Factory;Lcom/sun/tools/javac/code/DeferredCompletionFailureHandler;)V 0 0 1 0 -1
ciMethod com/sun/tools/javac/code/Symbol$ClassSymbol <init> (JLcom/sun/tools/javac/util/Name;Lcom/sun/tools/javac/code/Type;Lcom/sun/tools/javac/code/Symbol;)V 1024 0 3893 0 0
ciMethod com/sun/tools/javac/code/Symbol$ClassSymbol <init> (JLcom/sun/tools/javac/util/Name;Lcom/sun/tools/javac/code/Symbol;)V 1024 0 3881 0 0
ciMethod com/sun/tools/javac/code/Symbol$ClassSymbol erasure (Lcom/sun/tools/javac/code/Types;)Lcom/sun/tools/javac/code/Type; 4372 0 3890 0 0
ciMethod com/sun/tools/javac/code/Symbol$Completer complete (Lcom/sun/tools/javac/code/Symbol;)V 0 0 1 0 -1
ciMethod com/sun/tools/javac/resources/CompilerProperties$Fragments BadUtf8ByteSequenceAt (I)Lcom/sun/tools/javac/util/JCDiagnostic$Fragment; 0 0 1 0 -1
ciMethod com/sun/tools/javac/code/Symbol$PackageSymbol <init> (Lcom/sun/tools/javac/util/Name;Lcom/sun/tools/javac/code/Symbol;)V 790 0 442 0 -1
ciMethod com/sun/tools/javac/code/Symbol$PackageSymbol getQualifiedName ()Lcom/sun/tools/javac/util/Name; 372 0 186 0 0
ciMethod com/sun/tools/javac/code/Symbol$PackageSymbol exists ()Z 1024 0 5996 0 0
ciMethod com/sun/tools/javac/util/Names fromUtf ([BIILcom/sun/tools/javac/util/Convert$Validation;)Lcom/sun/tools/javac/util/Name; 4180 0 12853 0 -1
ciMethod com/sun/tools/javac/util/Names fromUtfLax ([BII)Lcom/sun/tools/javac/util/Name; 0 0 1 0 -1
ciMethod com/sun/tools/javac/util/Name$Table fromUtf ([BIILcom/sun/tools/javac/util/Convert$Validation;)Lcom/sun/tools/javac/util/Name; 0 0 1 0 -1
ciMethod com/sun/tools/javac/util/Name$Table hashValue ([BII)I 556 4304 2029 0 -1
ciMethod com/sun/tools/javac/util/Name$Table equals ([BI[BII)Z 490 8192 7479 0 -1
ciMethod com/sun/tools/javac/util/SharedNameTable fromUtf ([BIILcom/sun/tools/javac/util/Convert$Validation;)Lcom/sun/tools/javac/util/Name; 4650 102 15106 0 2592
ciMethod com/sun/tools/javac/util/Name length ()I 162 0 82 0 0
ciMethod com/sun/tools/javac/util/Name append (CLcom/sun/tools/javac/util/Name;)Lcom/sun/tools/javac/util/Name; 4252 0 12890 0 0
ciMethod com/sun/tools/javac/util/Name isEmpty ()Z 1024 0 9404 0 0
ciMethod com/sun/tools/javac/util/Name lastIndexOf (B)I 372 4448 4436 0 416
ciMethod com/sun/tools/javac/util/Name subName (II)Lcom/sun/tools/javac/util/Name; 4274 0 8656 0 0
ciMethod com/sun/tools/javac/util/Name toString ()Ljava/lang/String; 1024 0 14355 0 -1
ciMethod com/sun/tools/javac/util/Name getIndex ()I 0 0 1 0 -1
ciMethod com/sun/tools/javac/util/Name getByteLength ()I 0 0 1 0 -1
ciMethod com/sun/tools/javac/util/Name getBytes ([BI)V 4216 0 10678 0 272
ciMethod com/sun/tools/javac/util/Name getByteArray ()[B 0 0 1 0 -1
ciMethod com/sun/tools/javac/util/Name getByteOffset ()I 0 0 1 0 -1
ciMethod com/sun/tools/javac/util/SharedNameTable$NameImpl <init> (Lcom/sun/tools/javac/util/SharedNameTable;)V 1338 0 5537 0 -1
ciMethod com/sun/tools/javac/util/SharedNameTable$NameImpl getByteLength ()I 2468 0 1234 0 0
ciMethod com/sun/tools/javac/util/SharedNameTable$NameImpl getByteArray ()[B 1024 0 38736 0 104
ciMethod com/sun/tools/javac/util/SharedNameTable$NameImpl getByteOffset ()I 1284 0 642 0 0
ciMethod com/sun/tools/javac/util/SharedNameTable$NameImpl hashCode ()I 764 0 382 0 0
ciMethod com/sun/tools/javac/util/SharedNameTable$NameImpl equals (Ljava/lang/Object;)Z 1024 0 1426 0 0
ciMethod com/sun/tools/javac/util/ArrayUtils ensureCapacity ([BI)[B 552 0 14816 0 -1
ciMethod com/sun/tools/javac/util/Convert utfValidate ([BIILcom/sun/tools/javac/util/Convert$Validation;)V 8300 0 4896 0 -1
ciMethod com/sun/tools/javac/util/Convert utf2string ([BIILcom/sun/tools/javac/util/Convert$Validation;)Ljava/lang/String; 1024 0 14561 0 -1
ciMethod com/sun/tools/javac/util/Convert shortName (Lcom/sun/tools/javac/util/Name;)Lcom/sun/tools/javac/util/Name; 4190 0 1981 0 0
ciMethod com/sun/tools/javac/util/Convert packagePart (Lcom/sun/tools/javac/util/Name;)Lcom/sun/tools/javac/util/Name; 802 0 6892 0 0
ciMethod com/sun/tools/javac/jvm/ClassReader badClassFile (Ljava/lang/String;[Ljava/lang/Object;)Lcom/sun/tools/javac/code/ClassFinder$BadClassFile; 0 0 1 0 -1
ciMethod com/sun/tools/javac/jvm/ClassReader badClassFile (Lcom/sun/tools/javac/util/JCDiagnostic$Fragment;)Lcom/sun/tools/javac/code/ClassFinder$BadClassFile; 0 0 1 0 -1
ciMethod com/sun/tools/javac/jvm/ClassReader badClassFile (Lcom/sun/tools/javac/util/JCDiagnostic;)Lcom/sun/tools/javac/code/ClassFinder$BadClassFile; 0 0 1 0 -1
ciMethod com/sun/tools/javac/jvm/ClassReader sigToType ()Lcom/sun/tools/javac/code/Type; 1024 220 13134 0 -1
ciMethod com/sun/tools/javac/jvm/ClassReader classSigToType ()Lcom/sun/tools/javac/code/Type; 484 8192 3944 0 -1
ciMethod com/sun/tools/javac/jvm/ClassReader quoteBadSignature ()Ljava/lang/String; 0 0 1 0 -1
ciMethod com/sun/tools/javac/jvm/ClassReader sigToTypes (C)Lcom/sun/tools/javac/util/List; 454 1066 3442 0 0
ciMethod com/sun/tools/javac/jvm/ClassReader readName ([BII)Lcom/sun/tools/javac/util/Name; 1024 0 4795 0 0
ciMethod com/sun/tools/javac/jvm/ClassReader enterClass (Lcom/sun/tools/javac/util/Name;)Lcom/sun/tools/javac/code/Symbol$ClassSymbol; 1024 0 3944 0 0
ciMethod com/sun/tools/javac/jvm/ClassReader$1 <init> (Lcom/sun/tools/javac/jvm/ClassReader;Lcom/sun/tools/javac/code/Type;Lcom/sun/tools/javac/util/List;Lcom/sun/tools/javac/code/Symbol$TypeSymbol;)V 144 0 316 0 0
ciMethod com/sun/tools/javac/code/Types$DefaultTypeVisitor visit (Lcom/sun/tools/javac/code/Type;Ljava/lang/Object;)Ljava/lang/Object; 9742 0 570 0 -1
ciMethod com/sun/tools/javac/code/Symtab defineClass (Lcom/sun/tools/javac/util/Name;Lcom/sun/tools/javac/code/Symbol;)Lcom/sun/tools/javac/code/Symbol$ClassSymbol; 1024 0 3247 0 0
ciMethod com/sun/tools/javac/code/Symtab getClass (Lcom/sun/tools/javac/code/Symbol$ModuleSymbol;Lcom/sun/tools/javac/util/Name;)Lcom/sun/tools/javac/code/Symbol$ClassSymbol; 1024 0 9642 0 0
ciMethod com/sun/tools/javac/code/Symtab lookupPackage (Lcom/sun/tools/javac/code/Symbol$ModuleSymbol;Lcom/sun/tools/javac/util/Name;)Lcom/sun/tools/javac/code/Symbol$PackageSymbol; 1024 0 7253 0 0
ciMethod com/sun/tools/javac/code/Symtab lookupPackage (Lcom/sun/tools/javac/code/Symbol$ModuleSymbol;Lcom/sun/tools/javac/util/Name;Z)Lcom/sun/tools/javac/code/Symbol$PackageSymbol; 1024 0 7675 0 0
ciMethod com/sun/tools/javac/code/Symtab doEnterClass (Lcom/sun/tools/javac/code/Symbol$ModuleSymbol;Lcom/sun/tools/javac/code/Symbol$ClassSymbol;)V 1024 0 3247 0 0
ciMethod com/sun/tools/javac/code/Symtab enterClass (Lcom/sun/tools/javac/code/Symbol$ModuleSymbol;Lcom/sun/tools/javac/util/Name;)Lcom/sun/tools/javac/code/Symbol$ClassSymbol; 160 0 5563 0 0
ciMethod com/sun/tools/javac/code/Symtab enterPackage (Lcom/sun/tools/javac/code/Symbol$ModuleSymbol;Lcom/sun/tools/javac/util/Name;)Lcom/sun/tools/javac/code/Symbol$PackageSymbol; 4198 0 2732 0 0
ciMethod com/sun/tools/javac/code/Symtab doEnterPackage (Lcom/sun/tools/javac/code/Symbol$ModuleSymbol;Lcom/sun/tools/javac/code/Symbol$PackageSymbol;)V 852 0 682 0 -1
ciMethod com/sun/tools/javac/code/Symtab getPackage (Lcom/sun/tools/javac/code/Symbol$ModuleSymbol;Lcom/sun/tools/javac/util/Name;)Lcom/sun/tools/javac/code/Symbol$PackageSymbol; 3052 0 6673 0 0
ciMethod com/sun/tools/javac/code/Symtab lambda$lookupPackage$2 (Lcom/sun/tools/javac/code/Symbol$ModuleSymbol;)Z 1024 0 3287 0 0
ciMethod com/sun/tools/javac/code/Symtab lambda$lookupPackage$1 (Lcom/sun/tools/javac/code/Directive$RequiresDirective;)Lcom/sun/tools/javac/code/Symbol$ModuleSymbol; 326 0 163 0 0
ciMethod com/sun/tools/javac/code/Kinds$Kind matches (Lcom/sun/tools/javac/code/Kinds$KindSelector;)Z 4114 0 12635 0 0
ciMethod com/sun/tools/javac/code/Kinds$KindSelector contains (Lcom/sun/tools/javac/code/Kinds$KindSelector;)Z 4172 0 18058 0 0
ciMethod com/sun/tools/javac/comp/Annotate$AnnotationTypeMetadata notAnAnnotationType ()Lcom/sun/tools/javac/comp/Annotate$AnnotationTypeMetadata; 1024 0 4099 0 0
ciMethod com/sun/tools/javac/util/Iterators emptyIterator ()Ljava/util/Iterator; 1024 0 15909 0 88
ciMethod com/sun/tools/javac/code/Types erasure (Lcom/sun/tools/javac/code/Type;)Lcom/sun/tools/javac/code/Type; 4218 0 314 0 -1
ciMethod com/sun/tools/javac/code/Types eraseNotNeeded (Lcom/sun/tools/javac/code/Type;)Z 508 0 341 0 -1
ciMethod com/sun/tools/javac/code/Types erasure (Lcom/sun/tools/javac/code/Type;Z)Lcom/sun/tools/javac/code/Type; 390 0 341 0 -1
ciMethod  @bci com/sun/tools/javac/code/Symtab getClass (Lcom/sun/tools/javac/code/Symbol$ModuleSymbol;Lcom/sun/tools/javac/util/Name;)Lcom/sun/tools/javac/code/Symbol$ClassSymbol; 7 <appendix> member <vmtarget> ; <init> (Lcom/sun/tools/javac/util/Name;)V 1024 0 10705 0 0
ciMethodData com/sun/tools/javac/util/SharedNameTable$NameImpl getByteArray ()[B 2 38228 orig 80 0 0 0 0 0 0 0 0 0 0 0 0 0 0 0 0 0 0 0 0 0 0 0 0 0 0 0 0 0 0 0 0 0 0 0 0 0 0 0 0 0 0 0 0 0 0 0 0 0 0 0 0 0 0 0 0 0 0 0 0 0 0 0 0 0 0 0 0 0 0 0 0 0 0 0 0 0 0 0 0 data 16 0x40004 0x0 0x0 0x2517e387670 0x9555 0x0 0x0 0x0 0x0 0x0 0x0 0x0 0x0 0x9 0x1 0x0 oops 1 3 com/sun/tools/javac/util/SharedNameTable methods 0
ciMethodData com/sun/tools/javac/util/Assert checkNonNull (Ljava/lang/Object;)Ljava/lang/Object; 2 44746 orig 80 0 0 0 0 0 0 0 0 0 0 0 0 0 0 0 0 0 0 0 0 0 0 0 0 0 0 0 0 0 0 0 0 0 0 0 0 0 0 0 0 0 0 0 0 0 0 0 0 0 0 0 0 0 0 0 0 0 0 0 0 0 0 0 0 0 0 0 0 0 0 0 0 0 0 0 0 0 0 0 0 data 15 0x10007 0xaecb 0x30 0x0 0x40002 0x0 0x0 0x0 0x0 0x0 0x0 0x0 0x9 0x1 0x0 oops 0 methods 0
ciMethodData com/sun/tools/javac/util/Name lastIndexOf (B)I 2 4250 orig 80 0 0 0 0 0 0 0 0 0 0 0 0 0 0 0 0 0 0 0 0 0 0 0 0 0 0 0 0 0 0 0 0 0 0 0 0 0 0 0 0 0 0 0 0 0 0 0 0 0 0 0 0 0 0 0 0 0 0 0 0 0 0 0 0 0 0 0 0 0 0 0 0 0 0 0 0 0 0 0 0 data 42 0x10005 0x0 0x0 0x2517ddfdcc8 0x109a 0x0 0x0 0x60005 0x0 0x0 0x2517ddfdcc8 0x109a 0x0 0x0 0xb0005 0x0 0x0 0x2517ddfdcc8 0x109a 0x0 0x0 0x140007 0x204 0x58 0x73dc 0x1e0007 0xe96 0x38 0x6546 0x240003 0x6546 0xffffffffffffffc0 0x0 0x0 0x0 0x0 0x0 0x0 0x9 0x2 0x0 0x0 oops 3 3 com/sun/tools/javac/util/SharedNameTable$NameImpl 10 com/sun/tools/javac/util/SharedNameTable$NameImpl 17 com/sun/tools/javac/util/SharedNameTable$NameImpl methods 0
ciMethodData com/sun/tools/javac/util/List nil ()Lcom/sun/tools/javac/util/List; 2 103801 orig 80 0 0 0 0 0 0 0 0 0 0 0 0 0 0 0 0 0 0 0 0 0 0 0 0 0 0 0 0 0 0 0 0 0 0 0 0 0 0 0 0 0 0 0 0 0 0 0 0 0 0 0 0 0 0 0 0 0 0 0 0 0 0 0 0 0 0 0 0 0 0 0 0 0 0 0 0 0 0 0 0 data 4 0x0 0x0 0x9 0x0 oops 0 methods 0
ciMethodData com/sun/tools/javac/util/Name toString ()Ljava/lang/String; 2 14049 orig 80 0 0 0 0 0 0 0 0 0 0 0 0 0 0 0 0 0 0 0 0 0 0 0 0 0 0 0 0 0 0 0 0 0 0 0 0 0 0 0 0 0 0 0 0 0 0 0 0 0 0 0 0 0 0 0 0 0 0 0 0 0 0 0 0 0 0 0 0 0 0 0 0 0 0 0 0 0 0 0 0 data 34 0x10005 0x0 0x0 0x2517ddfdcc8 0x36e2 0x0 0x0 0x50005 0x0 0x0 0x2517ddfdcc8 0x36e2 0x0 0x0 0x90005 0x0 0x0 0x2517ddfdcc8 0x36e2 0x0 0x0 0xf0002 0x36e2 0x190002 0x0 0x0 0x0 0x0 0x0 0x0 0x0 0x9 0x1 0x0 oops 3 3 com/sun/tools/javac/util/SharedNameTable$NameImpl 10 com/sun/tools/javac/util/SharedNameTable$NameImpl 17 com/sun/tools/javac/util/SharedNameTable$NameImpl methods 0
ciMethodData com/sun/tools/javac/util/List$2 hasNext ()Z 2 14902 orig 80 0 0 0 0 0 0 0 0 0 0 0 0 0 0 0 0 0 0 0 0 0 0 0 0 0 0 0 0 0 0 0 0 0 0 0 0 0 0 0 0 0 0 0 0 0 0 0 0 0 0 0 0 0 0 0 0 0 0 0 0 0 0 0 0 0 0 0 0 0 0 0 0 0 0 0 0 0 0 0 0 data 16 0x70007 0xa2b 0x38 0x300c 0xb0003 0x300c 0x18 0x0 0x0 0x0 0x0 0x0 0x0 0x9 0x1 0x0 oops 0 methods 0
ciMethodData com/sun/tools/javac/util/List iterator ()Ljava/util/Iterator; 2 20294 orig 80 0 0 0 0 0 0 0 0 0 0 0 0 0 0 0 0 0 0 0 0 0 0 0 0 0 0 0 0 0 0 0 0 0 0 0 0 0 0 0 0 0 0 0 0 0 0 0 0 0 0 0 0 0 0 0 0 0 0 0 0 0 0 0 0 0 0 0 0 0 0 0 0 0 0 0 0 0 0 0 0 data 17 0x40007 0x1329 0x30 0x3c1e 0x70002 0x3c1e 0x100002 0x1329 0x0 0x0 0x0 0x0 0x0 0x0 0x9 0x1 0x0 oops 0 methods 0
ciMethodData com/sun/tools/javac/util/List length ()I 2 1998 orig 80 0 0 0 0 0 0 0 0 0 0 0 0 0 0 0 0 0 0 0 0 0 0 0 0 0 0 0 0 0 0 0 0 0 0 0 0 0 0 0 0 0 0 0 0 0 0 0 0 0 0 0 0 0 0 0 0 0 0 0 0 0 0 0 0 0 0 0 0 0 0 0 0 0 0 0 0 0 0 0 0 data 16 0x80007 0x7ce 0x38 0xf1e 0x130003 0xf1e 0xffffffffffffffe0 0x0 0x0 0x0 0x0 0x0 0x0 0x9 0x1 0x0 oops 0 methods 0
ciMethodData com/sun/tools/javac/util/List$2 next ()Ljava/lang/Object; 2 13827 orig 80 0 0 0 0 0 0 0 0 0 0 0 0 0 0 0 0 0 0 0 0 0 0 0 0 0 0 0 0 0 0 0 0 0 0 0 0 0 0 0 0 0 0 0 0 0 0 0 0 0 0 0 0 0 0 0 0 0 0 0 0 0 0 0 0 0 0 0 0 0 0 0 0 0 0 0 0 0 0 0 0 data 15 0x70007 0x3604 0x30 0x0 0xe0002 0x0 0x0 0x0 0x0 0x0 0x0 0x0 0x9 0x1 0x0 oops 0 methods 0
ciMethodData com/sun/tools/javac/util/List$2 <init> (Lcom/sun/tools/javac/util/List;)V 2 4729 orig 80 0 0 0 0 0 0 0 0 0 0 0 0 0 0 0 0 0 0 0 0 0 0 0 0 0 0 0 0 0 0 0 0 0 0 0 0 0 0 0 0 0 0 0 0 0 0 0 0 0 0 0 0 0 0 0 0 0 0 0 0 0 0 0 0 0 0 0 0 0 0 0 0 0 0 0 0 0 0 0 0 data 10 0x60002 0x127a 0x0 0x0 0x0 0x0 0x9 0x2 0x6 0x0 oops 0 methods 0
ciMethodData com/sun/tools/javac/util/Iterators emptyIterator ()Ljava/util/Iterator; 2 15406 orig 80 0 0 0 0 0 0 0 0 0 0 0 0 0 0 0 0 0 0 0 0 0 0 0 0 0 0 0 0 0 0 0 0 0 0 0 0 0 0 0 0 0 0 0 0 0 0 0 0 0 0 0 0 0 0 0 0 0 0 0 0 0 0 0 0 0 0 0 0 0 0 0 0 0 0 0 0 0 0 0 0 data 4 0x0 0x0 0x9 0x0 oops 0 methods 0
ciMethodData com/sun/tools/javac/util/Name isEmpty ()Z 2 8909 orig 80 0 0 0 0 0 0 0 0 0 0 0 0 0 0 0 0 0 0 0 0 0 0 0 0 0 0 0 0 0 0 0 0 0 0 0 0 0 0 0 0 0 0 0 0 0 0 0 0 0 0 0 0 0 0 0 0 0 0 0 0 0 0 0 0 0 0 0 0 0 0 0 0 0 0 0 0 0 0 0 0 data 23 0x10005 0x0 0x0 0x2517ddfdcc8 0x22ce 0x0 0x0 0x40007 0x21a6 0x38 0x128 0x80003 0x128 0x18 0x0 0x0 0x0 0x0 0x0 0x0 0x9 0x1 0x0 oops 1 3 com/sun/tools/javac/util/SharedNameTable$NameImpl methods 0
ciMethodData com/sun/tools/javac/util/Name getBytes ([BI)V 2 8570 orig 80 0 0 0 0 0 0 0 0 0 0 0 0 0 0 0 0 0 0 0 0 0 0 0 0 0 0 0 0 0 0 0 0 0 0 0 0 0 0 0 0 0 0 0 0 0 0 0 0 0 0 0 0 0 0 0 0 0 0 0 0 0 0 0 0 0 0 0 0 0 0 0 0 0 0 0 0 0 0 0 0 data 34 0x10005 0x0 0x0 0x2517ddfdcc8 0x217b 0x0 0x0 0x50005 0x0 0x0 0x2517ddfdcc8 0x217b 0x0 0x0 0xb0005 0x0 0x0 0x2517ddfdcc8 0x217b 0x0 0x0 0xe0002 0x217b 0x0 0x0 0x0 0x0 0x0 0x0 0x9 0x3 0x0 0x0 0x0 oops 3 3 com/sun/tools/javac/util/SharedNameTable$NameImpl 10 com/sun/tools/javac/util/SharedNameTable$NameImpl 17 com/sun/tools/javac/util/SharedNameTable$NameImpl methods 0
ciMethodData com/sun/tools/javac/code/AnnoConstruct <init> ()V 2 18439 orig 80 0 0 0 0 0 0 0 0 0 0 0 0 0 0 0 0 0 0 0 0 0 0 0 0 0 0 0 0 0 0 0 0 0 0 0 0 0 0 0 0 0 0 0 0 0 0 0 0 0 0 0 0 0 0 0 0 0 0 0 0 0 0 0 0 0 0 0 0 0 0 0 0 0 0 0 0 0 0 0 0 data 7 0x10002 0x4808 0x0 0x0 0x9 0x1 0x0 oops 0 methods 0
ciMethodData com/sun/tools/javac/util/SharedNameTable fromUtf ([BIILcom/sun/tools/javac/util/Convert$Validation;)Lcom/sun/tools/javac/util/Name; 2 12781 orig 80 0 0 0 0 0 0 0 0 0 0 0 0 0 0 0 0 0 0 0 0 0 0 0 0 0 0 0 0 0 0 0 0 0 0 0 0 0 0 0 0 0 0 0 0 0 0 0 0 0 0 0 0 0 0 0 0 0 0 0 0 0 0 0 0 0 0 0 0 0 0 0 0 0 0 0 0 0 0 0 0 data 69 0x50007 0x20fc 0x30 0x10f2 0xd0002 0x10f2 0x130002 0x31ee 0x2e0007 0xa97 0xc0 0x2e5f 0x330005 0x0 0x0 0x2517ddfdcc8 0x2e5f 0x0 0x0 0x370007 0x6fe 0x50 0x2761 0x440002 0x2761 0x470007 0x2757 0x38 0xa 0x510003 0x708 0xffffffffffffff58 0x560007 0x2757 0xa8 0xa97 0x660002 0xa97 0x760002 0xa97 0x7e0002 0xa97 0xa40004 0x0 0x0 0x2517ddfdcc8 0xa97 0x0 0x0 0xae0007 0xa97 0x20 0x0 0x0 0x0 0x0 0x0 0x0 0x0 0x0 0x0 0x0 0x9 0x5 0x0 0x0 0x0 0x0 0x0 oops 2 15 com/sun/tools/javac/util/SharedNameTable$NameImpl 45 com/sun/tools/javac/util/SharedNameTable$NameImpl methods 0
ciMethodData com/sun/tools/javac/jvm/ClassReader badClassFile (Lcom/sun/tools/javac/util/JCDiagnostic$Fragment;)Lcom/sun/tools/javac/code/ClassFinder$BadClassFile; 1 0 orig 80 0 0 0 0 0 0 0 0 0 0 0 0 0 0 0 0 0 0 0 0 0 0 0 0 0 0 0 0 0 0 0 0 0 0 0 0 0 0 0 0 0 0 0 0 0 0 0 0 0 0 0 0 0 0 0 0 0 0 0 0 0 0 0 0 0 0 0 0 0 0 0 0 0 0 0 0 0 0 0 0 data 24 0x60005 0x0 0x0 0x0 0x0 0x0 0x0 0x90005 0x0 0x0 0x0 0x0 0x0 0x0 0x0 0x0 0x0 0x0 0x0 0x0 0x9 0x2 0x0 0x0 oops 0 methods 0
ciMethodData com/sun/tools/javac/util/Name append (CLcom/sun/tools/javac/util/Name;)Lcom/sun/tools/javac/util/Name; 2 10764 orig 80 0 0 0 0 0 0 0 0 0 0 0 0 0 0 0 0 0 0 0 0 0 0 0 0 0 0 0 0 0 0 0 0 0 0 0 0 0 0 0 0 0 0 0 0 0 0 0 0 0 0 0 0 0 0 0 0 0 0 0 0 0 0 0 0 0 0 0 0 0 0 0 0 0 0 0 0 0 0 0 0 data 48 0x10005 0x0 0x0 0x2517ddfdcc8 0x2a0c 0x0 0x0 0x90005 0x0 0x0 0x2517ddfdcc8 0x2a0c 0x0 0x0 0x150005 0x0 0x0 0x2517ddfdcc8 0x2a0c 0x0 0x0 0x240005 0x0 0x0 0x2517ddfdcc8 0x2a0c 0x0 0x0 0x340005 0x0 0x0 0x2517e387670 0x2a0c 0x0 0x0 0x400002 0x0 0x0 0x0 0x0 0x0 0x0 0x0 0x9 0x3 0x0 0x0 0x0 oops 5 3 com/sun/tools/javac/util/SharedNameTable$NameImpl 10 com/sun/tools/javac/util/SharedNameTable$NameImpl 17 com/sun/tools/javac/util/SharedNameTable$NameImpl 24 com/sun/tools/javac/util/SharedNameTable$NameImpl 31 com/sun/tools/javac/util/SharedNameTable methods 0
ciMethodData com/sun/tools/javac/code/Kinds$Kind matches (Lcom/sun/tools/javac/code/Kinds$KindSelector;)Z 2 10578 orig 80 0 0 0 0 0 0 0 0 0 0 0 0 0 0 0 0 0 0 0 0 0 0 0 0 0 0 0 0 0 0 0 0 0 0 0 0 0 0 0 0 0 0 0 0 0 0 0 0 0 0 0 0 0 0 0 0 0 0 0 0 0 0 0 0 0 0 0 0 0 0 0 0 0 0 0 0 0 0 0 0 data 17 0x50005 0x0 0x0 0x2517f04a5f0 0x2953 0x0 0x0 0x0 0x0 0x0 0x0 0x0 0x0 0x9 0x2 0x0 0x0 oops 1 3 com/sun/tools/javac/code/Kinds$KindSelector methods 0
ciMethodData com/sun/tools/javac/code/Kinds$KindSelector contains (Lcom/sun/tools/javac/code/Kinds$KindSelector;)Z 2 15972 orig 80 0 0 0 0 0 0 0 0 0 0 0 0 0 0 0 0 0 0 0 0 0 0 0 0 0 0 0 0 0 0 0 0 0 0 0 0 0 0 0 0 0 0 0 0 0 0 0 0 0 0 0 0 0 0 0 0 0 0 0 0 0 0 0 0 0 0 0 0 0 0 0 0 0 0 0 0 0 0 0 0 data 15 0x90007 0x2cb2 0x38 0x11b3 0xd0003 0x11b3 0x18 0x0 0x0 0x0 0x0 0x9 0x2 0x0 0x0 oops 0 methods 0
ciMethodData com/sun/tools/javac/util/JCDiagnostic$Factory fragment (Lcom/sun/tools/javac/util/JCDiagnostic$Fragment;)Lcom/sun/tools/javac/util/JCDiagnostic; 1 0 orig 80 0 0 0 0 0 0 0 0 0 0 0 0 0 0 0 0 0 0 0 0 0 0 0 0 0 0 0 0 0 0 0 0 0 0 0 0 0 0 0 0 0 0 0 0 0 0 0 0 0 0 0 0 0 0 0 0 0 0 0 0 0 0 0 0 0 0 0 0 0 0 0 0 0 0 0 0 0 0 0 0 data 19 0x40002 0x0 0xa0005 0x0 0x0 0x0 0x0 0x0 0x0 0x0 0x0 0x0 0x0 0x0 0x0 0x9 0x2 0x0 0x0 oops 0 methods 0
ciMethodData com/sun/tools/javac/jvm/ClassReader badClassFile (Lcom/sun/tools/javac/util/JCDiagnostic;)Lcom/sun/tools/javac/code/ClassFinder$BadClassFile; 1 0 orig 80 0 0 0 0 0 0 0 0 0 0 0 0 0 0 0 0 0 0 0 0 0 0 0 0 0 0 0 0 0 0 0 0 0 0 0 0 0 0 0 0 0 0 0 0 0 0 0 0 0 0 0 0 0 0 0 0 0 0 0 0 0 0 0 0 0 0 0 0 0 0 0 0 0 0 0 0 0 0 0 0 data 19 0x80005 0x0 0x0 0x0 0x0 0x0 0x0 0x180002 0x0 0x0 0x0 0x0 0x0 0x0 0x0 0x9 0x2 0x0 0xffffffffffffffff oops 0 methods 0
ciMethodData com/sun/tools/javac/util/Name subName (II)Lcom/sun/tools/javac/util/Name; 2 6544 orig 80 0 0 0 0 0 0 0 0 0 0 0 0 0 0 0 0 0 0 0 0 0 0 0 0 0 0 0 0 0 0 0 0 0 0 0 0 0 0 0 0 0 0 0 0 0 0 0 0 0 0 0 0 0 0 0 0 0 0 0 0 0 0 0 0 0 0 0 0 0 0 0 0 0 0 0 0 0 0 0 0 data 38 0x20007 0x198c 0x20 0x5 0xc0005 0x0 0x0 0x2517ddfdcc8 0x1991 0x0 0x0 0x100005 0x0 0x0 0x2517ddfdcc8 0x1991 0x0 0x0 0x1b0005 0x0 0x0 0x2517e387670 0x1991 0x0 0x0 0x250002 0x0 0x0 0x0 0x0 0x0 0x0 0x0 0x9 0x3 0x0 0x0 0x0 oops 3 7 com/sun/tools/javac/util/SharedNameTable$NameImpl 14 com/sun/tools/javac/util/SharedNameTable$NameImpl 21 com/sun/tools/javac/util/SharedNameTable methods 0
ciMethodData com/sun/tools/javac/code/Symbol <init> (Lcom/sun/tools/javac/code/Kinds$Kind;JLcom/sun/tools/javac/util/Name;Lcom/sun/tools/javac/code/Type;Lcom/sun/tools/javac/code/Symbol;)V 2 10778 orig 80 0 0 0 0 0 0 0 0 0 0 0 0 0 0 0 0 0 0 0 0 0 0 0 0 0 0 0 0 0 0 0 0 0 0 0 0 0 0 0 0 0 0 0 0 0 0 0 0 0 0 0 0 0 0 0 0 0 0 0 0 0 0 0 0 0 0 0 0 0 0 0 0 0 0 0 0 0 0 0 0 data 16 0x10002 0x2a1b 0x0 0x0 0x0 0x0 0x0 0x9 0x7 0x0 0x0 0x0 0x0 0x0 0x0 0x0 oops 0 methods 0
ciMethodData com/sun/tools/javac/code/Type <init> (Lcom/sun/tools/javac/code/Symbol$TypeSymbol;Lcom/sun/tools/javac/util/List;)V 2 7939 orig 80 0 0 0 0 0 0 0 0 0 0 0 0 0 0 0 0 0 0 0 0 0 0 0 0 0 0 0 0 0 0 0 0 0 0 0 0 0 0 0 0 0 0 0 0 0 0 0 0 0 0 0 0 0 0 0 0 0 0 0 0 0 0 0 0 0 0 0 0 0 0 0 0 0 0 0 0 0 0 0 0 data 15 0x10002 0x1f04 0x50002 0x1f04 0x0 0x0 0x0 0x0 0x0 0x0 0x9 0x3 0x6 0x0 0x0 oops 0 methods 0
ciMethodData com/sun/tools/javac/code/Symbol$TypeSymbol <init> (Lcom/sun/tools/javac/code/Kinds$Kind;JLcom/sun/tools/javac/util/Name;Lcom/sun/tools/javac/code/Type;Lcom/sun/tools/javac/code/Symbol;)V 2 2699 orig 80 0 0 0 0 0 0 0 0 0 0 0 0 0 0 0 0 0 0 0 0 0 0 0 0 0 0 0 0 0 0 0 0 0 0 0 0 0 0 0 0 0 0 0 0 0 0 0 0 0 0 0 0 0 0 0 0 0 0 0 0 0 0 0 0 0 0 0 0 0 0 0 0 0 0 0 0 0 0 0 0 data 13 0x90002 0xa8c 0x0 0x0 0x9 0x7 0x0 0x0 0x0 0x0 0x0 0x0 0x0 oops 0 methods 0
ciMethodData com/sun/tools/javac/util/Names fromUtfLax ([BII)Lcom/sun/tools/javac/util/Name; 1 0 orig 80 0 0 0 0 0 0 0 0 0 0 0 0 0 0 0 0 0 0 0 0 0 0 0 0 0 0 0 0 0 0 0 0 0 0 0 0 0 0 0 0 0 0 0 0 0 0 0 0 0 0 0 0 0 0 0 0 0 0 0 0 0 0 0 0 0 0 0 0 0 0 0 0 0 0 0 0 0 0 0 0 data 21 0xa0005 0x0 0x0 0x0 0x0 0x0 0x0 0x160002 0x0 0x0 0x0 0x0 0x0 0x0 0x0 0x9 0x4 0xffffffffffffffff 0xffffffffffffffff 0x0 0x0 oops 0 methods 0
ciMethodData com/sun/tools/javac/code/Symtab getPackage (Lcom/sun/tools/javac/code/Symbol$ModuleSymbol;Lcom/sun/tools/javac/util/Name;)Lcom/sun/tools/javac/code/Symbol$PackageSymbol; 2 5271 orig 80 0 0 0 0 0 0 0 0 0 0 0 0 0 0 0 0 0 0 0 0 0 0 0 0 0 0 0 0 0 0 0 0 0 0 0 0 0 0 0 0 0 0 0 0 0 0 0 0 0 0 0 0 0 0 0 0 0 0 0 0 0 0 0 0 0 0 0 0 0 0 0 0 0 0 0 0 0 0 0 0 data 41 0x50002 0x1496 0x80005 0x0 0x0 0x2517ea8a4d0 0x1496 0x0 0x0 0xd0004 0x0 0x0 0x2517f01ff58 0x68 0x2517ea8a4d0 0x142e 0x110005 0x0 0x0 0x2517f01ff58 0x68 0x2517ea8a4d0 0x142e 0x160104 0x0 0x0 0x2517f020008 0x12 0x2517de031f8 0x13f7 0x0 0x0 0x0 0x0 0x0 0x0 0x9 0x3 0x0 0xffffffffffffffff 0xffffffffffffffff oops 7 5 java/util/HashMap 12 java/util/Collections$EmptyMap 14 java/util/HashMap 19 java/util/Collections$EmptyMap 21 java/util/HashMap 26 com/sun/tools/javac/code/Symbol$RootPackageSymbol 28 com/sun/tools/javac/code/Symbol$PackageSymbol methods 0
ciMethodData com/sun/tools/javac/code/Symbol$TypeSymbol formFullName (Lcom/sun/tools/javac/util/Name;Lcom/sun/tools/javac/code/Symbol;)Lcom/sun/tools/javac/util/Name; 2 3682 orig 80 0 0 0 0 0 0 0 0 0 0 0 0 0 0 0 0 0 0 0 0 0 0 0 0 0 0 0 0 0 0 0 0 0 0 0 0 0 0 0 0 0 0 0 0 0 0 0 0 0 0 0 0 0 0 0 0 0 0 0 0 0 0 0 0 0 0 0 0 0 0 0 0 0 0 0 0 0 0 0 0 data 66 0x10007 0xe63 0x20 0x0 0xd0007 0x0 0xf0 0xe63 0x170005 0xe63 0x0 0x0 0x0 0x0 0x0 0x1a0007 0x0 0x98 0xe63 0x240007 0xdc6 0x78 0x9d 0x2e0005 0x0 0x0 0x2517f51c5f0 0x9d 0x0 0x0 0x310007 0x9d 0x20 0x0 0x370005 0x9d 0x0 0x2517de031f8 0xd8f 0x2517f020008 0x37 0x3c0007 0x0 0x40 0xe63 0x4a0007 0xe2c 0x20 0x37 0x530005 0x0 0x0 0x2517ddfdcc8 0xe2c 0x0 0x0 0x0 0x0 0x0 0x0 0x0 0x0 0x9 0x2 0x0 0x0 oops 4 26 com/sun/tools/javac/code/Type$ClassType 37 com/sun/tools/javac/code/Symbol$PackageSymbol 39 com/sun/tools/javac/code/Symbol$RootPackageSymbol 52 com/sun/tools/javac/util/SharedNameTable$NameImpl methods 0
ciMethodData com/sun/tools/javac/util/Names fromUtf ([BIILcom/sun/tools/javac/util/Convert$Validation;)Lcom/sun/tools/javac/util/Name; 2 12459 orig 80 0 0 0 0 0 0 0 0 0 0 0 0 0 0 0 0 0 0 0 0 0 0 0 0 0 0 0 0 0 0 0 0 0 0 0 0 0 0 0 0 0 0 0 0 0 0 0 0 0 0 0 0 0 0 0 0 0 0 0 0 0 0 0 0 0 0 0 0 0 0 0 0 0 0 0 0 0 0 0 0 data 20 0x90005 0x0 0x0 0x2517e387670 0x30ab 0x0 0x0 0x0 0x0 0x0 0x0 0x0 0x0 0x9 0x5 0x0 0xffffffffffffffff 0x0 0x0 0xffffffffffffffff oops 1 3 com/sun/tools/javac/util/SharedNameTable methods 0
ciMethodData com/sun/tools/javac/code/Symtab enterClass (Lcom/sun/tools/javac/code/Symbol$ModuleSymbol;Lcom/sun/tools/javac/util/Name;)Lcom/sun/tools/javac/code/Symbol$ClassSymbol; 2 5488 orig 80 0 0 0 0 0 0 0 0 0 0 0 0 0 0 0 0 0 0 0 0 0 0 0 0 0 0 0 0 0 0 0 0 0 0 0 0 0 0 0 0 0 0 0 0 0 0 0 0 0 0 0 0 0 0 0 0 0 0 0 0 0 0 0 0 0 0 0 0 0 0 0 0 0 0 0 0 0 0 0 0 data 53 0x10002 0x1570 0x80002 0x1570 0xb0005 0x0 0x0 0x2517de00578 0x1570 0x0 0x0 0x100002 0x1570 0x180002 0x1570 0x220005 0x0 0x0 0x2517de00578 0x1570 0x0 0x0 0x290007 0x12bf 0xa0 0x2b1 0x2e0002 0x2b1 0x320005 0x0 0x0 0x2517de00578 0x2b1 0x0 0x0 0x3e0005 0x2b1 0x0 0x0 0x0 0x0 0x0 0x0 0x0 0x0 0x0 0x0 0x0 0x9 0x3 0xffffffffffffffff 0xffffffffffffffff 0xffffffffffffffff oops 3 7 com/sun/tools/javac/code/Symtab 18 com/sun/tools/javac/code/Symtab 31 com/sun/tools/javac/code/Symtab methods 0
ciMethodData com/sun/tools/javac/code/Symtab enterPackage (Lcom/sun/tools/javac/code/Symbol$ModuleSymbol;Lcom/sun/tools/javac/util/Name;)Lcom/sun/tools/javac/code/Symbol$PackageSymbol; 1 972 orig 80 0 0 0 0 0 0 0 0 0 0 0 0 0 0 0 0 0 0 0 0 0 0 0 0 0 0 0 0 0 0 0 0 0 0 0 0 0 0 0 0 0 0 0 0 0 0 0 0 0 0 0 0 0 0 0 0 0 0 0 0 0 0 0 0 0 0 0 0 0 0 0 0 0 0 0 0 0 0 0 0 data 66 0x10002 0x3cc 0x80005 0x0 0x0 0x2517de00578 0x3cc 0x0 0x0 0xd0007 0x32b 0x170 0xa1 0x110005 0x0 0x0 0x2517ddfdcc8 0xa1 0x0 0x0 0x140007 0x0 0x38 0xa1 0x180003 0xa1 0x18 0x1d000a 0xa1 0x3 0x0 0x2517de01738 0x2517e5a9770 0x220002 0xa1 0x2a0002 0xa1 0x300002 0xa1 0x330005 0x0 0x0 0x2517de00578 0xa1 0x0 0x0 0x360002 0xa1 0x4a0005 0xa1 0x0 0x0 0x0 0x0 0x0 0x0 0x0 0x0 0x0 0x0 0x0 0x9 0x3 0x0 0x0 0x0 oops 5 5 com/sun/tools/javac/code/Symtab 16 com/sun/tools/javac/util/SharedNameTable$NameImpl 31 com/sun/tools/javac/code/Symbol$ModuleSymbol 32  @bci com/sun/tools/javac/code/Symtab enterPackage (Lcom/sun/tools/javac/code/Symbol$ModuleSymbol;Lcom/sun/tools/javac/util/Name;)Lcom/sun/tools/javac/code/Symbol$PackageSymbol; 29 <appendix> member <vmtarget> ; 42 com/sun/tools/javac/code/Symtab methods 0
ciMethodData com/sun/tools/javac/util/Convert shortName (Lcom/sun/tools/javac/util/Name;)Lcom/sun/tools/javac/util/Name; 1 266 orig 80 0 0 0 0 0 0 0 0 0 0 0 0 0 0 0 0 0 0 0 0 0 0 0 0 0 0 0 0 0 0 0 0 0 0 0 0 0 0 0 0 0 0 0 0 0 0 0 0 0 0 0 0 0 0 0 0 0 0 0 0 0 0 0 0 0 0 0 0 0 0 0 0 0 0 0 0 0 0 0 0 data 45 0x30005 0x0 0x0 0x2517ddfdcc8 0x10a 0x0 0x0 0xa0005 0x0 0x0 0x2517ddfdcc8 0x10a 0x0 0x0 0xf0007 0xd9 0x78 0x31 0x140005 0x0 0x0 0x2517ddfdcc8 0x31 0x0 0x0 0x170007 0x0 0x20 0x31 0x1f0005 0x0 0x0 0x2517ddfdcc8 0xd9 0x0 0x0 0x0 0x0 0x0 0x0 0x0 0x0 0x9 0x1 0x0 oops 4 3 com/sun/tools/javac/util/SharedNameTable$NameImpl 10 com/sun/tools/javac/util/SharedNameTable$NameImpl 21 com/sun/tools/javac/util/SharedNameTable$NameImpl 32 com/sun/tools/javac/util/SharedNameTable$NameImpl methods 0
ciMethodData com/sun/tools/javac/util/Convert packagePart (Lcom/sun/tools/javac/util/Name;)Lcom/sun/tools/javac/util/Name; 2 6497 orig 80 0 0 0 0 0 0 0 0 0 0 0 0 0 0 0 0 0 0 0 0 0 0 0 0 0 0 0 0 0 0 0 0 0 0 0 0 0 0 0 0 0 0 0 0 0 0 0 0 0 0 0 0 0 0 0 0 0 0 0 0 0 0 0 0 0 0 0 0 0 0 0 0 0 0 0 0 0 0 0 0 data 23 0x50005 0x0 0x0 0x2517ddfdcc8 0x1961 0x0 0x0 0x80005 0x0 0x0 0x2517ddfdcc8 0x1961 0x0 0x0 0x0 0x0 0x0 0x0 0x0 0x0 0x9 0x1 0x0 oops 2 3 com/sun/tools/javac/util/SharedNameTable$NameImpl 10 com/sun/tools/javac/util/SharedNameTable$NameImpl methods 0
ciMethodData com/sun/tools/javac/code/Type hasTag (Lcom/sun/tools/javac/code/TypeTag;)Z 2 24673 orig 80 0 0 0 0 0 0 0 0 0 0 0 0 0 0 0 0 0 0 0 0 0 0 0 0 0 0 0 0 0 0 0 0 0 0 0 0 0 0 0 0 0 0 0 0 0 0 0 0 0 0 0 0 0 0 0 0 0 0 0 0 0 0 0 0 0 0 0 0 0 0 0 0 0 0 0 0 0 0 0 0 data 24 0x20005 0x1733 0x0 0x2517e5a0c10 0x31cc 0x2517f51c5f0 0x1762 0x50007 0x426a 0x38 0x1df7 0x90003 0x1df7 0x18 0x0 0x0 0x0 0x0 0x0 0x0 0x9 0x2 0x0 0x0 oops 2 3 com/sun/tools/javac/code/Type$1 5 com/sun/tools/javac/code/Type$ClassType methods 0
ciMethodData com/sun/tools/javac/util/Name length ()I 1 48 orig 80 0 0 0 0 0 0 0 0 0 0 0 0 0 0 0 0 0 0 0 0 0 0 0 0 0 0 0 0 0 0 0 0 0 0 0 0 0 0 0 0 0 0 0 0 0 0 0 0 0 0 0 0 0 0 0 0 0 0 0 0 0 0 0 0 0 0 0 0 0 0 0 0 0 0 0 0 0 0 0 0 data 23 0x10005 0x0 0x0 0x2517ddfdcc8 0x30 0x0 0x0 0x40005 0x30 0x0 0x0 0x0 0x0 0x0 0x0 0x0 0x0 0x0 0x0 0x0 0x9 0x1 0xffffffffffffffff oops 1 3 com/sun/tools/javac/util/SharedNameTable$NameImpl methods 0
ciMethodData com/sun/tools/javac/code/Symbol complete ()V 2 19026 orig 80 0 0 0 0 0 0 0 0 0 0 0 0 0 0 0 0 0 0 0 0 0 0 0 0 0 0 0 0 0 0 0 0 0 0 0 0 0 0 0 0 0 0 0 0 0 0 0 0 0 0 0 0 0 0 0 0 0 0 0 0 0 0 0 0 0 0 0 0 0 0 0 0 0 0 0 0 0 0 0 0 data 20 0x70007 0x46ff 0x58 0x352 0x180005 0x249 0x0 0x2517ea88260 0x24 0x2517ea88310 0xe5 0x0 0x0 0x0 0x0 0x0 0x0 0x9 0x1 0x0 oops 2 7 com/sun/tools/javac/comp/TypeEnter$HierarchyPhase 9 com/sun/tools/javac/comp/TypeEnter methods 0
ciMethodData com/sun/tools/javac/comp/Annotate$AnnotationTypeMetadata notAnAnnotationType ()Lcom/sun/tools/javac/comp/Annotate$AnnotationTypeMetadata; 2 3706 orig 80 0 0 0 0 0 0 0 0 0 0 0 0 0 0 0 0 0 0 0 0 0 0 0 0 0 0 0 0 0 0 0 0 0 0 0 0 0 0 0 0 0 0 0 0 0 0 0 0 0 0 0 0 0 0 0 0 0 0 0 0 0 0 0 0 0 0 0 0 0 0 0 0 0 0 0 0 0 0 0 0 data 4 0x0 0x0 0x9 0x0 oops 0 methods 0
ciMethodData com/sun/tools/javac/code/Symbol$TypeSymbol formFlatName (Lcom/sun/tools/javac/util/Name;Lcom/sun/tools/javac/code/Symbol;)Lcom/sun/tools/javac/util/Name; 2 6872 orig 80 0 0 0 0 0 0 0 0 0 0 0 0 0 0 0 0 0 0 0 0 0 0 0 0 0 0 0 0 0 0 0 0 0 0 0 0 0 0 0 0 0 0 0 0 0 0 0 0 0 0 0 0 0 0 0 0 0 0 0 0 0 0 0 0 0 0 0 0 0 0 0 0 0 0 0 0 0 0 0 0 data 69 0x10007 0x0 0xf0 0x1ad9 0xb0005 0x1ad9 0x0 0x0 0x0 0x0 0x0 0xe0007 0x0 0x98 0x1ad9 0x180007 0x19cd 0x78 0x10c 0x220005 0x0 0x0 0x2517f51c5f0 0x10c 0x0 0x0 0x250007 0x10c 0x20 0x0 0x310007 0x19cd 0x38 0x10c 0x360003 0x10c 0x18 0x3d0005 0x0 0x0 0x2517de031f8 0x19cd 0x2517f518178 0x10c 0x420007 0x0 0x40 0x1ad9 0x500007 0x1ad9 0x20 0x0 0x580005 0x0 0x0 0x2517ddfdcc8 0x1ad9 0x0 0x0 0x0 0x0 0x0 0x0 0x0 0x0 0x9 0x2 0x0 0x0 oops 4 22 com/sun/tools/javac/code/Type$ClassType 40 com/sun/tools/javac/code/Symbol$PackageSymbol 42 com/sun/tools/javac/code/Symbol$ClassSymbol 55 com/sun/tools/javac/util/SharedNameTable$NameImpl methods 0
ciMethodData com/sun/tools/javac/code/Symbol flatName ()Lcom/sun/tools/javac/util/Name; 2 6639 orig 80 0 0 0 0 0 0 0 0 0 0 0 0 0 0 0 0 0 0 0 0 0 0 0 0 0 0 0 0 0 0 0 0 0 0 0 0 0 0 0 0 0 0 0 0 0 0 0 0 0 0 0 0 0 0 0 0 0 0 0 0 0 0 0 0 0 0 0 0 0 0 0 0 0 0 0 0 0 0 0 0 data 16 0x10005 0x0 0x0 0x2517de031f8 0x19f0 0x0 0x0 0x0 0x0 0x0 0x0 0x0 0x0 0x9 0x1 0x0 oops 1 3 com/sun/tools/javac/code/Symbol$PackageSymbol methods 0
ciMethodData com/sun/tools/javac/util/Assert checkNonNull (Ljava/lang/Object;Ljava/util/function/Supplier;)Ljava/lang/Object; 2 11298 orig 80 0 0 0 0 0 0 0 0 0 0 0 0 0 0 0 0 0 0 0 0 0 0 0 0 0 0 0 0 0 0 0 0 0 0 0 0 0 0 0 0 0 0 0 0 0 0 0 0 0 0 0 0 0 0 0 0 0 0 0 0 0 0 0 0 0 0 0 0 0 0 0 0 0 0 0 0 0 0 0 0 data 30 0x10007 0x2c23 0xa0 0x0 0x50005 0x0 0x0 0x0 0x0 0x0 0x0 0xa0004 0x0 0x0 0x0 0x0 0x0 0x0 0xd0002 0x0 0x0 0x0 0x0 0x0 0x0 0x0 0x9 0x2 0x0 0x0 oops 0 methods 0
ciMethodData com/sun/tools/javac/code/Symtab getClass (Lcom/sun/tools/javac/code/Symbol$ModuleSymbol;Lcom/sun/tools/javac/util/Name;)Lcom/sun/tools/javac/code/Symbol$ClassSymbol; 2 10193 orig 80 0 0 0 0 0 0 0 0 0 0 0 0 0 0 0 0 0 0 0 0 0 0 0 0 0 0 0 0 0 0 0 0 0 0 0 0 0 0 0 0 0 0 0 0 0 0 0 0 0 0 0 0 0 0 0 0 0 0 0 0 0 0 0 0 0 0 0 0 0 0 0 0 0 0 0 0 0 0 0 0 data 51 0x30002 0x27d2 0x7000a 0x27d2 0x3 0x0 0x2517ddfdcc8 0x2517dcf8940 0xc0002 0x27d2 0x150002 0x27d2 0x180005 0x0 0x0 0x2517ea8a4d0 0x27d2 0x0 0x0 0x1d0004 0x0 0x0 0x2517ea8a4d0 0x1d53 0x2517f01ff58 0xa7f 0x210005 0x0 0x0 0x2517ea8a4d0 0x1d53 0x2517f01ff58 0xa7f 0x260104 0x0 0x0 0x2517f518178 0x180e 0x0 0x0 0x0 0x0 0x0 0x0 0x0 0x0 0x9 0x3 0x0 0x0 0x0 oops 8 6 com/sun/tools/javac/util/SharedNameTable$NameImpl 7  @bci com/sun/tools/javac/code/Symtab getClass (Lcom/sun/tools/javac/code/Symbol$ModuleSymbol;Lcom/sun/tools/javac/util/Name;)Lcom/sun/tools/javac/code/Symbol$ClassSymbol; 7 <appendix> member <vmtarget> ; 15 java/util/HashMap 22 java/util/HashMap 24 java/util/Collections$EmptyMap 29 java/util/HashMap 31 java/util/Collections$EmptyMap 36 com/sun/tools/javac/code/Symbol$ClassSymbol methods 0
ciMethodData  @bci com/sun/tools/javac/code/Symtab getClass (Lcom/sun/tools/javac/code/Symbol$ModuleSymbol;Lcom/sun/tools/javac/util/Name;)Lcom/sun/tools/javac/code/Symbol$ClassSymbol; 7 <appendix> member <vmtarget> ; <init> (Lcom/sun/tools/javac/util/Name;)V 2 10193 orig 80 0 0 0 0 0 0 0 0 0 0 0 0 0 0 0 0 0 0 0 0 0 0 0 0 0 0 0 0 0 0 0 0 0 0 0 0 0 0 0 0 0 0 0 0 0 0 0 0 0 0 0 0 0 0 0 0 0 0 0 0 0 0 0 0 0 0 0 0 0 0 0 0 0 0 0 0 0 0 0 0 data 10 0x10002 0x27d2 0x0 0x0 0x0 0x0 0x9 0x2 0x6 0x0 oops 0 methods 0
ciMethod  @bci com/sun/tools/javac/code/Symtab lookupPackage (Lcom/sun/tools/javac/code/Symbol$ModuleSymbol;Lcom/sun/tools/javac/util/Name;Z)Lcom/sun/tools/javac/code/Symbol$PackageSymbol; 101 <appendix> argL0 ; apply (Ljava/lang/Object;)Ljava/lang/Object; 1024 0 3287 0 0
ciMethod  @bci com/sun/tools/javac/code/Symtab lookupPackage (Lcom/sun/tools/javac/code/Symbol$ModuleSymbol;Lcom/sun/tools/javac/util/Name;Z)Lcom/sun/tools/javac/code/Symbol$PackageSymbol; 112 <appendix> member <vmtarget> ; <init> (Lcom/sun/tools/javac/code/Symtab;)V 226 0 1659 0 0
ciMethod  @bci com/sun/tools/javac/code/Symtab lookupPackage (Lcom/sun/tools/javac/code/Symbol$ModuleSymbol;Lcom/sun/tools/javac/util/Name;Z)Lcom/sun/tools/javac/code/Symbol$PackageSymbol; 112 <appendix> member <vmtarget> ; test (Ljava/lang/Object;)Z 1024 0 3287 0 0
ciMethodData com/sun/tools/javac/code/Symtab defineClass (Lcom/sun/tools/javac/util/Name;Lcom/sun/tools/javac/code/Symbol;)Lcom/sun/tools/javac/code/Symbol$ClassSymbol; 2 3295 orig 80 0 0 0 0 0 0 0 0 0 0 0 0 0 0 0 0 0 0 0 0 0 0 0 0 0 0 0 0 0 0 0 0 0 0 0 0 0 0 0 0 0 0 0 0 0 0 0 0 0 0 0 0 0 0 0 0 0 0 0 0 0 0 0 0 0 0 0 0 0 0 0 0 0 0 0 0 0 0 0 0 data 11 0x70002 0xce0 0x0 0x0 0x0 0x0 0x9 0x3 0x0 0x0 0x0 oops 0 methods 0
ciMethodData com/sun/tools/javac/code/Symtab doEnterClass (Lcom/sun/tools/javac/code/Symbol$ModuleSymbol;Lcom/sun/tools/javac/code/Symbol$ClassSymbol;)V 2 3630 orig 80 0 0 0 0 0 0 0 0 0 0 0 0 0 0 0 0 0 0 0 0 0 0 0 0 0 0 0 0 0 0 0 0 0 0 0 0 0 0 0 0 0 0 0 0 0 0 0 0 0 0 0 0 0 0 0 0 0 0 0 0 0 0 0 0 0 0 0 0 0 0 0 0 0 0 0 0 0 0 0 0 data 36 0x8000a 0xe2f 0x1 0x2517f528708 0xd0005 0x0 0x0 0x2517ea8a4d0 0xe2f 0x0 0x0 0x120004 0x0 0x0 0x2517ea8a4d0 0xe2f 0x0 0x0 0x170005 0x0 0x0 0x2517ea8a4d0 0xe2f 0x0 0x0 0x0 0x0 0x0 0x0 0x0 0x0 0x9 0x3 0x0 0xffffffffffffffff 0xffffffffffffffff oops 4 3  @bci com/sun/tools/javac/code/Symtab doEnterClass (Lcom/sun/tools/javac/code/Symbol$ModuleSymbol;Lcom/sun/tools/javac/code/Symbol$ClassSymbol;)V 8 <appendix> argL0 ; 7 java/util/HashMap 14 java/util/HashMap 21 java/util/HashMap methods 0
ciMethodData com/sun/tools/javac/code/Symbol$ClassSymbol <init> (JLcom/sun/tools/javac/util/Name;Lcom/sun/tools/javac/code/Type;Lcom/sun/tools/javac/code/Symbol;)V 2 3390 orig 80 0 0 0 0 0 0 0 0 0 0 0 0 0 0 0 0 0 0 0 0 0 0 0 0 0 0 0 0 0 0 0 0 0 0 0 0 0 0 0 0 0 0 0 0 0 0 0 0 0 0 0 0 0 0 0 0 0 0 0 0 0 0 0 0 0 0 0 0 0 0 0 0 0 0 0 0 0 0 0 0 data 26 0xa0002 0xd3f 0xe0002 0xd3f 0x220002 0xd3f 0x2c0002 0xd3f 0x3d0002 0xd3f 0x480002 0xd3f 0x0 0x0 0x0 0x0 0x0 0x0 0x9 0x6 0x0 0x0 0x0 0x0 0x0 0x0 oops 0 methods 0
ciMethodData com/sun/tools/javac/code/Type$ClassType <init> (Lcom/sun/tools/javac/code/Type;Lcom/sun/tools/javac/util/List;Lcom/sun/tools/javac/code/Symbol$TypeSymbol;)V 2 4442 orig 80 0 0 0 0 0 0 0 0 0 0 0 0 0 0 0 0 0 0 0 0 0 0 0 0 0 0 0 0 0 0 0 0 0 0 0 0 0 0 0 0 0 0 0 0 0 0 0 0 0 0 0 0 0 0 0 0 0 0 0 0 0 0 0 0 0 0 0 0 0 0 0 0 0 0 0 0 0 0 0 0 data 16 0x40002 0x115b 0x70002 0x115b 0x0 0x0 0x0 0x0 0x0 0x0 0x9 0x4 0x3e 0x0 0x0 0x0 oops 0 methods 0
ciMethodData com/sun/tools/javac/code/Type$ClassType <init> (Lcom/sun/tools/javac/code/Type;Lcom/sun/tools/javac/util/List;Lcom/sun/tools/javac/code/Symbol$TypeSymbol;Lcom/sun/tools/javac/util/List;)V 2 4855 orig 80 0 0 0 0 0 0 0 0 0 0 0 0 0 0 0 0 0 0 0 0 0 0 0 0 0 0 0 0 0 0 0 0 0 0 0 0 0 0 0 0 0 0 0 0 0 0 0 0 0 0 0 0 0 0 0 0 0 0 0 0 0 0 0 0 0 0 0 0 0 0 0 0 0 0 0 0 0 0 0 0 data 13 0x40002 0x12f8 0x0 0x0 0x0 0x0 0x9 0x5 0x3e 0x0 0x0 0x0 0x0 oops 0 methods 0
ciMethodData com/sun/tools/javac/code/Symbol$ClassSymbol <init> (JLcom/sun/tools/javac/util/Name;Lcom/sun/tools/javac/code/Symbol;)V 2 3369 orig 80 0 0 0 0 0 0 0 0 0 0 0 0 0 0 0 0 0 0 0 0 0 0 0 0 0 0 0 0 0 0 0 0 0 0 0 0 0 0 0 0 0 0 0 0 0 0 0 0 0 0 0 0 0 0 0 0 0 0 0 0 0 0 0 0 0 0 0 0 0 0 0 0 0 0 0 0 0 0 0 0 data 15 0xc0002 0xd2a 0x110002 0xd2a 0x0 0x0 0x0 0x0 0x9 0x5 0x0 0x0 0x0 0x0 0x0 oops 0 methods 0
ciMethodData com/sun/tools/javac/jvm/ClassReader sigToType ()Lcom/sun/tools/javac/code/Type; 2 13246 orig 80 0 0 0 0 0 0 0 0 0 0 0 0 0 0 0 0 0 0 0 0 0 0 0 0 0 0 0 0 0 0 0 0 0 0 0 0 0 0 0 0 0 0 0 0 0 0 0 0 0 0 0 0 0 0 0 0 0 0 0 0 0 0 0 0 0 0 0 0 0 0 0 0 0 0 0 0 0 0 0 0 data 390 0xa0008 0x6a 0x0 0x990 0xda3 0x5d8 0x0 0x990 0x2a 0x488 0x2f 0x440 0x0 0x990 0x37 0x498 0x0 0x990 0x0 0x990 0x0 0x990 0x0 0x990 0x0 0x990 0x0 0x990 0x0 0x990 0x0 0x990 0x0 0x990 0x0 0x990 0x0 0x990 0x0 0x990 0x0 0x990 0x0 0x990 0x31 0x8a0 0x0 0x990 0x0 0x990 0x0 0x990 0x0 0x990 0x0 0x990 0x60 0x4e0 0x2f 0x4e0 0x1d 0x4e0 0x0 0x990 0x53 0x4e0 0x0 0x990 0x0 0x990 0x682 0x4e0 0x89 0x4e0 0x0 0x990 0x10da 0x4e0 0x0 0x990 0x0 0x990 0x0 0x990 0x0 0x990 0x0 0x990 0x0 0x990 0x7 0x590 0x21f 0x360 0x0 0x990 0x61a 0x590 0x0 0x990 0x0 0x990 0x0 0x990 0x2f5 0x590 0x142 0x590 0x1020007 0x21f 0x38 0x223 0x10f0003 0x223 0xffffffffffffffe0 0x1200007 0x219 0x38 0x6 0x1260003 0x6 0x88 0x1380005 0x219 0x0 0x0 0x0 0x0 0x0 0x13b0005 0x0 0x0 0x2517f517830 0x219 0x0 0x0 0x14a0005 0x0 0x0 0x2517f517830 0x2f 0x0 0x0 0x15d0002 0x2f 0x1800002 0x2a 0x18f0005 0x0 0x0 0x2517f517830 0x37 0x0 0x0 0x1a20002 0x37 0x2130005 0x0 0x0 0x2517f517830 0x10da 0x0 0x0 0x21f0007 0x78c 0x78 0x94e 0x22d0007 0x94e 0x58 0x0 0x2380005 0x0 0x0 0x0 0x0 0x0 0x0 0x2830005 0x0 0x0 0x2517f517830 0x142 0x0 0x0 0x28d0002 0x142 0x29e0005 0x0 0x0 0x2517f517830 0xda3 0x0 0x0 0x2a30005 0x0 0x0 0x2517f517830 0xda3 0x0 0x0 0x2a70002 0xda3 0x2b40007 0xda3 0xc8 0x0 0x2c20007 0x0 0xa8 0x0 0x2d20005 0x0 0x0 0x0 0x0 0x0 0x0 0x2d50005 0x0 0x0 0x0 0x0 0x0 0x0 0x2da0003 0x0 0xffffffffffffff50 0x2e30005 0x0 0x0 0x2517ebe0f10 0xda3 0x0 0x0 0x2e60007 0xda3 0x100 0x0 0x2ee0004 0x0 0x0 0x0 0x0 0x0 0x0 0x2f40005 0x0 0x0 0x0 0x0 0x0 0x0 0x2f70007 0x0 0x58 0x0 0x2ff0004 0x0 0x0 0x0 0x0 0x0 0x0 0x3170003 0x0 0xfffffffffffffee0 0x3220005 0x0 0x0 0x2517ebe0f10 0xda3 0x0 0x0 0x32c0002 0xda3 0x3390005 0x0 0x0 0x2517f048620 0x31 0x0 0x0 0x3440005 0x0 0x0 0x2517f517830 0x31 0x0 0x0 0x3480005 0x0 0x0 0x2517f517830 0x31 0x0 0x0 0x34b0002 0x31 0x3550005 0x0 0x0 0x2517f048620 0x31 0x0 0x0 0x3690005 0x0 0x0 0x0 0x0 0x0 0x0 0x36c0004 0x0 0x0 0x0 0x0 0x0 0x0 0x36d0005 0x0 0x0 0x0 0x0 0x0 0x0 0x0 0x0 0x0 0x0 0x0 0x0 0x0 0x0 0x0 0x0 0x0 0x0 0x0 0x0 0x0 0x0 0x0 0x0 0x0 0x0 0x0 0x0 0x0 0x0 0x0 0x0 0x0 0x0 0x0 0x0 0x0 0x0 0x0 0x0 0x0 0x0 0x0 0x0 0x0 0x0 0x0 0x0 0x0 0x0 0x0 0x0 0x0 0x0 0x0 0x0 0x0 0x0 0x0 0x0 0x0 0x0 0x0 0x0 0x0 0x0 0x9 0x1 0x0 oops 13 132 com/sun/tools/javac/jvm/ClassReader 139 com/sun/tools/javac/jvm/ClassReader 150 com/sun/tools/javac/jvm/ClassReader 159 com/sun/tools/javac/jvm/ClassReader 181 com/sun/tools/javac/jvm/ClassReader 190 com/sun/tools/javac/jvm/ClassReader 197 com/sun/tools/javac/jvm/ClassReader 231 com/sun/tools/javac/util/List$1 270 com/sun/tools/javac/util/List$1 279 com/sun/tools/javac/code/Scope$ScopeImpl 286 com/sun/tools/javac/jvm/ClassReader 293 com/sun/tools/javac/jvm/ClassReader 302 com/sun/tools/javac/code/Scope$ScopeImpl methods 0
ciMethodData com/sun/tools/javac/jvm/ClassReader classSigToType ()Lcom/sun/tools/javac/code/Type; 2 3702 orig 80 0 0 0 0 0 0 0 0 0 0 0 0 0 0 0 0 0 0 0 0 0 0 0 0 0 0 0 0 0 0 0 0 0 0 0 0 0 0 0 0 0 0 0 0 0 0 0 0 0 0 0 0 0 0 0 0 0 0 0 0 0 0 0 0 0 0 0 0 0 0 0 0 0 0 0 0 0 0 0 0 data 184 0xb0007 0xe76 0xc8 0x0 0x190005 0x0 0x0 0x0 0x0 0x0 0x0 0x1c0004 0x0 0x0 0x0 0x0 0x0 0x0 0x1d0005 0x0 0x0 0x0 0x0 0x0 0x0 0x460008 0xa 0x104fe 0x3b8 0x0 0x2d8 0x1f32 0x3a0 0xd64 0x60 0x113 0x160 0x7d0005 0xd64 0x0 0x0 0x0 0x0 0x0 0x800005 0x0 0x0 0x2517f517830 0xd64 0x0 0x0 0x890007 0x0 0x70 0xd64 0x920005 0x0 0x0 0x2517f518178 0xd64 0x0 0x0 0x950003 0xd64 0x38 0x9d0002 0x0 0xa20002 0x0 0xc60005 0x113 0x0 0x0 0x0 0x0 0x0 0xc90005 0x0 0x0 0x2517f517830 0x113 0x0 0x0 0xd70005 0x0 0x0 0x2517f517830 0x113 0x0 0x0 0xdc0002 0x113 0xf00008 0x6 0x0 0xb0 0x0 0x98 0x113 0x40 0x1140007 0x7c 0x58 0x97 0x1220007 0x97 0x38 0x0 0x1480003 0x0 0xfffffffffffffd68 0x1640003 0x0 0xfffffffffffffd50 0x1760002 0x0 0x17e0007 0x0 0xb0 0x0 0x18e0005 0x0 0x0 0x0 0x0 0x0 0x0 0x1910005 0x0 0x0 0x0 0x0 0x0 0x0 0x19b0002 0x0 0x1a00002 0x0 0x1b60003 0x0 0xfffffffffffffc78 0x1cb0003 0x1f32 0xfffffffffffffc60 0x1df0003 0x104fe 0xfffffffffffffc48 0x0 0x0 0x0 0x0 0x0 0x0 0x0 0x0 0x0 0x0 0x0 0x0 0x0 0x0 0x0 0x0 0x0 0x0 0x0 0x0 0x0 0x0 0x0 0x0 0x0 0x0 0x0 0x0 0x0 0x0 0x0 0x0 0x0 0x0 0x9 0x1 0x0 oops 4 47 com/sun/tools/javac/jvm/ClassReader 58 com/sun/tools/javac/code/Symbol$ClassSymbol 79 com/sun/tools/javac/jvm/ClassReader 86 com/sun/tools/javac/jvm/ClassReader methods 0
ciMethodData com/sun/tools/javac/jvm/ClassReader readName ([BII)Lcom/sun/tools/javac/util/Name; 2 4908 orig 80 0 0 0 0 0 0 0 0 0 0 0 0 0 0 0 0 0 0 0 0 0 0 0 0 0 0 0 0 0 0 0 0 0 0 0 0 0 0 0 0 0 0 0 0 0 0 0 0 0 0 0 0 0 0 0 0 0 0 0 0 0 0 0 0 0 0 0 0 0 0 0 0 0 0 0 0 0 0 0 0 data 50 0xb0005 0x0 0x0 0x2517e5a1ab8 0x132d 0x0 0x0 0x150007 0x0 0xb0 0x0 0x240002 0x0 0x270002 0x0 0x2a0005 0x0 0x0 0x0 0x0 0x0 0x0 0x340005 0x0 0x0 0x0 0x0 0x0 0x0 0x3d0002 0x0 0x400005 0x0 0x0 0x0 0x0 0x0 0x0 0x0 0x0 0x0 0x0 0x0 0x0 0x9 0x4 0x0 0x0 0x0 0x0 oops 1 3 com/sun/tools/javac/util/Names methods 0
ciMethodData com/sun/tools/javac/code/Symtab lookupPackage (Lcom/sun/tools/javac/code/Symbol$ModuleSymbol;Lcom/sun/tools/javac/util/Name;)Lcom/sun/tools/javac/code/Symbol$PackageSymbol; 2 6787 orig 80 0 0 0 0 0 0 0 0 0 0 0 0 0 0 0 0 0 0 0 0 0 0 0 0 0 0 0 0 0 0 0 0 0 0 0 0 0 0 0 0 0 0 0 0 0 0 0 0 0 0 0 0 0 0 0 0 0 0 0 0 0 0 0 0 0 0 0 0 0 0 0 0 0 0 0 0 0 0 0 0 data 18 0x40005 0x1a84 0x0 0x0 0x0 0x0 0x0 0x0 0x0 0x0 0x0 0x0 0x0 0x9 0x3 0xffffffffffffffff 0xffffffffffffffff 0xffffffffffffffff oops 0 methods 0
ciMethodData com/sun/tools/javac/code/Symtab lookupPackage (Lcom/sun/tools/javac/code/Symbol$ModuleSymbol;Lcom/sun/tools/javac/util/Name;Z)Lcom/sun/tools/javac/code/Symbol$PackageSymbol; 2 7177 orig 80 0 0 0 0 0 0 0 0 0 0 0 0 0 0 0 0 0 0 0 0 0 0 0 0 0 0 0 0 0 0 0 0 0 0 0 0 0 0 0 0 0 0 0 0 0 0 0 0 0 0 0 0 0 0 0 0 0 0 0 0 0 0 0 0 0 0 0 0 0 0 0 0 0 0 0 0 0 0 0 0 data 229 0x10002 0x1c0a 0x60005 0x0 0x0 0x2517ddfdcc8 0x1c0a 0x0 0x0 0x90007 0x1c0a 0x20 0x0 0x160007 0x1c0a 0x58 0x0 0x1c0005 0x0 0x0 0x0 0x0 0x0 0x0 0x210005 0x0 0x0 0x2517de01738 0x115e 0x2517ebe0db0 0xaac 0x290005 0x0 0x0 0x2517ebe0e60 0x1c0a 0x0 0x0 0x2e0104 0x0 0x0 0x2517de031f8 0x82e 0x0 0x0 0x350007 0x13dc 0x20 0x82e 0x3e0005 0x0 0x0 0x2517de00578 0x13dc 0x0 0x0 0x450007 0x2e 0x78 0x13ae 0x4a0005 0x0 0x0 0x2517de031f8 0x13ae 0x0 0x0 0x4d0007 0xdac 0x40 0x602 0x510007 0x607 0x20 0x29 0x5b0007 0x0 0x150 0x607 0x620005 0x0 0x0 0x2517ebe0f10 0x7b 0x2517f51c6c0 0x58c 0x65000a 0x607 0x1 0x2517ebe0fc0 0x6a0005 0x0 0x0 0x2517ebe1070 0x607 0x0 0x0 0x70000a 0x607 0x3 0x0 0x2517de00578 0x2517ebe1120 0x750005 0x0 0x0 0x2517ebe11d0 0x607 0x0 0x0 0x7a0007 0x607 0x38 0x0 0x7e0003 0x0 0x18 0x860007 0x607 0x2d0 0x0 0x8f0005 0x0 0x0 0x0 0x0 0x0 0x0 0x960007 0x0 0xb0 0x0 0x9b0005 0x0 0x0 0x0 0x0 0x0 0x0 0x9e0007 0x0 0x58 0x0 0xac0005 0x0 0x0 0x0 0x0 0x0 0x0 0xb80005 0x0 0x0 0x0 0x0 0x0 0x0 0xbf0005 0x0 0x0 0x0 0x0 0x0 0x0 0xc40005 0x0 0x0 0x0 0x0 0x0 0x0 0xc70007 0x0 0x20 0x0 0xd30005 0x0 0x0 0x0 0x0 0x0 0x0 0xda0005 0x0 0x0 0x0 0x0 0x0 0x0 0xdf0005 0x0 0x0 0x0 0x0 0x0 0x0 0xe20007 0x0 0x58 0x0 0xf00005 0x0 0x0 0x0 0x0 0x0 0x0 0xff0005 0x0 0x0 0x2517de00578 0x607 0x0 0x0 0x0 0x0 0x0 0x0 0x0 0x0 0x0 0x0 0x0 0x9 0x4 0x0 0x0 0x0 0x0 oops 15 5 com/sun/tools/javac/util/SharedNameTable$NameImpl 27 com/sun/tools/javac/code/Symbol$ModuleSymbol 29 com/sun/tools/javac/code/Symtab$3 34 java/util/LinkedHashMap 41 com/sun/tools/javac/code/Symbol$PackageSymbol 52 com/sun/tools/javac/code/Symtab 63 com/sun/tools/javac/code/Symbol$PackageSymbol 82 com/sun/tools/javac/util/List$1 84 com/sun/tools/javac/util/List 89  @bci com/sun/tools/javac/code/Symtab lookupPackage (Lcom/sun/tools/javac/code/Symbol$ModuleSymbol;Lcom/sun/tools/javac/util/Name;Z)Lcom/sun/tools/javac/code/Symbol$PackageSymbol; 101 <appendix> argL0 ; 93 java/util/stream/ReferencePipeline$Head 101 com/sun/tools/javac/code/Symtab 102  @bci com/sun/tools/javac/code/Symtab lookupPackage (Lcom/sun/tools/javac/code/Symbol$ModuleSymbol;Lcom/sun/tools/javac/util/Name;Z)Lcom/sun/tools/javac/code/Symbol$PackageSymbol; 112 <appendix> member <vmtarget> ; 106 java/util/stream/ReferencePipeline$3 210 com/sun/tools/javac/code/Symtab methods 0
ciMethodData com/sun/tools/javac/code/Symbol$PackageSymbol exists ()Z 2 5678 orig 80 0 0 0 0 0 0 0 0 0 0 0 0 0 0 0 0 0 0 0 0 0 0 0 0 0 0 0 0 0 0 0 0 0 0 0 0 0 0 0 0 0 0 0 0 0 0 0 0 0 0 0 0 0 0 0 0 0 0 0 0 0 0 0 0 0 0 0 0 0 0 0 0 0 0 0 0 0 0 0 0 data 14 0xa0007 0x637 0x38 0xff8 0xe0003 0xff8 0x18 0x0 0x0 0x0 0x0 0x9 0x1 0x0 oops 0 methods 0
ciMethodData com/sun/tools/javac/jvm/ClassReader sigToTypes (C)Lcom/sun/tools/javac/util/List; 2 3552 orig 80 0 0 0 0 0 0 0 0 0 0 0 0 0 0 0 0 0 0 0 0 0 0 0 0 0 0 0 0 0 0 0 0 0 0 0 0 0 0 0 0 0 0 0 0 0 0 0 0 0 0 0 0 0 0 0 0 0 0 0 0 0 0 0 0 0 0 0 0 0 0 0 0 0 0 0 0 0 0 0 0 data 35 0x10002 0xde0 0x110007 0xde0 0xb8 0xeef 0x160005 0x0 0x0 0x2517f517830 0xeef 0x0 0x0 0x190002 0xeef 0x1c0005 0x0 0x0 0x2517f51c6c0 0xeef 0x0 0x0 0x200003 0xeef 0xffffffffffffff60 0x0 0x0 0x0 0x0 0x0 0x0 0x9 0x2 0xffffffffffffffff 0x0 oops 2 9 com/sun/tools/javac/jvm/ClassReader 18 com/sun/tools/javac/util/List methods 0
ciMethodData com/sun/tools/javac/code/Type$ClassType getTag ()Lcom/sun/tools/javac/code/TypeTag; 2 2154 orig 80 0 0 0 0 0 0 0 0 0 0 0 0 0 0 0 0 0 0 0 0 0 0 0 0 0 0 0 0 0 0 0 0 0 0 0 0 0 0 0 0 0 0 0 0 0 0 0 0 0 0 0 0 0 0 0 0 0 0 0 0 0 0 0 0 0 0 0 0 0 0 0 0 0 0 0 0 0 0 0 0 data 5 0x0 0x0 0x9 0x1 0x0 oops 0 methods 0
ciMethodData com/sun/tools/javac/jvm/ClassReader enterClass (Lcom/sun/tools/javac/util/Name;)Lcom/sun/tools/javac/code/Symbol$ClassSymbol; 2 3432 orig 80 0 0 0 0 0 0 0 0 0 0 0 0 0 0 0 0 0 0 0 0 0 0 0 0 0 0 0 0 0 0 0 0 0 0 0 0 0 0 0 0 0 0 0 0 0 0 0 0 0 0 0 0 0 0 0 0 0 0 0 0 0 0 0 0 0 0 0 0 0 0 0 0 0 0 0 0 0 0 0 0 data 17 0x90005 0x0 0x0 0x2517de00578 0xd69 0x0 0x0 0x0 0x0 0x0 0x0 0x0 0x0 0x9 0x2 0x0 0xffffffffffffffff oops 1 3 com/sun/tools/javac/code/Symtab methods 0
ciMethodData com/sun/tools/javac/code/Symbol$ClassSymbol erasure (Lcom/sun/tools/javac/code/Types;)Lcom/sun/tools/javac/code/Type; 2 2297 orig 80 0 0 0 0 0 0 0 0 0 0 0 0 0 0 0 0 0 0 0 0 0 0 0 0 0 0 0 0 0 0 0 0 0 0 0 0 0 0 0 0 0 0 0 0 0 0 0 0 0 0 0 0 0 0 0 0 0 0 0 0 0 0 0 0 0 0 0 0 0 0 0 0 0 0 0 0 0 0 0 0 data 39 0x40007 0x833 0xe8 0xc6 0x110005 0x0 0x0 0x2517f51c5f0 0xc6 0x0 0x0 0x140005 0x0 0x0 0x2517f51daa0 0xc6 0x0 0x0 0x170002 0xc6 0x1f0005 0x0 0x0 0x2517f51c5f0 0xc6 0x0 0x0 0x220002 0xc6 0x0 0x0 0x0 0x0 0x0 0x0 0x9 0x2 0x0 0x0 oops 3 7 com/sun/tools/javac/code/Type$ClassType 14 com/sun/tools/javac/code/Types 23 com/sun/tools/javac/code/Type$ClassType methods 0
ciMethodData com/sun/tools/javac/jvm/ClassReader$1 <init> (Lcom/sun/tools/javac/jvm/ClassReader;Lcom/sun/tools/javac/code/Type;Lcom/sun/tools/javac/util/List;Lcom/sun/tools/javac/code/Symbol$TypeSymbol;)V 1 282 orig 80 0 0 0 0 0 0 0 0 0 0 0 0 0 0 0 0 0 0 0 0 0 0 0 0 0 0 0 0 0 0 0 0 0 0 0 0 0 0 0 0 0 0 0 0 0 0 0 0 0 0 0 0 0 0 0 0 0 0 0 0 0 0 0 0 0 0 0 0 0 0 0 0 0 0 0 0 0 0 0 0 data 13 0xa0002 0x11a 0x0 0x0 0x0 0x0 0x9 0x5 0xfe 0x0 0x0 0x0 0x0 oops 0 methods 0
ciMethodData  @bci com/sun/tools/javac/code/Symtab lookupPackage (Lcom/sun/tools/javac/code/Symbol$ModuleSymbol;Lcom/sun/tools/javac/util/Name;Z)Lcom/sun/tools/javac/code/Symbol$PackageSymbol; 112 <appendix> member <vmtarget> ; <init> (Lcom/sun/tools/javac/code/Symtab;)V 2 1546 orig 80 0 0 0 0 0 0 0 0 0 0 0 0 0 0 0 0 0 0 0 0 0 0 0 0 0 0 0 0 0 0 0 0 0 0 0 0 0 0 0 0 0 0 0 0 0 0 0 0 0 0 0 0 0 0 0 0 0 0 0 0 0 0 0 0 0 0 0 0 0 0 0 0 0 0 0 0 0 0 0 0 data 10 0x10002 0x60a 0x0 0x0 0x0 0x0 0x9 0x2 0x6 0x0 oops 0 methods 0
ciMethodData com/sun/tools/javac/code/Types erasure (Lcom/sun/tools/javac/code/Type;)Lcom/sun/tools/javac/code/Type; 1 231 orig 80 0 0 0 0 0 0 0 0 0 0 0 0 0 0 0 0 0 0 0 0 0 0 0 0 0 0 0 0 0 0 0 0 0 0 0 0 0 0 0 0 0 0 0 0 0 0 0 0 0 0 0 0 0 0 0 0 0 0 0 0 0 0 0 0 0 0 0 0 0 0 0 0 0 0 0 0 0 0 0 0 data 31 0x20005 0xe7 0x0 0x0 0x0 0x0 0x0 0x50007 0xe7 0x38 0x0 0x90003 0x0 0x50 0xf0005 0xe7 0x0 0x0 0x0 0x0 0x0 0x0 0x0 0x0 0x0 0x0 0x0 0x9 0x2 0x0 0xffffffffffffffff oops 0 methods 0
ciMethodData com/sun/tools/javac/code/Types eraseNotNeeded (Lcom/sun/tools/javac/code/Type;)Z 1 231 orig 80 0 0 0 0 0 0 0 0 0 0 0 0 0 0 0 0 0 0 0 0 0 0 0 0 0 0 0 0 0 0 0 0 0 0 0 0 0 0 0 0 0 0 0 0 0 0 0 0 0 0 0 0 0 0 0 0 0 0 0 0 0 0 0 0 0 0 0 0 0 0 0 0 0 0 0 0 0 0 0 0 data 28 0x10005 0x80 0x0 0x2517e27e470 0x18 0x2517f51c5f0 0x4f 0x40007 0x0 0x40 0xe7 0x150007 0xe7 0x38 0x0 0x190003 0x0 0x18 0x0 0x0 0x0 0x0 0x0 0x0 0x9 0x2 0x0 0xffffffffffffffff oops 2 3 com/sun/tools/javac/code/Type$MethodType 5 com/sun/tools/javac/code/Type$ClassType methods 0
ciMethodData com/sun/tools/javac/code/Types erasure (Lcom/sun/tools/javac/code/Type;Z)Lcom/sun/tools/javac/code/Type; 1 231 orig 80 0 0 0 0 0 0 0 0 0 0 0 0 0 0 0 0 0 0 0 0 0 0 0 0 0 0 0 0 0 0 0 0 0 0 0 0 0 0 0 0 0 0 0 0 0 0 0 0 0 0 0 0 0 0 0 0 0 0 0 0 0 0 0 0 0 0 0 0 0 0 0 0 0 0 0 0 0 0 0 0 data 38 0x10005 0x80 0x0 0x2517e27e470 0x18 0x2517f51c5f0 0x4f 0x40007 0xe7 0x20 0x0 0xf0002 0xe7 0x120005 0xe7 0x0 0x0 0x0 0x0 0x0 0x150004 0x0 0x0 0x2517e27f210 0xd 0x2517e27e470 0xb 0x0 0x0 0x0 0x0 0x0 0x0 0x9 0x3 0x0 0xffffffffffffffff 0x0 oops 4 3 com/sun/tools/javac/code/Type$MethodType 5 com/sun/tools/javac/code/Type$ClassType 23 com/sun/tools/javac/code/Type$StructuralTypeMapping$4 25 com/sun/tools/javac/code/Type$MethodType methods 0
ciMethodData com/sun/tools/javac/util/SharedNameTable$NameImpl equals (Ljava/lang/Object;)Z 2 1284 orig 80 0 0 0 0 0 0 0 0 0 0 0 0 0 0 0 0 0 0 0 0 0 0 0 0 0 0 0 0 0 0 0 0 0 0 0 0 0 0 0 0 0 0 0 0 0 0 0 0 0 0 0 0 0 0 0 0 0 0 0 0 0 0 0 0 0 0 0 0 0 0 0 0 0 0 0 0 0 0 0 0 data 46 0x10004 0x0 0x0 0x2517ddfdcc8 0x505 0x0 0x0 0x40007 0x0 0xe8 0x505 0x80004 0x0 0x0 0x2517ddfdcc8 0x505 0x0 0x0 0x140007 0x0 0x90 0x505 0x1c0005 0x0 0x0 0x2517ddfdcc8 0x505 0x0 0x0 0x1f0007 0x505 0x38 0x0 0x230003 0x0 0x18 0x0 0x0 0x0 0x0 0x0 0x0 0x9 0x2 0x0 0x0 oops 3 3 com/sun/tools/javac/util/SharedNameTable$NameImpl 14 com/sun/tools/javac/util/SharedNameTable$NameImpl 25 com/sun/tools/javac/util/SharedNameTable$NameImpl methods 0
ciMethodData com/sun/tools/javac/util/List size ()I 2 1377 orig 80 0 0 0 0 0 0 0 0 0 0 0 0 0 0 0 0 0 0 0 0 0 0 0 0 0 0 0 0 0 0 0 0 0 0 0 0 0 0 0 0 0 0 0 0 0 0 0 0 0 0 0 0 0 0 0 0 0 0 0 0 0 0 0 0 0 0 0 0 0 0 0 0 0 0 0 0 0 0 0 0 data 16 0x10005 0x0 0x0 0x2517f51c6c0 0x540 0x2517ebe0f10 0x22 0x0 0x0 0x0 0x0 0x0 0x0 0x9 0x1 0x0 oops 2 3 com/sun/tools/javac/util/List 5 com/sun/tools/javac/util/List$1 methods 0
ciMethodData  @bci com/sun/tools/javac/code/Symtab lookupPackage (Lcom/sun/tools/javac/code/Symbol$ModuleSymbol;Lcom/sun/tools/javac/util/Name;Z)Lcom/sun/tools/javac/code/Symbol$PackageSymbol; 101 <appendix> argL0 ; apply (Ljava/lang/Object;)Ljava/lang/Object; 2 2775 orig 80 0 0 0 0 0 0 0 0 0 0 0 0 0 0 0 0 0 0 0 0 0 0 0 0 0 0 0 0 0 0 0 0 0 0 0 0 0 0 0 0 0 0 0 0 0 0 0 0 0 0 0 0 0 0 0 0 0 0 0 0 0 0 0 0 0 0 0 0 0 0 0 0 0 0 0 0 0 0 0 0 data 19 0x10004 0x0 0x0 0x2517e9af478 0xad8 0x0 0x0 0x40002 0xad8 0x0 0x0 0x0 0x0 0x0 0x0 0x9 0x2 0x0 0x0 oops 1 3 com/sun/tools/javac/code/Directive$RequiresDirective methods 0
ciMethodData  @bci com/sun/tools/javac/code/Symtab lookupPackage (Lcom/sun/tools/javac/code/Symbol$ModuleSymbol;Lcom/sun/tools/javac/util/Name;Z)Lcom/sun/tools/javac/code/Symbol$PackageSymbol; 112 <appendix> member <vmtarget> ; test (Ljava/lang/Object;)Z 2 2775 orig 80 0 0 0 0 0 0 0 0 0 0 0 0 0 0 0 0 0 0 0 0 0 0 0 0 0 0 0 0 0 0 0 0 0 0 0 0 0 0 0 0 0 0 0 0 0 0 0 0 0 0 0 0 0 0 0 0 0 0 0 0 0 0 0 0 0 0 0 0 0 0 0 0 0 0 0 0 0 0 0 0 data 24 0x50004 0x0 0x0 0x2517de01738 0xad8 0x0 0x0 0x80005 0xad8 0x0 0x0 0x0 0x0 0x0 0x0 0x0 0x0 0x0 0x0 0x0 0x9 0x2 0x0 0x0 oops 1 3 com/sun/tools/javac/code/Symbol$ModuleSymbol methods 0
ciMethodData com/sun/tools/javac/code/Symtab lambda$lookupPackage$2 (Lcom/sun/tools/javac/code/Symbol$ModuleSymbol;)Z 2 2978 orig 80 0 0 0 0 0 0 0 0 0 0 0 0 0 0 0 0 0 0 0 0 0 0 0 0 0 0 0 0 0 0 0 0 0 0 0 0 0 0 0 0 0 0 0 0 0 0 0 0 0 0 0 0 0 0 0 0 0 0 0 0 0 0 0 0 0 0 0 0 0 0 0 0 0 0 0 0 0 0 0 0 data 17 0x50007 0xba3 0x38 0x0 0x90003 0x0 0x18 0x0 0x0 0x0 0x0 0x0 0x0 0x9 0x2 0x0 0x0 oops 0 methods 0
compile com/sun/tools/javac/jvm/ClassReader classSigToType ()Lcom/sun/tools/javac/code/Type; -1 4 inline 239 0 -1 0 com/sun/tools/javac/jvm/ClassReader classSigToType ()Lcom/sun/tools/javac/code/Type; 1 201 0 com/sun/tools/javac/jvm/ClassReader enterClass (Lcom/sun/tools/javac/util/Name;)Lcom/sun/tools/javac/code/Symbol$ClassSymbol; 2 9 0 com/sun/tools/javac/code/Symtab enterClass (Lcom/sun/tools/javac/code/Symbol$ModuleSymbol;Lcom/sun/tools/javac/util/Name;)Lcom/sun/tools/javac/code/Symbol$ClassSymbol; 3 1 0 com/sun/tools/javac/util/Assert checkNonNull (Ljava/lang/Object;)Ljava/lang/Object; 3 8 0 com/sun/tools/javac/util/Convert packagePart (Lcom/sun/tools/javac/util/Name;)Lcom/sun/tools/javac/util/Name; 4 5 0 com/sun/tools/javac/util/Name lastIndexOf (B)I 5 1 0 com/sun/tools/javac/util/SharedNameTable$NameImpl getByteArray ()[B 5 6 0 com/sun/tools/javac/util/SharedNameTable$NameImpl getByteOffset ()I 5 11 0 com/sun/tools/javac/util/SharedNameTable$NameImpl getByteLength ()I 4 8 0 com/sun/tools/javac/util/Name subName (II)Lcom/sun/tools/javac/util/Name; 5 12 0 com/sun/tools/javac/util/SharedNameTable$NameImpl getByteArray ()[B 5 16 0 com/sun/tools/javac/util/SharedNameTable$NameImpl getByteOffset ()I 3 11 0 com/sun/tools/javac/code/Symtab lookupPackage (Lcom/sun/tools/javac/code/Symbol$ModuleSymbol;Lcom/sun/tools/javac/util/Name;)Lcom/sun/tools/javac/code/Symbol$PackageSymbol; 4 4 0 com/sun/tools/javac/code/Symtab lookupPackage (Lcom/sun/tools/javac/code/Symbol$ModuleSymbol;Lcom/sun/tools/javac/util/Name;Z)Lcom/sun/tools/javac/code/Symbol$PackageSymbol; 5 1 0 com/sun/tools/javac/util/Assert checkNonNull (Ljava/lang/Object;)Ljava/lang/Object; 5 6 0 com/sun/tools/javac/util/Name isEmpty ()Z 6 1 0 com/sun/tools/javac/util/SharedNameTable$NameImpl getByteLength ()I 5 33 0 com/sun/tools/javac/code/Symbol complete ()V 5 41 0 java/util/LinkedHashMap get (Ljava/lang/Object;)Ljava/lang/Object; 6 2 0 java/util/HashMap getNode (Ljava/lang/Object;)Ljava/util/HashMap$Node; 7 23 0 java/util/HashMap hash (Ljava/lang/Object;)I 8 9 0 com/sun/tools/javac/util/SharedNameTable$NameImpl hashCode ()I 5 62 0 com/sun/tools/javac/code/Symtab getPackage (Lcom/sun/tools/javac/code/Symbol$ModuleSymbol;Lcom/sun/tools/javac/util/Name;)Lcom/sun/tools/javac/code/Symbol$PackageSymbol; 6 5 0 java/util/Collections emptyMap ()Ljava/util/Map; 6 8 0 java/util/HashMap getOrDefault (Ljava/lang/Object;Ljava/lang/Object;)Ljava/lang/Object; 7 2 0 java/util/HashMap getNode (Ljava/lang/Object;)Ljava/util/HashMap$Node; 8 23 0 java/util/HashMap hash (Ljava/lang/Object;)I 9 9 0 com/sun/tools/javac/util/SharedNameTable$NameImpl hashCode ()I 6 17 0 java/util/HashMap get (Ljava/lang/Object;)Ljava/lang/Object; 7 2 0 java/util/HashMap getNode (Ljava/lang/Object;)Ljava/util/HashMap$Node; 8 23 0 java/util/HashMap hash (Ljava/lang/Object;)I 8 63 0 java/lang/Object equals (Ljava/lang/Object;)Z 8 128 0 java/lang/Object equals (Ljava/lang/Object;)Z 6 17 0 java/util/Collections$EmptyMap get (Ljava/lang/Object;)Ljava/lang/Object; 5 74 0 com/sun/tools/javac/code/Symbol$PackageSymbol exists ()Z 5 98 0 java/util/Collection stream ()Ljava/util/stream/Stream; 6 1 0 java/util/List spliterator ()Ljava/util/Spliterator; 7 19 0 java/util/Spliterators spliterator (Ljava/util/Collection;I)Ljava/util/Spliterator; 8 5 0 java/util/Objects requireNonNull (Ljava/lang/Object;)Ljava/lang/Object; 8 12 0 java/util/Spliterators$IteratorSpliterator <init> (Ljava/util/Collection;I)V 9 1 0 java/lang/Object <init> ()V 6 7 0 java/util/stream/StreamSupport stream (Ljava/util/Spliterator;Z)Ljava/util/stream/Stream; 7 1 0 java/util/Objects requireNonNull (Ljava/lang/Object;)Ljava/lang/Object; 7 11 0 java/util/stream/StreamOpFlag fromCharacteristics (Ljava/util/Spliterator;)I 8 1 0 java/util/Spliterators$IteratorSpliterator characteristics ()I 7 15 0 java/util/stream/ReferencePipeline$Head <init> (Ljava/util/Spliterator;IZ)V 8 4 0 java/util/stream/ReferencePipeline <init> (Ljava/util/Spliterator;IZ)V 9 4 0 java/util/stream/AbstractPipeline <init> (Ljava/util/Spliterator;IZ)V 10 1 0 java/util/stream/PipelineHelper <init> ()V 11 1 0 java/lang/Object <init> ()V 5 101 0 java/lang/invoke/Invokers$Holder linkToTargetMethod (Ljava/lang/Object;)Ljava/lang/Object; 6 4 0  @bci com/sun/tools/javac/comp/Infer$CheckBounds <init> (Lcom/sun/tools/javac/comp/Infer;Lcom/sun/tools/javac/code/Type$UndetVar;Lcom/sun/tools/javac/code/Type;Lcom/sun/tools/javac/code/Type$UndetVar$InferenceBound;)V 4 <appendix> form vmentry <vmtarget> ; invoke (Ljava/lang/Object;)Ljava/lang/Object; 5 106 0 java/util/stream/ReferencePipeline map (Ljava/util/function/Function;)Ljava/util/stream/Stream; 6 1 0 java/util/Objects requireNonNull (Ljava/lang/Object;)Ljava/lang/Object; 6 22 0 java/util/stream/ReferencePipeline$3 <init> (Ljava/util/stream/ReferencePipeline;Ljava/util/stream/AbstractPipeline;Ljava/util/stream/StreamShape;ILjava/util/function/Function;)V 7 11 0 java/util/stream/ReferencePipeline$StatelessOp <init> (Ljava/util/stream/AbstractPipeline;Ljava/util/stream/StreamShape;I)V 8 3 0 java/util/stream/ReferencePipeline <init> (Ljava/util/stream/AbstractPipeline;I)V 9 3 0 java/util/stream/AbstractPipeline <init> (Ljava/util/stream/AbstractPipeline;I)V 10 1 0 java/util/stream/PipelineHelper <init> ()V 11 1 0 java/lang/Object <init> ()V 10 51 0 java/util/stream/StreamOpFlag combineOpFlags (II)I 11 2 0 java/util/stream/StreamOpFlag getMask (I)I 10 66 0 java/util/stream/ReferencePipeline$StatelessOp opIsStateful ()Z 5 112 0 java/lang/invoke/Invokers$Holder linkToTargetMethod (Ljava/lang/Object;Ljava/lang/Object;)Ljava/lang/Object; 6 5 0 java/lang/invoke/DirectMethodHandle$Holder newInvokeSpecial (Ljava/lang/Object;Ljava/lang/Object;)Ljava/lang/Object; 7 1 0 java/lang/invoke/DirectMethodHandle allocateInstance (Ljava/lang/Object;)Ljava/lang/Object; 7 6 0 java/lang/invoke/DirectMethodHandle constructorMethod (Ljava/lang/Object;)Ljava/lang/Object; 7 16 0  @bci com/sun/tools/javac/code/Symtab lookupPackage (Lcom/sun/tools/javac/code/Symbol$ModuleSymbol;Lcom/sun/tools/javac/util/Name;Z)Lcom/sun/tools/javac/code/Symbol$PackageSymbol; 112 <appendix> member <vmtarget> ; <init> (Lcom/sun/tools/javac/code/Symtab;)V 8 1 0 java/lang/Object <init> ()V 5 117 0 java/util/stream/ReferencePipeline anyMatch (Ljava/util/function/Predicate;)Z 6 5 0 java/util/stream/MatchOps makeRef (Ljava/util/function/Predicate;Ljava/util/stream/MatchOps$MatchKind;)Ljava/util/stream/TerminalOp; 7 1 0 java/util/Objects requireNonNull (Ljava/lang/Object;)Ljava/lang/Object; 7 6 0 java/util/Objects requireNonNull (Ljava/lang/Object;)Ljava/lang/Object; 7 20 0 java/lang/invoke/Invokers$Holder linkToTargetMethod (Ljava/lang/Object;Ljava/lang/Object;Ljava/lang/Object;)Ljava/lang/Object; 8 6 0 java/lang/invoke/DirectMethodHandle$Holder newInvokeSpecial (Ljava/lang/Object;Ljava/lang/Object;Ljava/lang/Object;)Ljava/lang/Object; 9 1 0 java/lang/invoke/DirectMethodHandle allocateInstance (Ljava/lang/Object;)Ljava/lang/Object; 9 6 0 java/lang/invoke/DirectMethodHandle constructorMethod (Ljava/lang/Object;)Ljava/lang/Object; 9 19 0  @bci java/util/stream/MatchOps makeRef (Ljava/util/function/Predicate;Ljava/util/stream/MatchOps$MatchKind;)Ljava/util/stream/TerminalOp; 20 <appendix> member <vmtarget> ; <init> (Ljava/util/stream/MatchOps$MatchKind;Ljava/util/function/Predicate;)V 10 1 0 java/lang/Object <init> ()V 7 25 0 java/util/stream/MatchOps$MatchOp <init> (Ljava/util/stream/StreamShape;Ljava/util/stream/MatchOps$MatchKind;Ljava/util/function/Supplier;)V 8 1 0 java/lang/Object <init> ()V 6 8 0 java/util/stream/AbstractPipeline evaluate (Ljava/util/stream/TerminalOp;)Ljava/lang/Object; 7 50 0 java/util/stream/AbstractPipeline isParallel ()Z 7 80 0 java/util/stream/MatchOps$MatchOp getOpFlags ()I 7 85 0 java/util/stream/AbstractPipeline sourceSpliterator (I)Ljava/util/Spliterator; 7 88 0 java/util/stream/MatchOps$MatchOp evaluateSequential (Ljava/util/stream/PipelineHelper;Ljava/util/Spliterator;)Ljava/lang/Object; 8 3 0 java/util/stream/MatchOps$MatchOp evaluateSequential (Ljava/util/stream/PipelineHelper;Ljava/util/Spliterator;)Ljava/lang/Boolean; 9 5 0  @bci java/util/stream/MatchOps makeRef (Ljava/util/function/Predicate;Ljava/util/stream/MatchOps$MatchKind;)Ljava/util/stream/TerminalOp; 20 <appendix> member <vmtarget> ; get ()Ljava/lang/Object; 10 8 0 java/util/stream/MatchOps lambda$makeRef$0 (Ljava/util/stream/MatchOps$MatchKind;Ljava/util/function/Predicate;)Ljava/util/stream/MatchOps$BooleanTerminalSink; 11 6 0 java/util/stream/MatchOps$1MatchSink <init> (Ljava/util/stream/MatchOps$MatchKind;Ljava/util/function/Predicate;)V 12 12 0 java/util/stream/MatchOps$BooleanTerminalSink <init> (Ljava/util/stream/MatchOps$MatchKind;)V 13 1 0 java/lang/Object <init> ()V 9 14 0 java/util/stream/AbstractPipeline wrapAndCopyInto (Ljava/util/stream/Sink;Ljava/util/Spliterator;)Ljava/util/stream/Sink; 10 3 0 java/util/Objects requireNonNull (Ljava/lang/Object;)Ljava/lang/Object; 10 9 0 java/util/stream/AbstractPipeline wrapSink (Ljava/util/stream/Sink;)Ljava/util/stream/Sink; 11 1 0 java/util/Objects requireNonNull (Ljava/lang/Object;)Ljava/lang/Object; 11 23 0 java/util/stream/ReferencePipeline$3 opWrapSink (ILjava/util/stream/Sink;)Ljava/util/stream/Sink; 12 6 0 java/util/stream/ReferencePipeline$3$1 <init> (Ljava/util/stream/ReferencePipeline$3;Ljava/util/stream/Sink;)V 13 7 0 java/util/stream/Sink$ChainedReference <init> (Ljava/util/stream/Sink;)V 14 1 0 java/lang/Object <init> ()V 14 6 0 java/util/Objects requireNonNull (Ljava/lang/Object;)Ljava/lang/Object; 11 23 0 java/util/stream/ReferencePipeline$2 opWrapSink (ILjava/util/stream/Sink;)Ljava/util/stream/Sink; 12 6 0 java/util/stream/ReferencePipeline$2$1 <init> (Ljava/util/stream/ReferencePipeline$2;Ljava/util/stream/Sink;)V 13 7 0 java/util/stream/Sink$ChainedReference <init> (Ljava/util/stream/Sink;)V 14 1 0 java/lang/Object <init> ()V 14 6 0 java/util/Objects requireNonNull (Ljava/lang/Object;)Ljava/lang/Object; 10 13 0 java/util/stream/AbstractPipeline copyInto (Ljava/util/stream/Sink;Ljava/util/Spliterator;)V 11 1 0 java/util/Objects requireNonNull (Ljava/lang/Object;)Ljava/lang/Object; 11 9 0 java/util/stream/AbstractPipeline getStreamAndOpFlags ()I 11 12 0 java/util/stream/StreamOpFlag isKnown (I)Z 11 20 0 java/util/Spliterator getExactSizeIfKnown ()J 12 1 0 java/util/Spliterators$IteratorSpliterator characteristics ()I 12 19 0 java/util/Spliterators$IteratorSpliterator estimateSize ()J 13 12 0 com/sun/tools/javac/util/List iterator ()Ljava/util/Iterator; 14 7 0 com/sun/tools/javac/util/Iterators emptyIterator ()Ljava/util/Iterator; 14 16 0 com/sun/tools/javac/util/List$2 <init> (Lcom/sun/tools/javac/util/List;)V 15 6 0 java/lang/Object <init> ()V 13 25 0 com/sun/tools/javac/util/List size ()I 14 1 0 com/sun/tools/javac/util/List length ()I 12 1 0 java/util/ArrayList$ArrayListSpliterator characteristics ()I 12 19 0 java/util/ArrayList$ArrayListSpliterator estimateSize ()J 11 25 0 java/util/stream/Sink$ChainedReference begin (J)V 12 5 0 java/util/stream/Sink begin (J)V 11 38 0 java/util/stream/Sink$ChainedReference end ()V 12 4 0 java/util/stream/Sink end ()V 11 38 0 java/util/stream/Nodes$SpinedNodeBuilder end ()V 11 49 0 java/util/stream/AbstractPipeline copyIntoWithCancel (Ljava/util/stream/Sink;Ljava/util/Spliterator;)Z 12 19 0 java/util/Spliterator getExactSizeIfKnown ()J 13 1 0 java/util/Spliterators$IteratorSpliterator characteristics ()I 13 19 0 java/util/Spliterators$IteratorSpliterator estimateSize ()J 14 12 0 com/sun/tools/javac/util/List iterator ()Ljava/util/Iterator; 15 7 0 com/sun/tools/javac/util/Iterators emptyIterator ()Ljava/util/Iterator; 15 16 0 com/sun/tools/javac/util/List$2 <init> (Lcom/sun/tools/javac/util/List;)V 16 6 0 java/lang/Object <init> ()V 14 25 0 com/sun/tools/javac/util/List size ()I 15 1 0 com/sun/tools/javac/util/List length ()I 12 24 0 java/util/stream/Sink$ChainedReference begin (J)V 13 5 0 java/util/stream/Sink begin (J)V 12 32 0 java/util/stream/ReferencePipeline forEachWithCancel (Ljava/util/Spliterator;Ljava/util/stream/Sink;)Z 13 1 0 java/util/stream/Sink$ChainedReference cancellationRequested ()Z 13 13 0 java/util/Spliterators$IteratorSpliterator tryAdvance (Ljava/util/function/Consumer;)Z 14 50 0 com/sun/tools/javac/util/List$2 hasNext ()Z 14 50 0 java/util/Collections$EmptyIterator hasNext ()Z 14 63 0 com/sun/tools/javac/util/List$2 next ()Ljava/lang/Object; 14 68 0 java/util/stream/ReferencePipeline$3$1 accept (Ljava/lang/Object;)V 15 12 0  @bci com/sun/tools/javac/code/Symtab lookupPackage (Lcom/sun/tools/javac/code/Symbol$ModuleSymbol;Lcom/sun/tools/javac/util/Name;Z)Lcom/sun/tools/javac/code/Symbol$PackageSymbol; 101 <appendix> argL0 ; apply (Ljava/lang/Object;)Ljava/lang/Object; 16 4 0 com/sun/tools/javac/code/Symtab lambda$lookupPackage$1 (Lcom/sun/tools/javac/code/Directive$RequiresDirective;)Lcom/sun/tools/javac/code/Symbol$ModuleSymbol; 15 12 0  @bci jdk/internal/jrtfs/JrtFileSystem iteratorOf (Ljdk/internal/jrtfs/JrtPath;Ljava/nio/file/DirectoryStream$Filter;)Ljava/util/Iterator; 71 <appendix> member <vmtarget> ; apply (Ljava/lang/Object;)Ljava/lang/Object; 16 12 0 jdk/internal/jrtfs/JrtFileSystem lambda$iteratorOf$2 (Ljdk/internal/jrtfs/JrtPath;Ljdk/internal/jimage/ImageReader$Node;)Ljava/nio/file/Path; 17 7 0 jdk/internal/jimage/ImageReader$Node getNameString ()Ljava/lang/String; 15 17 0 java/util/stream/MatchOps$1MatchSink accept (Ljava/lang/Object;)V 16 12 0  @bci com/sun/tools/javac/code/Symtab lookupPackage (Lcom/sun/tools/javac/code/Symbol$ModuleSymbol;Lcom/sun/tools/javac/util/Name;Z)Lcom/sun/tools/javac/code/Symbol$PackageSymbol; 112 <appendix> member <vmtarget> ; test (Ljava/lang/Object;)Z 15 17 0 java/util/stream/ReferencePipeline$2$1 accept (Ljava/lang/Object;)V 16 21 0  @bci java/util/stream/StreamSpliterators$WrappingSpliterator initPartialTraversalState ()V 24 <appendix> member <vmtarget> ; accept (Ljava/lang/Object;)V 16 21 0 java/util/stream/FindOps$FindSink accept (Ljava/lang/Object;)V 12 38 0 java/util/stream/Sink$ChainedReference end ()V 13 4 0 java/util/stream/Sink end ()V 9 20 0 java/util/stream/MatchOps$BooleanTerminalSink getAndClearState ()Z 9 23 0 java/lang/Boolean valueOf (Z)Ljava/lang/Boolean; 6 14 0 java/lang/Boolean booleanValue ()Z 3 16 0 com/sun/tools/javac/util/Assert checkNonNull (Ljava/lang/Object;)Ljava/lang/Object; 3 24 0 com/sun/tools/javac/util/Assert checkNonNull (Ljava/lang/Object;)Ljava/lang/Object; 3 34 0 com/sun/tools/javac/code/Symtab getClass (Lcom/sun/tools/javac/code/Symbol$ModuleSymbol;Lcom/sun/tools/javac/util/Name;)Lcom/sun/tools/javac/code/Symbol$ClassSymbol; 4 3 0 java/util/Objects requireNonNull (Ljava/lang/Object;)Ljava/lang/Object; 4 7 0 java/lang/invoke/Invokers$Holder linkToTargetMethod (Ljava/lang/Object;Ljava/lang/Object;)Ljava/lang/Object; 5 5 0 java/lang/invoke/DirectMethodHandle$Holder newInvokeSpecial (Ljava/lang/Object;Ljava/lang/Object;)Ljava/lang/Object; 6 1 0 java/lang/invoke/DirectMethodHandle allocateInstance (Ljava/lang/Object;)Ljava/lang/Object; 6 6 0 java/lang/invoke/DirectMethodHandle constructorMethod (Ljava/lang/Object;)Ljava/lang/Object; 6 16 0  @bci com/sun/tools/javac/code/Symtab getClass (Lcom/sun/tools/javac/code/Symbol$ModuleSymbol;Lcom/sun/tools/javac/util/Name;)Lcom/sun/tools/javac/code/Symbol$ClassSymbol; 7 <appendix> member <vmtarget> ; <init> (Lcom/sun/tools/javac/util/Name;)V 7 1 0 java/lang/Object <init> ()V 4 12 0 com/sun/tools/javac/util/Assert checkNonNull (Ljava/lang/Object;Ljava/util/function/Supplier;)Ljava/lang/Object; 4 21 0 java/util/Collections emptyMap ()Ljava/util/Map; 4 24 0 java/util/HashMap getOrDefault (Ljava/lang/Object;Ljava/lang/Object;)Ljava/lang/Object; 5 2 0 java/util/HashMap getNode (Ljava/lang/Object;)Ljava/util/HashMap$Node; 6 23 0 java/util/HashMap hash (Ljava/lang/Object;)I 7 9 0 com/sun/tools/javac/util/SharedNameTable$NameImpl hashCode ()I 4 33 0 java/util/HashMap get (Ljava/lang/Object;)Ljava/lang/Object; 5 2 0 java/util/HashMap getNode (Ljava/lang/Object;)Ljava/util/HashMap$Node; 6 23 0 java/util/HashMap hash (Ljava/lang/Object;)I 6 63 0 java/lang/Object equals (Ljava/lang/Object;)Z 6 128 0 java/lang/Object equals (Ljava/lang/Object;)Z 4 33 0 java/util/Collections$EmptyMap get (Ljava/lang/Object;)Ljava/lang/Object; 3 46 0 com/sun/tools/javac/util/Convert shortName (Lcom/sun/tools/javac/util/Name;)Lcom/sun/tools/javac/util/Name; 4 10 0 com/sun/tools/javac/util/SharedNameTable$NameImpl getByteLength ()I 3 50 0 com/sun/tools/javac/code/Symtab defineClass (Lcom/sun/tools/javac/util/Name;Lcom/sun/tools/javac/code/Symbol;)Lcom/sun/tools/javac/code/Symbol$ClassSymbol; 4 7 0 com/sun/tools/javac/code/Symbol$ClassSymbol <init> (JLcom/sun/tools/javac/util/Name;Lcom/sun/tools/javac/code/Symbol;)V 5 12 0 com/sun/tools/javac/code/Type$ClassType <init> (Lcom/sun/tools/javac/code/Type;Lcom/sun/tools/javac/util/List;Lcom/sun/tools/javac/code/Symbol$TypeSymbol;)V 6 4 0 com/sun/tools/javac/util/List nil ()Lcom/sun/tools/javac/util/List; 6 7 0 com/sun/tools/javac/code/Type$ClassType <init> (Lcom/sun/tools/javac/code/Type;Lcom/sun/tools/javac/util/List;Lcom/sun/tools/javac/code/Symbol$TypeSymbol;Lcom/sun/tools/javac/util/List;)V 7 4 0 com/sun/tools/javac/code/Type <init> (Lcom/sun/tools/javac/code/Symbol$TypeSymbol;Lcom/sun/tools/javac/util/List;)V 8 1 0 com/sun/tools/javac/code/AnnoConstruct <init> ()V 9 1 0 java/lang/Object <init> ()V 8 5 0 com/sun/tools/javac/util/Assert checkNonNull (Ljava/lang/Object;)Ljava/lang/Object; 5 17 0 com/sun/tools/javac/code/Symbol$ClassSymbol <init> (JLcom/sun/tools/javac/util/Name;Lcom/sun/tools/javac/code/Type;Lcom/sun/tools/javac/code/Symbol;)V 6 10 0 com/sun/tools/javac/code/Symbol$TypeSymbol <init> (Lcom/sun/tools/javac/code/Kinds$Kind;JLcom/sun/tools/javac/util/Name;Lcom/sun/tools/javac/code/Type;Lcom/sun/tools/javac/code/Symbol;)V 7 9 0 com/sun/tools/javac/code/Symbol <init> (Lcom/sun/tools/javac/code/Kinds$Kind;JLcom/sun/tools/javac/util/Name;Lcom/sun/tools/javac/code/Type;Lcom/sun/tools/javac/code/Symbol;)V 8 1 0 com/sun/tools/javac/code/AnnoConstruct <init> ()V 9 1 0 java/lang/Object <init> ()V 6 14 0 com/sun/tools/javac/util/List nil ()Lcom/sun/tools/javac/util/List; 6 34 0 com/sun/tools/javac/code/Symbol$TypeSymbol formFullName (Lcom/sun/tools/javac/util/Name;Lcom/sun/tools/javac/code/Symbol;)Lcom/sun/tools/javac/util/Name; 7 23 0 com/sun/tools/javac/code/Kinds$Kind matches (Lcom/sun/tools/javac/code/Kinds$KindSelector;)Z 8 5 0 com/sun/tools/javac/code/Kinds$KindSelector contains (Lcom/sun/tools/javac/code/Kinds$KindSelector;)Z 7 46 0 com/sun/tools/javac/code/Type hasTag (Lcom/sun/tools/javac/code/TypeTag;)Z 8 2 0 com/sun/tools/javac/code/Type$ClassType getTag ()Lcom/sun/tools/javac/code/TypeTag; 7 55 0 com/sun/tools/javac/code/Symbol$PackageSymbol getQualifiedName ()Lcom/sun/tools/javac/util/Name; 7 83 0 com/sun/tools/javac/util/Name append (CLcom/sun/tools/javac/util/Name;)Lcom/sun/tools/javac/util/Name; 8 1 0 com/sun/tools/javac/util/SharedNameTable$NameImpl getByteLength ()I 8 9 0 com/sun/tools/javac/util/SharedNameTable$NameImpl getByteLength ()I 8 21 0 com/sun/tools/javac/util/Name getBytes ([BI)V 9 1 0 com/sun/tools/javac/util/SharedNameTable$NameImpl getByteArray ()[B 9 5 0 com/sun/tools/javac/util/SharedNameTable$NameImpl getByteOffset ()I 9 11 0 com/sun/tools/javac/util/SharedNameTable$NameImpl getByteLength ()I 8 36 0 com/sun/tools/javac/util/Name getBytes ([BI)V 9 1 0 com/sun/tools/javac/util/SharedNameTable$NameImpl getByteArray ()[B 9 5 0 com/sun/tools/javac/util/SharedNameTable$NameImpl getByteOffset ()I 9 11 0 com/sun/tools/javac/util/SharedNameTable$NameImpl getByteLength ()I 6 44 0 com/sun/tools/javac/code/Symbol$TypeSymbol formFlatName (Lcom/sun/tools/javac/util/Name;Lcom/sun/tools/javac/code/Symbol;)Lcom/sun/tools/javac/util/Name; 7 11 0 com/sun/tools/javac/code/Kinds$Kind matches (Lcom/sun/tools/javac/code/Kinds$KindSelector;)Z 8 5 0 com/sun/tools/javac/code/Kinds$KindSelector contains (Lcom/sun/tools/javac/code/Kinds$KindSelector;)Z 7 34 0 com/sun/tools/javac/code/Type hasTag (Lcom/sun/tools/javac/code/TypeTag;)Z 8 2 0 com/sun/tools/javac/code/Type$ClassType getTag ()Lcom/sun/tools/javac/code/TypeTag; 7 61 0 com/sun/tools/javac/code/Symbol flatName ()Lcom/sun/tools/javac/util/Name; 8 1 0 com/sun/tools/javac/code/Symbol$PackageSymbol getQualifiedName ()Lcom/sun/tools/javac/util/Name; 7 88 0 com/sun/tools/javac/util/Name append (CLcom/sun/tools/javac/util/Name;)Lcom/sun/tools/javac/util/Name; 8 1 0 com/sun/tools/javac/util/SharedNameTable$NameImpl getByteLength ()I 8 9 0 com/sun/tools/javac/util/SharedNameTable$NameImpl getByteLength ()I 8 21 0 com/sun/tools/javac/util/Name getBytes ([BI)V 9 1 0 com/sun/tools/javac/util/SharedNameTable$NameImpl getByteArray ()[B 9 5 0 com/sun/tools/javac/util/SharedNameTable$NameImpl getByteOffset ()I 9 11 0 com/sun/tools/javac/util/SharedNameTable$NameImpl getByteLength ()I 8 36 0 com/sun/tools/javac/util/Name getBytes ([BI)V 9 1 0 com/sun/tools/javac/util/SharedNameTable$NameImpl getByteArray ()[B 9 5 0 com/sun/tools/javac/util/SharedNameTable$NameImpl getByteOffset ()I 9 11 0 com/sun/tools/javac/util/SharedNameTable$NameImpl getByteLength ()I 6 61 0 com/sun/tools/javac/comp/Annotate$AnnotationTypeMetadata notAnAnnotationType ()Lcom/sun/tools/javac/comp/Annotate$AnnotationTypeMetadata; 6 72 0 java/util/ArrayList <init> ()V 7 1 0 java/util/AbstractList <init> ()V 8 1 0 java/util/AbstractCollection <init> ()V 9 1 0 java/lang/Object <init> ()V
